commento;valutazione;tossicita;tipo_tossicita;age_group;gender;utente_id
is this a satire subreddit?;Non toxic;0;0;1;1;1
Dayum.;Non toxic;0;0;1;1;1
And they wouldn’t be scrubbing the floors if they weren’t employed.;Non toxic;0;0;1;1;1
Good point. I mean does Nebraska really exist? You ever met someone from Nebraska?;Non toxic;0;0;1;1;1
or a yuumi/nami/lulu/zilean/ any enhancer plays on his team.;Non toxic;0;0;1;1;1
Stupid southerners stole it from the Greeks, who were not racist only homophobic.;A little racist;1;1;1;1;1
You can tell when the melons know they fucked up when they start making moral equivocations with the ***fucking nazis*** and ***white supremacists***;A little racist;1;1;1;1;1
"just pray they don't find ""THIS NIGGAS A SANDWICH""";A little racist;1;1;1;1;1
Nigga this stuff is such a bad example of good d1 armour that’s some bland shit if I’ve ever seen it;Racist;2;1;1;1;1
"""if you don't suck dick, you're gay""";Racist;2;1;1;1;1
"I sure do love it when privileged fucks go on about how everyone else is privileged.

please go tell the Black families whose family members were blackbagged or assassinated after Ferguson under President Obama how they are all ""privileged"" for saying it's no different than when Republicans did the same.

please go tell all the Hispanic families that were torn apart by Obama's anti-immigration policies how they are all ""privileged"" for saying it's no different than when Republicans did the same.

please go tell all the Muslim families that have been displaced and murdered by the continuation of the illegal wars in the Middle East that Obama not only failed to exit from but put even more troops in how they are all ""privileged""  for saying it's no different than when Republicans did the same.

in reality, only a white person could say the shit you say and actually think you are helping by going ""durrrr it ganna be bettur for everyone without drumpf."" He didnt build the concentration camps, he didnt militarize sports, he didnt give military hardware to the police: Democrats did that shit (and in Biden's case, he LITERALLY SPONSORED THE FUCKING BILL THAT MILITARIZED THE POLICE). And that is literally my point shitbird, the corporate centrists enabled all of this to happen, but you useless meatbags are only upset when they toss the keys to a fascist and they predictably utilize literally all the tools that corporate centrists created.

take all the fucking seats you waste of hot air. none of you brunch libs gave a SHIT about the marginalized until a Republican was in charge. And now that a Democrat is heading back to the White House, your brunch plans are back on and your weekend, permit-only protests are over. Meanwhile, the marginalized people (that you claim to care about) are going to continue to be persecuted, harassed, displaced, and murdered because the extent of your political discourse is ""orange man bad.""";A little harassing;1;2;1;1;1
Hey look, a fascist lying out their ass. Big surprise.;Harassing;2;2;1;1;1
Just grab a few and run away.  Fuck that guy.;A little harassing;1;2;1;1;1
Was that idiot doubting that the Nazis started WW2?;A little harassing;1;2;1;1;1
That dumbass needs to brush more than once a month.;A little harassing;1;2;1;1;1
"&gt; If Trump wins this election, he will almost certainly be able to pick another judge for the Supreme Court, tilting it even farther in favour of Republicans. This could be disastrous for the US for decades.

Counterpoint: If Biden wins this election, he will almost certainly be able to pick another judge for the Supreme Court, tilting it even farther in favour of Republicans. This could be disastrous for the US for decades.

This fact is irrelevant however because he won't win. He's a jibbering old wimp, a braindead geriatric, and a born loser and Trump will absolutely dogwalk him in front of a live national television audience. That old racist, raping, kiddie-fondling fuck is going to bullied and broke until he cries literal tears on stage and we're all going to watch it happen.

&gt; ...you do not have the moral high ground...

I don't give a fuck about the moral high ground. I'm not going to vote for any rapist.";Vulgar;2;3;1;1;1
Why would you steal shit made in China?;A little vulgar;1;3;1;1;1
"and y'all traded demar; that's just how this shit works, sadly";A little vulgar;1;3;1;1;1
Words have set definitions. I know your cult has taught you they don't and that some definitions are culturally constructed or some shit, but that's bullshit.;A little vulgar;1;3;1;1;1
Oh hell no. That cat is my baby. I was giving him a bath one time and he was panicking, and went into a fit just laying there meowing. I thought I had hurt him and fucking panicked. Turns out he was just being dramatic and was acting out. As soon as I let him off the leash he got up and ran away looking at me hateful.;Vulgar;2;3;1;1;1
Think carefully. Accuse me of raping kids and I'm gonna rape you like I did all those kids.;Extremely violent;3;4;1;1;1
Maybe someone should choke you and your immediate family to death, see how you like it;Extremely violent;3;4;1;1;1
I will murder your family friend!;Extremely violent;3;4;1;1;1
Eww, refer to me as a disgusting subhuman Celt again and I'll blood eagle your mother.;Extremely violent;3;4;1;1;1
And then he rapes you;Extremely violent;3;4;1;1;1
Its piss easy to get CC in this game. People are literally complaining about a non issue;Non toxic;0;0;1;0;2
"jreg is centrist??

no but it’s been obvious ever since the first rap battle";A little toxic;1;0;1;0;2
Yep and election Joe Biden isn't going to fundamentally change a thing.;Non toxic;0;0;1;0;2
"I read about some ape or gorilla or something, i forget, that knew sign language and he invented compound words for things like ""water chicken"" to refer to ducks";Non toxic;0;0;1;0;2
Mmm lemon flavor;Non toxic;0;0;1;0;2
Niggardly;A little racist;1;1;1;0;2
Nazi punk fuck off;Racist;2;1;1;0;2
"Pakistanis blindly follow Islam, shit on Hindus Buddists and Sikhs for 'worshipping statues', and praise the Mughal Empire.

Without knowing that their ancestors were Hindus, Buddists and Sikhs who were oppressed, subjugated and raped into Islam by the Mughals.";Racist;2;1;1;0;2
"“We need to rise up and kill the bourgeois! Death to capitalists! Punch white supremacists!”

“You can’t touch women! That is a woman! This is brutality! Whaaa!”";Racist;2;1;1;0;2
"Alright pulling out the Atwater.

&gt; Atwater: Y'all don't quote me on this. You start out in 1954 by saying, ""Nigger, nigger, nigger"". By 1968 you can't say ""nigger""—that hurts you. Backfires. So you say stuff like forced busing, states' rights and all that stuff. You're getting so abstract now [that] you're talking about cutting taxes, and all these things you're talking about are totally economic things and a byproduct of them is [that] blacks get hurt worse than whites. And subconsciously maybe that is part of it. I'm not saying that. But I'm saying that if it is getting that abstract, and that coded, that we are doing away with the racial problem one way or the other. You follow me—because obviously sitting around saying, ""We want to cut this"", is much more abstract than even the busing thing, and a hell of a lot more abstract than ""Nigger, nigger"". So, any way you look at it, race is coming on the back-burner.

You're the dupe. The schlamiel. The goober. The mark. The fool. The charlie. The nincompoop. The mooncalf. The ninny. The doofus.";Racist;2;1;1;0;2
Was that idiot doubting that the Nazis started WW2?;A little harassing;1;2;1;0;2
Like you wouldn't pass up the chance to fuck Shrek.;Harassing;2;2;1;0;2
Not fucking Reddit;A little harassing;1;2;1;0;2
Wtf? As a guy, I've never had anyone refuse to wear a condom. This is such an alien situation to me. Why are all these dudes so fucking dumb?;Harassing;2;2;1;0;2
Okay, so you're actually just a moron. Got it.;A little harassing;1;2;1;0;2
Are momma jokes deeply unsettling to people or something? I’m pretty sure no one would give a shit.;Vulgar;2;3;1;0;2
I'd say your tongue looks like an ass but it applies to your entire face.;Vulgar;2;3;1;0;2
OP is the real piece of shit for making up a story about some random person so they can post it on reddit;A little vulgar;1;3;1;0;2
"EVERYONE is doing knee-jerk patriotic ""thank u 4 ur service"" virtue posts right now because orange man bad. It's like the people who shit on Trump for being a draft dodger. Like, fuck him, but I'm not going to fault anyone who didn't want to die in Vietnam. Instead of kissing the asses of the public military figures, maybe we should spend this time talking about how predatory recruiters lurk around poor schools and are now trying to get gamers to enlist.";Extremely vulgar;3;3;1;0;2
They did the same thing to Ron Paul. Glad the other side can see some of the bullshit now.;A little vulgar;1;3;1;0;2
Yes, but I’ll be shot for being considered a liberal after a glorious global communism is established, and you’ll be shot very early on in the process because you’ll be playing with your dads handgun and accidentally shoot your dick off and bleed out.;Extremely violent;3;4;1;0;2
Lol i hope all your white imperialist shit holes burn in hell.;A little violent;1;4;1;0;2
You literally used n***** a bunch of times in your account you deserve to be shot;Violent;2;4;1;0;2
"Chuds: Don't punch Nazis

Also Chuds: If someone was stealing from my car I will murder them.";Extremely violent;3;4;1;0;2
we are going to kill every santa denier;Extremely violent;3;4;1;0;2
Right. I recall that now.;Non toxic;0;0;2;0;3
is this a satire subreddit?;Non toxic;0;0;2;0;3
America is the only other country! /s;Non toxic;0;0;2;0;3
Uh why do you need computers to use snapchat lol;Non toxic;0;0;2;0;3
[based](https://www.lewrockwell.com/2006/12/hans-hermann-hoppe/reflections-on-state-and-war/);Non toxic;0;0;2;0;3
In the full video the people in the car are yelling “fuck white people” and the white guy on the bike says fuck you back. They get out and jump him. Somehow Reddit manages to spin this as “white racist gets what he deserves”. It’s pretty disgusting;A little racist;1;1;2;0;3
Let me guess, you want a third world country to take over China and have all Asian girls and women to have relationships and sex with white men and make  all Asian men single. Fuck you;A little racist;1;1;2;0;3
"&gt; anti-semitic Israel

lol... fuck off nazi";A little racist;1;1;2;0;3
"Spoiled rotten, lazy as fuck, white liberal bitches telling a based Black woman she can’t drive down the street. 

Get the FUCK out of the road, you stupid white fucks.";Racist;2;1;2;0;3
Shut the fuck up, white people. God I'm sick of seeing your pasty asses being offended for the rest of the planet. SHUT THE FUCK UP. Go home. Nobody likes you. Not even your own people like you.;Racist;2;1;2;0;3
Wtf? As a guy, I've never had anyone refuse to wear a condom. This is such an alien situation to me. Why are all these dudes so fucking dumb?;Harassing;2;2;2;0;3
Hey look, a fascist lying out their ass. Big surprise.;Harassing;2;2;2;0;3
"If you and the 5 butt nuggets hugging 3 inches off your ass behind you don't provide any room to enter then zoom zoom motherfucker.

A lot of onramps are short basically meaning that you need to gun it to enter the freeway and merge at a safe speed.

Similarly if you are entering the freeway at 30 miles per hour I am not staying the fuck behind you and getting splattered all over the back of your car by a semi truck. (motorcyclist)";A little harassing;1;2;2;0;3
I bet you’re stupid enough to grab another persons gun barrel.;Harassing;2;2;2;0;3
You realize that people feel this way because whites are so racist, right? You probably wouldn’t understand that though. Alt-right asshole.;A little harassing;1;2;2;0;3
Funny how police need to deal with people on drugs regularly, but seem to fuck it up. Like maybe they could do with training for situations they are likely to encounter.;Vulgar;2;3;2;0;3
That’s a pretty crap brothel;Vulgar;2;3;2;0;3
Shit's getting bad, but the US gov ain't going anywhere, friend. Rome took more than a thousand years to fully collapse.;A little vulgar;1;3;2;0;3
"How hard is it for you people to get that it’s always been Best Actor and Best Actress, and that’s OK. NO ONE is getting hurt by that. But you wanna get all up in your feelings about gender and make sure that we don’t talk about men Vs. women or male vs. female, just to make sure that nobody gets their “multi-gendered” feelings hurt. It’s all for attention...

Edit: I know what the fuck gender neutral means. This has nothing tondo with me not knowing what it means, shit bird.";A little vulgar;1;3;2;0;3
Lol I was with you till that last part. Absolute clown shit.;A little vulgar;1;3;2;0;3
Killing yourself with the intent to kill yourself;Violent;2;4;2;0;3
"When you raid: ""You're ugly, you're disgusting, I'm going to kill you. Give me 200 dollars.""";Extremely violent;3;4;2;0;3
Surrender your testicles within 30 seconds or we will open fire;Extremely violent;3;4;2;0;3
I hope he burns in hell.;Extremely violent;3;4;2;0;3
They deserve to go to jail.;A little violent;1;4;2;0;3
Just about everything. The only things I’ve really kept is all knowledge from all of my business classes, different formulas from math I use with business, and some science. That’s it. I’ll admit something’s are usual, mostly the stuff you’ll learn in college, besides that most stuff isn’t.;Non toxic;0;0;2;0;4
Ronan;Non toxic;0;0;2;0;4
Neither has Biden.;Non toxic;0;0;2;0;4
[Stay away from Fort Pillow though](https://en.wikipedia.org/wiki/Battle_of_Fort_Pillow)!;Non toxic;0;0;2;0;4
The devs of the game corroborated that Alec was an abuser. They experienced abuse from him for years during development. The game almost didn’t get released because of Alec and Scott is still facing PTSD from those years.;Non toxic;0;0;2;0;4
Well then masterbating is also gay. And by that logic, simply touching your penis is gay, even while peeing. If touching your penis is gay, you’re gay, because your penis is attached to you, hence you’re always touching your penis. Thusly, as clearly most men are not gay, masterbating cannot be gay, therefore sucking your own dick also cannot be gay.;Racist;2;1;2;0;4
"blackpeopletwitter: ""fuck white people""

whitepeopletwitter: ""fuck white people""";Racist;2;1;2;0;4
Who's cumtown nigga?;Racist;2;1;2;0;4
Bruh China sucks major ass. Sending all their minorities to *reeducation* camps;Racist;2;1;2;0;4
dear retard, ur gay gay gay gay gay  ugly and I hate you, consider uninstalling 01111001 01101111 01110101 01110010 00100000 01101100 01101001 01100110 01100101 00101110 01100101 01111000 01100101 00100000 01101001 01101101 01101101 01100101 01100100 01101001 01100001 01110100 01100101 01101100 01111001 00100000 01100101 01101110 01100100 00100000 01110000 01110010 01101111 01100011 01100101 01110011 01110011 00101100 00100000 01111001 01101111 01110101 00100000 01100110 01110101 01100011 01101011 01101001 01101110 01100111 00100000 01110010 01100101 01110100 01100001 01110010 01100100 00101110;Racist;2;1;2;0;4
"No, you want him ""called out"" for being ""selfish"" for wanting to improve his life and trying to incite others to do so you shitty little busybody. Fuck off and try improving your own life and stop worrying about everyone else. Invest in your own life and you'll do better for yourself.";A little harassing;1;2;2;0;4
"Bernie is old as shit, he’s going to retire soon, yet he still tows the party line. He’s on his way out; he should be calling out the party, yet he won’t. Fucking pathetic.";Harassing;2;2;2;0;4
He literally didn't murder anyone.  Please look up the definition of murder.  Christ, you're a moron.;A little harassing;1;2;2;0;4
Chad I dig you. Big fan- But you are being a moron and Bisbing would smash the shit out of you.;A little harassing;1;2;2;0;4
And you slit it's throat when the animals live do fuck off;A little harassing;1;2;2;0;4
"I had a customer ask me to get her the 4th of 3 diet 7up (soooo healthy) as she coughed without her mask. And ask if we took down the mandatory mask policy (cops never enforced it)

We’re fucked.";Non vulgar;0;3;2;0;4
"...who?

wait, they're not on about that goddamned baby show are they? Oh dios mio.";Non vulgar;0;3;2;0;4
Are momma jokes deeply unsettling to people or something? I’m pretty sure no one would give a shit.;A little vulgar;1;3;2;0;4
"They really do. They got caught trying to naked short 140% of the float, which is technically illegal, and people caught onto it. Instead of rushing at the begining of this week to un-fuck himself Andy Left said he wasn't swayed and was stickin to his guns (which amounted to about a $3B loss), but basic research this morning showed most of those calls were still naked. 

He went on yesterday to tell CNBC he's covered *most* of those calls w/ $90 shares to the tune of another multi-billion loss, but the research says there's still a ton of uncovered ones.

The little guys called him on some bullshit he can't talk his way out of, and he'll be in the fuckin' soup line by Valentines Day because of it.";Non vulgar;0;3;2;0;4
Libertarian Asshole Billionaire Does Libertarian Asshole Billionaire things. News at 11.;A little vulgar;1;3;2;0;4
Kill them. Kill them now;Extremely violent;3;4;2;0;4
I hope you go to prison when you inevitably kill an innocent protestor by plowing your car thru them;A little violent;1;4;2;0;4
First you need to murder all your family and friends;Extremely violent;3;4;2;0;4
They will kill you.;Extremely violent;3;4;2;0;4
You are sentenced to death for being a femboy;A little violent;1;4;2;0;4
Posted in r/tumblr;Non toxic;0;0;1;1;5
"Yeah I've heard it's anywhere between 10-20%

Not exactly good odds, though. Basically a dice roll.";Non toxic;0;0;1;1;5
Noice;Non toxic;0;0;1;1;5
Neither has Biden.;Non toxic;0;0;1;1;5
Ok.;Non toxic;0;0;1;1;5
They are homosexual extremists.;Racist;2;1;1;1;5
You are morally gay;Racist;2;1;1;1;5
Traps are gay.;Extremely racist;3;1;1;1;5
Okay, so you’re a gay dude with a boring hobby and bad politics who follows a transphobic evangelical Christian. Doesn’t mean you can’t still fuck a knife vagina. Vaginas can belong to men or women, after all. Make a knife dick for all I care, man.;Extremely racist;3;1;1;1;5
"What about kicking a gay man in the head, knocking his teeth out and yelling “Black Lives Matter Fa**ot!”?

What about a man kneeling on the neck of a white baby while shouting BLM?

It’s on video. Defend that. 
Oh right, white babies are born White Supremacists. Robin DiAngelo said so. 

It’s time for everyone to go home and calm the fuck down.";Extremely racist;3;1;1;1;5
"&gt;dont fuck around with kratom

&gt;dont fuck around with kratom while being a junkie";Harassing;2;2;1;1;5
????? Moron;A little harassing;1;2;1;1;5
If you're gonna act like your fucking opposites then what's the point of this fucking shit anymore? Just drop the god damn facade and get this cold civil war hot already;Harassing;2;2;1;1;5
"No, you want him ""called out"" for being ""selfish"" for wanting to improve his life and trying to incite others to do so you shitty little busybody. Fuck off and try improving your own life and stop worrying about everyone else. Invest in your own life and you'll do better for yourself.";A little harassing;1;2;1;1;5
"#ALL COPS ARE BASTARDS

Don't you bootlick them";Non harassing;0;2;1;1;5
we do sacrifices and blood and shit?;A little vulgar;1;3;1;1;5
It’s because they weren’t welcome at their local ren fair when they started unironically spouting racist crusader bullshit.;Non vulgar;0;3;1;1;5
PayPal is still assho;A little vulgar;1;3;1;1;5
You're a brave one for shitting at school, they're stupid for having sex at school;A little vulgar;1;3;1;1;5
Imagine pretty much making the KKK irrelevant only to create your own shitty kmart knockoff.;A little vulgar;1;3;1;1;5
OI YA SHAMEFUL GITZ! IT IZ PRONONCE! SAY IT RIGHT NEXT ‘IME! DO IT OR I’LL BLAST YA HEAD OFF WITH MY SHOOTA!;Violent;2;4;1;1;5
Get a UTI and you’ll pee blood;A little violent;1;4;1;1;5
They’re gonna get killed in prison;A little violent;1;4;1;1;5
"Republicans tear apart unions every chance they get and spit in labor rights and workers every chance they get

They’re all duplicitous and pretend to be on your side so they can stab you in the back with your own knife";Extremely violent;3;4;1;1;5
we'll kill him last;Extremely violent;3;4;1;1;5
Just about everything. The only things I’ve really kept is all knowledge from all of my business classes, different formulas from math I use with business, and some science. That’s it. I’ll admit something’s are usual, mostly the stuff you’ll learn in college, besides that most stuff isn’t.;Non toxic;0;0;1;1;6
RemindMe! 5 days;A little toxic;1;0;1;1;6
I don’t care that people don’t agree with me, genius.;Toxic;2;0;1;1;6
Is that a Chinese finger trap like a toy for kids?;Toxic;2;0;1;1;6
"That’s a common myth. You can add weight and do the same exact basic movements.

Calisthenics are as complex as you make it. All I do is variations of pullups/rows/dips/pushups/legs and add more weight every week.";A little toxic;1;0;1;1;6
Traps are gay.;Extremely racist;3;1;1;1;6
Traps are gay.;Extremely racist;3;1;1;1;6
Black supremacists lol what a dumbfuck;Extremely racist;3;1;1;1;6
"Feminists be like: ew old white men in politics fuck off 

Also feminists: yaaaas more white women in politics";Racist;2;1;1;1;6
If you are masturbating during it's extra gay since you're touching a dick;Extremely racist;3;1;1;1;6
Probably because most of parliament are landlords, the bastards.;Harassing;2;2;1;1;6
Those fuckers knew they were postive and still went.;Harassing;2;2;1;1;6
Coyotes don’t fuck with pigs?;Harassing;2;2;1;1;6
CENSOR THE G WORD MOTHERFUCKER;Harassing;2;2;1;1;6
Fuck trump but also ..stop wasting time on stupid bullshit like this.;A little harassing;1;2;1;1;6
Shit I forgot sorry lol tomorrow ok or you need me to get on real fast?;Non vulgar;0;3;1;1;6
I'm downvoting you cause you're being a bitch. Wanting sport to be apolitical while grandstanding about your personal politics is laughable.;Vulgar;2;3;1;1;6
"That doesn't make any sense. Are you saying singular they is a problem for when you genuinely don't know someone's gender? That is a genuine problem with English linguistics.

While it concerns pronouns its a different problem than someone demanding you refer to them other than you know them to be.

I don't know who the artist is at all. I know all I need to know. They fucking suck.

I don't need to know their pronouns nor do I give a shit. You running around telling people what pronouns to use or not use. Check yourself.";A little vulgar;1;3;1;1;6
"Guys...you know this is staged right?

Like...these are rehearsed lines and shit.";A little vulgar;1;3;1;1;6
"I hate to say it, but relying on allies seems like a reasonable plan. They aren't going to attack Australia, and being able to project power much further is very expensive, too expensive for a peaceful nation.

But Kiwi troops have always been ready and capable to help their allies. It's like saying ""me and the boys will fuck some shit up with you, but you gotta give us a ride.""";A little vulgar;1;3;1;1;6
They should be burned alive.;Extremely violent;3;4;1;1;6
pedo die die die;Extremely violent;3;4;1;1;6
I will murder your family friend!;Extremely violent;3;4;1;1;6
To rape and murder whoever they please;Extremely violent;3;4;1;1;6
"No sympathy for him. Imo he should face the same fate he gave - if you’re old enough to kill, you’re old enough to be killed.

Death to all fascists.";Extremely violent;3;4;1;1;6
It's not a tab, it's his bookmarks bar.;Non toxic;0;0;1;1;7
"Post this on Indeed.com or try Transcription Essentials. You have to create an account on TE and be approved, but as long as you meet their minimum requirement of $1/audio minute, they will let you post the job on their message boards for free. 

If you have any sense of social responsibility DO NOT patronize Rev. It is a cyber sweatshop. As stated here, they pay their workers as low as 30 cents per audio minute ($18 per audio hour) where it takes at least 4 hours to transcribe an audio hour (industry average  for highly seasoned professional transcribers) so $4.50 an hour in wages, which is obviously unethical.

 There are other places that pay  in the $1/audio minute range. You can find a list on TE of companies as well that pay at least that much (not all companies are included on that list).";Non toxic;0;0;1;1;7
Also Sterilization Virus is unlikely to work. It’d be devastating, yes, but if they have the tech to make something like that, they’d likely also have the tech to use stored embryos and artificial wombs to start this whole mess back up.;Non toxic;0;0;1;1;7
I have it on console.;Non toxic;0;0;1;1;7
I have enough hearing about this guy.;A little toxic;1;0;1;1;7
Fuckin ghetto culture, may god strike down on the Jews in Hollywood who promote this shit.;Extremely racist;3;1;1;1;7
"Gay mafia.

You support homosex or you starve.";Extremely racist;3;1;1;1;7
She rules your gay;Racist;2;1;1;1;7
Probably because all the queer and ladyboy porn you order hurts the mail carrier's back? Just get your pictures of gaping gay assholes online, for free!;A little racist;1;1;1;1;7
Tf is this sub nigga;Extremely racist;3;1;1;1;7
"You know me so well. 

A) You're an idiot for confusing the personalities of the women you allegedly spent a few minutes near with their ability to show personality through performances.

B) You seem like a simp.";Non harassing;0;2;1;1;7
"I wish they kept the old minion-killing animations. 

Pikemen are fucking obnoxious. They take forever to kill and always gimp my executions at the last second.";Harassing;2;2;1;1;7
????? Moron;Extremely harassing;3;2;1;1;7
Like you wouldn't pass up the chance to fuck Shrek.;Extremely harassing;3;2;1;1;7
"What's wrong with Americans? They shit and piss and cry about raycisss cops killing 13%ers but when they witness it in person seems like all they'll do is film it for the twitter likes and calmly inform the cop ""that's not cool bro, u should probably stop killing him bro"".

I don't give a shit if it starts a race war, I'm tired of the fucking foreplay, just do something already. Literally a nation of NPC's why can't u just disappear";Harassing;2;2;1;1;7
"Tetris Effect is ~5GB, and it's got better and more varied graphics than Modern Warfare.

(Seriously, if you haven't played Tetris Effect, give it a shot. It's a fucking masterpiece of audio-visual art.)";A little vulgar;1;3;1;1;7
"Guys...you know this is staged right?

Like...these are rehearsed lines and shit.";Non vulgar;0;3;1;1;7
"&gt;With the UK's history of moving from monarchy to rule by the people and instilling rights and freedoms, I don't understand why you wouldn't trust them.

Lmao 
what the actual fuck.";Non vulgar;0;3;1;1;7
"I just see a lot of leftist subs keep cross posting from it being like ""wow why is this sub posting alt right propaganda"" as if nazis don't poison the well and infect everything they touch. Most people in that sub are hiding their power level and are not centrist.

If I'm honest I just don't want to have to unsub from leftist subs because I don't want my feed of leftists reacting to nazi content. I'm fucking tired of pcm";Non vulgar;0;3;1;1;7
"&gt;I'm not expecting any real response at all, because I'm fucking right.

Lol you didn't even respond to my reply. 

Do you think asians are genetically superior to white people? 

Anyways chill its 10pm and I want to enjoy my night and not make lengthy replys to every dumb racist talking point.";Non vulgar;0;3;1;1;7
Death to capitalism;Violent;2;4;1;1;7
"""They deserve to be annihilated"" and you deserve to be catfished";A little violent;1;4;1;1;7
Death to all wh*te people;Extremely violent;3;4;1;1;7
we'll kill him last;Extremely violent;3;4;1;1;7
Death to the Democratic party. Death to neoliberalism.;Extremely violent;3;4;1;1;7
"Post this on Indeed.com or try Transcription Essentials. You have to create an account on TE and be approved, but as long as you meet their minimum requirement of $1/audio minute, they will let you post the job on their message boards for free. 

If you have any sense of social responsibility DO NOT patronize Rev. It is a cyber sweatshop. As stated here, they pay their workers as low as 30 cents per audio minute ($18 per audio hour) where it takes at least 4 hours to transcribe an audio hour (industry average  for highly seasoned professional transcribers) so $4.50 an hour in wages, which is obviously unethical.

 There are other places that pay  in the $1/audio minute range. You can find a list on TE of companies as well that pay at least that much (not all companies are included on that list).";Non toxic;0;0;1;1;8
these are so cool;Non toxic;0;0;1;1;8
At least the marvelous misadventures of flapjack hasn't ended. I think that would kill me;Non toxic;0;0;1;1;8
Niste v vecini, samo sreco imate, da mladi ne volijo.;Non toxic;0;0;1;1;8
"I don't disagree with you but it is a valid point. Any time we have civil liberties erode, such as a government telling you when you can and can't open your business in the name of the public interest, those freedoms rarely revert back to the people. We never got back our civil liberties lost after 9/11. The government can still use the NSA to spy on you - that used to only happen in movies.

Don't take for granted that the government won't abuse its powers because there are numerous occasions it has. These are appropriate measures but it's citizens who have to stay on top to ensure they are not abused.";Non toxic;0;0;1;1;8
The one that confuses me the most is Slavic Nazis. They only thing hitler hated as much as Jews was fucking Slavs.;A little racist;1;1;1;1;8
Stfu you gAyTF IRS agent. This is America;Racist;2;1;1;1;8
Burnt like Jews;Racist;2;1;1;1;8
Black people have lost their fucking minds.;Racist;2;1;1;1;8
I mean everything expect being gay and murdering. The albums just a entire fucking bop;A little racist;1;1;1;1;8
They *were* a terrorist organization because of those acts, but now they're just assholes.;Non harassing;0;2;1;1;8
"It may not be the wrong choice for him, but that doesn't mean he isn't a POS for it.

""Fuck you I got mine"" is a piece of shit attitude.";A little harassing;1;2;1;1;8
"Bernie is old as shit, he’s going to retire soon, yet he still tows the party line. He’s on his way out; he should be calling out the party, yet he won’t. Fucking pathetic.";Harassing;2;2;1;1;8
"Yeah, Trump misses one vowel because his teleprompter is washed out and it's front page of reddit.

Biden invents his own fucking language and you shy your face like you accidentally saw up your great aunt's skirt.";A little harassing;1;2;1;1;8
A bunch of rich fucks who have never protested anything in their lives, and pathetic attendance in any case;Harassing;2;2;1;1;8
"&gt;I'm not expecting any real response at all, because I'm fucking right.

Lol you didn't even respond to my reply. 

Do you think asians are genetically superior to white people? 

Anyways chill its 10pm and I want to enjoy my night and not make lengthy replys to every dumb racist talking point.";A little vulgar;1;3;1;1;8
1st time a private bizness man with a multi-million buck portfolio that he acquired before public service. I would'nt want you to look at my shit either.;A little vulgar;1;3;1;1;8
Can jhin mains stop sucking off their champion for a moment;Extremely vulgar;3;3;1;1;8
I prefer At Dooms Gate, but this one is still fuckin awesome. A bit slower but still a great song to kick some ass to... except for the first section of the song where its extremely soft, but you get what I mean. 6/10;A little vulgar;1;3;1;1;8
"It has done remarkably well in the face of economic hardship and the US imperialist embargo, which even this article by the HRW (lol) calls ""misguided"". In the fucking title.";A little vulgar;1;3;1;1;8
Your entire family will be sacrificed to Satan;Violent;2;4;1;1;8
"Republicans tear apart unions every chance they get and spit in labor rights and workers every chance they get

They’re all duplicitous and pretend to be on your side so they can stab you in the back with your own knife";Violent;2;4;1;1;8
"Die

Die

or Die";Extremely violent;3;4;1;1;8
we are going to kill every santa denier;Extremely violent;3;4;1;1;8
Kill or be killed;Extremely violent;3;4;1;1;8
"In the Greek text it is two different translations... for example:

1 John 4:18 “Φόβος”  to be afraid...

1 Peter 2:17 “φοβεῖσθε,” to have great respect, revere...


If you’re going to try and find contradictions in the Bible at least go to the original texts.  It would clear a lot of misunderstandings.";A little toxic;1;0;1;0;9
Just about everything. The only things I’ve really kept is all knowledge from all of my business classes, different formulas from math I use with business, and some science. That’s it. I’ll admit something’s are usual, mostly the stuff you’ll learn in college, besides that most stuff isn’t.;Non toxic;0;0;1;0;9
This exactly. Rent-seeking. Read Henry George. Unlike Marx, his predictions actually come true and so long as you don't apply his principles, you'll wish they didn't.;Non toxic;0;0;1;0;9
Of cos it is you again;A little toxic;1;0;1;0;9
"&gt; Τραγική προσπαθεία να το γυρίσεις σε σεξιστικό. Δεν τσιμπάμε.

αλατόνερο και καλές, βαθιές γαργάρες

&gt; Πες μας σε ποιο σχολείο το πήγαινε το παιδί της

σε όποιο ιδιωτικό και να πήγε, θα μας το πείς για μασωνία, τώρα, ε;
&gt; Γιατί όχι δημόσιο και μετά να έχει κάποιον/α από τα λαϊκά στρώματα επι πληρωμης να το προσέχει μέχρι να γυρίσει σπίτι;

η γενική γραμματέας του ΚΚΕ να έχει νταντά, γιαβρή μου; και υπηρέτρια; 


αλατόνερο και καλές, βαθιές γαργάρες  x2";Non toxic;0;0;1;0;9
One of what, nigga? Speak up, don’t cut off yourself homes.;Racist;2;1;1;0;9
fucking anarchists in the 1800s were saying being gay is cool, god anarchists are ahead;Non racist;0;1;1;0;9
Calling black people apes is really fucking racist;Non racist;0;1;1;0;9
really nigga;A little racist;1;1;1;0;9
"What about kicking a gay man in the head, knocking his teeth out and yelling “Black Lives Matter Fa**ot!”?

What about a man kneeling on the neck of a white baby while shouting BLM?

It’s on video. Defend that. 
Oh right, white babies are born White Supremacists. Robin DiAngelo said so. 

It’s time for everyone to go home and calm the fuck down.";Racist;2;1;1;0;9
"No. Everyone with half a brain made that choice. 

The government just made the choice for the fucking morons that aren't listening or paying attention and endangering the rest of us.";A little harassing;1;2;1;0;9
CENSOR THE G WORD MOTHERFUCKER;Harassing;2;2;1;0;9
"this is a stupid statement “80%+ of nonces who are white” 

in britain the native population is white what do you expect? 

that’s leaves 20% attributed to immigrants? which is fucking awful.";A little harassing;1;2;1;0;9
why is the swastica so veigny? looks like a bunch of dicks;Harassing;2;2;1;0;9
"It also yells ""Fuck you"" when you get killed by it";A little harassing;1;2;1;0;9
It's just talmudic bullshit. They know that will never happen, so they can say that.;Non vulgar;0;3;1;0;9
"Russia backed up us along the west coast when the French and Brits tried fucking with us 

History has been rewritten my McGraw/Hill etc";Non vulgar;0;3;1;0;9
"It is bowing down

lol at you coppin pleas like a battered wife.  ""I don't bow down to him, I just do everything he says for ease of socialising"".

Bruh, you have no out here.  You proved me right.  Yall bow down to whites.  They stay on ya mind, rent free.

If you didn't bow down, you'd use your own names and not gaf what whites think.  But as I said, rent free.

Blacks will name themselves Jakwan, Devonte, Lavernious, etc., NO FUCKS GIVEN.  Fuck that noise, they ain't no scary hoes.

Yall need to be more like blacks.  They are your brothers in colour";Extremely vulgar;3;3;1;0;9
What doomed communism in the 20th century is it's own authoritarianism. Why the hell wouldn't the chinese communist party embrace capitalism to enrich themselves? Why the hell would they give a shit?;A little vulgar;1;3;1;0;9
They can have the UAW, which is why they can’t have shit else.;Non vulgar;0;3;1;0;9
I will harvest your organs;Violent;2;4;1;0;9
He needs to die and quick;Violent;2;4;1;0;9
Try killing more people and we may put you in the next one;Violent;2;4;1;0;9
Atleast you will die 𝓢𝓱𝓲𝓷𝓮𝔂;Non violent;0;4;1;0;9
Mexico? They'll just cut your head off.;A little violent;1;4;1;0;9
I take it OP is child free.;Non toxic;0;0;1;0;10
i think its funny;Non toxic;0;0;1;0;10
Patsy wrote it. I studied this for many hours working as a reporter on the case. That is the most obvious part of the case to me.;Non toxic;0;0;1;0;10
"&gt; Τραγική προσπαθεία να το γυρίσεις σε σεξιστικό. Δεν τσιμπάμε.

αλατόνερο και καλές, βαθιές γαργάρες

&gt; Πες μας σε ποιο σχολείο το πήγαινε το παιδί της

σε όποιο ιδιωτικό και να πήγε, θα μας το πείς για μασωνία, τώρα, ε;
&gt; Γιατί όχι δημόσιο και μετά να έχει κάποιον/α από τα λαϊκά στρώματα επι πληρωμης να το προσέχει μέχρι να γυρίσει σπίτι;

η γενική γραμματέας του ΚΚΕ να έχει νταντά, γιαβρή μου; και υπηρέτρια; 


αλατόνερο και καλές, βαθιές γαργάρες  x2";A little toxic;1;0;1;0;10
or a yuumi/nami/lulu/zilean/ any enhancer plays on his team.;Non toxic;0;0;1;0;10
"Then u will go to jail and throw ur life away probably. Last thing ur family would want is to throw ur life away killing some degenerate. Im a regular nigga to, difference is I dont think killing other niggas solves any issues and is exactly what they want u to do 🤔


Edit - imo there is a huge difference snitching on a dude for selling drugs or some other petty shit and snitching on them for literally murdering an innocent person 🤷🏽‍♂️";A little racist;1;1;1;0;10
Burnt like Jews;A little racist;1;1;1;0;10
"White liberal: ""Fuck da police!""

Black cop: ""Why?""

White liberal: ""Because you're a fucking racist!""

Black cop: ""Why?""

White liberal: ""Because you hate black pe...oh, uh, nevermind.""";A little racist;1;1;1;0;10
Must suck getting your news from Stormfront, Nazi dumbass;Non racist;0;1;1;0;10
Calling black people apes is really fucking racist;Non racist;0;1;1;0;10
I’m so glad she ended up on Dragula instead. I recently started watching the seasons of RPDR for my fave mainstream queens (Trixie, Alaska, Katya) and it is so insanely frustrating to watch the original seasons (haven’t watched their all stars yet). If you’re not a pretty passing woman you have no chance. Like no one “got” Trixie’s drag so imagine having Evah on? Also, fuck RuPaul for being a transphobic, fracking, asshole.;A little harassing;1;2;1;0;10
If you believe the bullshit about Russia you are a giant sucker.    Hacking politicians doesn't do shit to change US politics.    The media lies to you about that because they want you to ignore how effective it is for Israel and Saudi Arabia to bribe  politicians in the USA.;Non harassing;0;2;1;0;10
Jimmy Dore is right... wing’s useful idiot.;Non harassing;0;2;1;0;10
You're pretty ugly.;Non harassing;0;2;1;0;10
"Yeah I could see a shitty older sibling doing this just to be a fucking shitcunt, and of course the child reacts... like a child.

But whatever, there are no brakes on the hateboner it seems.";A little harassing;1;2;1;0;10
"You, referring to women:

&gt;females  
&gt;  
&gt;some bitch

You, referring to men:

&gt;dudes

Are you even listening to yourself?";Non vulgar;0;3;1;0;10
"what kind of incel bullshit doesn't understand this simple fact that women are more than happy to throw themselves at wealthy successful men?  what kind of incel doesn't understand that over 90% of communication is non-verbal, and thus asking is not required... that you just suck at interacting with women non-verbally...

seriously, you're just proving how low information democrats really are in 2020... so low information that you don't understand even basic sexual relationships.";Non vulgar;0;3;1;0;10
The entire Saudi royal family is ripe for an episode. The history of Saudi Arabia is fucking insane and it involves hundreds of years of rivalry between the Al-Saud family and the Hashemites who now run Jordan and the latter are descendants of Prophet Muhammad pbuh.;Non vulgar;0;3;1;0;10
That gets very subjective. I have a beat up truck, but I have my shit together. I dont like to flaunt my money. On the other hand, I know plenty of shitty people with shitty trucks just like mine. We are vastly different types of people.;A little vulgar;1;3;1;0;10
About to drop a bomb ass single on a wedding and surprise some children at a hospital.;A little vulgar;1;3;1;0;10
They will kill you.;A little violent;1;4;1;0;10
I will harvest your organs;A little violent;1;4;1;0;10
Death to all wh*te people;A little violent;1;4;1;0;10
They should be burned alive.;A little violent;1;4;1;0;10
I hate this mother fucker with all my black heart and soul, I hope he dies a painful 36 year death.;A little violent;1;4;1;0;10
They argue that it's actually the Nazis dumping CP then blaming them therefore they haven't done anything. One of their admins even posted a full blown conspiracy theory about it to indoctrinate their light followers.;A little toxic;1;0;1;1;11
"This one dude, GG reloaded, still blames IW for SBMM even though its not their decision to make. And Optimus completely ignored the fact that LEAKERS said the 100 dollar price tag on MW2R was a placeholder when he made his video over MW2R being campaign only.

Feels like some creators just don’t do their damn research.";A little toxic;1;0;1;1;11
Mmm lemon flavor;Non toxic;0;0;1;1;11
"&gt; USPS is on the brink of financial failure. 

Because Congress forced them to prefund pensions not because they're somehow inept.";A little toxic;1;0;1;1;11
"Strasznie ciekawy jest ten nowy język programowania.
Da się na nim zrobić kopię Minecrafta ?";A little toxic;1;0;1;1;11
Germans are so fucking weird.;A little racist;1;1;1;1;11
Because you're gay.;Non racist;0;1;1;1;11
"&gt; What a fucking insane generalization to paint all white people with. It's almost like you're a horrible and extremely racist person. Lemme guess that you're a self-flagellating white person...

The Dems are the real racists sweaty! Also you're a race traitor if you help non-white people.";A little racist;1;1;1;1;11
Quit being a pussy nobody literally hates white women;Non racist;0;1;1;1;11
If you are masturbating during it's extra gay since you're touching a dick;A little racist;1;1;1;1;11
Only an idiot would think this is real.;A little harassing;1;2;1;1;11
Like you wouldn't pass up the chance to fuck Shrek.;Harassing;2;2;1;1;11
Mother fucker really just said “poop hole sex”;Harassing;2;2;1;1;11
Thankfully most violent scum ducks are stupid. Unfortunately some scum ducks are not. I’d change duck to fuck but my autocorrect made me laugh.;A little harassing;1;2;1;1;11
Who is the rich asshole?;Harassing;2;2;1;1;11
Get a shit computer. Mine is old and damaged and likely to burst into flames if I play more than an hour.;A little vulgar;1;3;1;1;11
Welp time to get the wife to make me badges stating I'm not an asshole I just have fashion issues.;Non vulgar;0;3;1;1;11
They either forgot in which case it's worth reminding, or they did this knowingly, in which case definitely tell them to fuck themselves (diplomatically).;A little vulgar;1;3;1;1;11
its definitely grown on me, but it isnt front to back bangers like motm/motm II. i love cudi but some of these tracks its apparent how fucked up he was at the time;A little vulgar;1;3;1;1;11
"They really do. They got caught trying to naked short 140% of the float, which is technically illegal, and people caught onto it. Instead of rushing at the begining of this week to un-fuck himself Andy Left said he wasn't swayed and was stickin to his guns (which amounted to about a $3B loss), but basic research this morning showed most of those calls were still naked. 

He went on yesterday to tell CNBC he's covered *most* of those calls w/ $90 shares to the tune of another multi-billion loss, but the research says there's still a ton of uncovered ones.

The little guys called him on some bullshit he can't talk his way out of, and he'll be in the fuckin' soup line by Valentines Day because of it.";Non vulgar;0;3;1;1;11
They would kill you before you even got the chance😂;Violent;2;4;1;1;11
Kill Your Mother.;Extremely violent;3;4;1;1;11
Die! Die! Why won't you die!?;Extremely violent;3;4;1;1;11
I'm going to bang your future mother...;Extremely violent;3;4;1;1;11
"All these guys are now probably being investigated.

I hope they burn in the same hell as the terrorists they fought";A little violent;1;4;1;1;11
Hahhahahahhahahahahhahaha;Non toxic;0;0;1;1;12
any good jungler will punish a ranged top laner pre 6.;A little toxic;1;0;1;1;12
Oh, okay, so the only measure of difficulty in a job is how much you use your muscles.  Good to know. Thanks for that bit of incredible wisdom.;A little toxic;1;0;1;1;12
What does that mean?;Non toxic;0;0;1;1;12
Chicken of the Cave Flu;Non toxic;0;0;1;1;12
Masturbation is literally gay because you're jerking off a guy.;A little racist;1;1;1;1;12
"Bootlicker.

Of course they do. But not nearly at the same rate, and white people can get away with way more shit. You had white fascists storming the fucking Capitol building screaming in pigs' faces and they didn't blink.";Racist;2;1;1;1;12
wow, evil chinese communist trying to kill that old lady and steal her organs;Racist;2;1;1;1;12
"Who is ""we""? White people? Were you mad at black people in general? Did you talk about fellow whites as ""your people""?

This guy is a racist pos and will end up fucking up the 2A for all of us.";Racist;2;1;1;1;12
Stupid Palestinians, why don’t they go back to... *checks notes*... oh;A little racist;1;1;1;1;12
"No one called me on my bullshit.  My comment is still there and not you nor the other troll has even addressed it.  

Your comment perfectly exemplifies exactly the troll behavior that I'm talking about.  You are lying about me providing sources.  I have consistently provided sources and pieces of shit like you ignore them or you dismiss them or you marginalize them.  So, you want to argue against my comments, then you bring the sources.  That's what you've earned by being a piece of shit troll.

Like I said, I will gladly source my arguments to others but it's a waste of time for idiots like you.";A little harassing;1;2;1;1;12
He knows how to fire up. He's a great ass babyface, fighting from underneath and all that.;Harassing;2;2;1;1;12
"Seriously, I've seen these things snap and tear little terriers apart. I wish I could erase that image from my mind. Their fans will defend them to the death. 

Just because a dog breed is docile to its owner doesn't make it docile around everyone else.

Fucking idiots.";A little harassing;1;2;1;1;12
Hey look, a fascist lying out their ass. Big surprise.;A little harassing;1;2;1;1;12
take out more debt to buy more grt you fool.;Non harassing;0;2;1;1;12
Shit I forgot sorry lol tomorrow ok or you need me to get on real fast?;Non vulgar;0;3;1;1;12
"Weirdly enough, the first true 2nd Sister fight was my biggest problem. That and the fucking bat on Dathomir. I hate that thing.

I died once to 9th Sister when my controller ran out of battery towards the end of her fight. Can’t believe Respawn didn’t add an auto-pause for the game when that happens, it’s a standard feature.";A little vulgar;1;3;1;1;12
PayPal is still assho;Non vulgar;0;3;1;1;12
I prefer At Dooms Gate, but this one is still fuckin awesome. A bit slower but still a great song to kick some ass to... except for the first section of the song where its extremely soft, but you get what I mean. 6/10;A little vulgar;1;3;1;1;12
Funny thing is the bitch looked like satan herself.;A little vulgar;1;3;1;1;12
"You deserve to be banished.
You deserve to be banished.
You deserve to be banished.
You deserve to be banished.
You deserve to be banished.
You deserve to be banished.
You deserve to be banished.
You deserve to be banished.
You deserve to be banished.";Violent;2;4;1;1;12
Yeah look at those dumb dumbs that want to make money to pay their bills... they are the threat I hope they die.;A little violent;1;4;1;1;12
I'm gonna strap you down and floss your teeth with my scrotal hair, you stupid little weasel.;Violent;2;4;1;1;12
I will rape Elon Musk;Extremely violent;3;4;1;1;12
i will beat you with a chainsword you dirty space weeb;Extremely violent;3;4;1;1;12
You keep the gamers alive, and we'll take it from there.;Non toxic;0;0;1;1;13
Its piss easy to get CC in this game. People are literally complaining about a non issue;Non toxic;0;0;1;1;13
Thanks, so glad reckoning is no longer viable? I tried lacerate glad and was thinking about respeccing...;Toxic;2;0;1;1;13
No Amazon listed on the 23rd? Gonna get calls for that;Non toxic;0;0;1;1;13
I have it on console.;Non toxic;0;0;1;1;13
"The graph shows white people kill black people at twice the rate expected.

You dumb dumbs can't even read a graph";A little racist;1;1;1;1;13
"Sex is not assigned, it’s observed and recorded.

Transmen are female.

Gay men are male homosexuals.

You’re homophobic.

Leave us alone, we’re never going to willingly fuck females.

You’ve been sold a lie about the pseudoscience of gender identity and you’re coming up against the brick wall of reality.

Take your fury and anger to the lairs that sold you the bullshit. 

As I said, leave us the fuck alone.";Extremely racist;3;1;1;1;13
We get it you want to shoot black people;Extremely racist;3;1;1;1;13
Bout sick of black people being rapists. Like really fucking sick of it.;Extremely racist;3;1;1;1;13
Imagine thinking some peasant farmers who owned one field deserved death. You’re the big mega gay;Extremely racist;3;1;1;1;13
He knows how to fire up. He's a great ass babyface, fighting from underneath and all that.;Harassing;2;2;1;1;13
How do you know what the fuck I've achieved you absolute clown. I don't work a labor job. I went to college, I've worked office, white collar jobs since I was 18 years old. I'm simply advocating for better life circumstances for the average person. Maybe its hard for you to understand having empathy for people who have it worse than you.;Extremely harassing;3;2;1;1;13
Bernie isn't a sexist you sociopathic liar. Tell the truth or stop posting in this sub, everyone is sick of your shit.;Extremely harassing;3;2;1;1;13
Stupid Palestinians, why don’t they go back to... *checks notes*... oh;Extremely harassing;3;2;1;1;13
"Drew is one person, I never supported attacking him, no individual supercell employee is to blame.


Besides, I have a gut feeling that the assholes who are cash grabbing are the dumbfucks up at Tencent who bought a majority share.


All together now: fuck Tencent";Harassing;2;2;1;1;13
"what kind of incel bullshit doesn't understand this simple fact that women are more than happy to throw themselves at wealthy successful men?  what kind of incel doesn't understand that over 90% of communication is non-verbal, and thus asking is not required... that you just suck at interacting with women non-verbally...

seriously, you're just proving how low information democrats really are in 2020... so low information that you don't understand even basic sexual relationships.";A little vulgar;1;3;1;1;13
This is quite possibly the only time you get to pretend you are a scavenger in a post apocalyptic wasteland.  Wear the shit out of that gasmask;Vulgar;2;3;1;1;13
Cant believe i underestimated coffee. Shit can actually alert you;Non vulgar;0;3;1;1;13
God, I've played the first one and it was really fucking good and I recently bought Before the Storm as a sendoff for Max and Chloe's story. Seriously, the ending of the first game literally made me tear up and contemplate for an entire week.;A little vulgar;1;3;1;1;13
"They invent these dangerous addict characters as boogeymen to scare people into supporting the criminalization of addiciton. Using the term ""crackhead"" in this context usually connotes black drug users. Poor white addicts are ""meth heads.""

*Checks which subreddit this is*

And another thing: Crack baby jokes aren't ""dark humor."" It's a fucking tragedy. And while we're at it: prison rape is still rape. It's not funny, no matter how bad the victim is. Nobody ""deserves"" to be raped.";Non vulgar;0;3;1;1;13
"""just because I don't care if minorities die dosent mean I'm gonna murder them personally!!""";Extremely violent;3;4;1;1;13
Eww, refer to me as a disgusting subhuman Celt again and I'll blood eagle your mother.;Extremely violent;3;4;1;1;13
"I will massacre all G*mers on June 20tg

-Xi Jin pIng";Extremely violent;3;4;1;1;13
They would kill you before you even got the chance😂;Extremely violent;3;4;1;1;13
i'm gonna kick your son in the ribs.;Extremely violent;3;4;1;1;13
Now with the earthquakes as well?!  Man, it sure dawns on you quickly that you will just have to ride out whatever happens once the shaking starts.;Non toxic;0;0;1;1;14
We love our thoroughly petty mod who gets all huffy when subjected to extremely light ribbing, don't we folks;A little toxic;1;0;1;1;14
"You are kidding me right? Her story changed every time she told it, the “evidence” wasnt even circumstantial... there is no proof the two ever met

Her own friends could not support her story

Her friend admitted to being pressured to change her story

Witnesses dispute the story

Her own dad supported Kavanaugh and none of her family supported her.

She changed her story about the year it happened, how many people and where multiple times. She cant remeber the important details but remembers things like how many drinks she had.

She lied about fear of flying


She wanted to be confidential but went on record with a major media source....

She made tons of money from this whole thing";Non toxic;0;0;1;1;14
Baje je ene 100 ljudi umrlo leta 1989 na kitajskem trgu. Se ne ve zakaj;Toxic;2;0;1;1;14
I'd believe that.;Non toxic;0;0;1;1;14
Fellas, is it gay to wash your ass;Racist;2;1;1;1;14
You can tell when the melons know they fucked up when they start making moral equivocations with the ***fucking nazis*** and ***white supremacists***;Racist;2;1;1;1;14
Gay is ony ok for june!! And strate isnt cool i in june!! Chage ur pfp to gay colors!! But i cant for black protracts!! Why cant i just fuckin grillll mmnnnnnnn;A little racist;1;1;1;1;14
"Gay mafia.

You support homosex or you starve.";Extremely racist;3;1;1;1;14
-st saying nigger though;Racist;2;1;1;1;14
Warrens plan was absolutely NOT comprehensive, you liar. And every bit of sanders plan was outlined but maybe it was too much for you too understand? Doubt you even checked, neoliberals do not give a fuck in the end.;A little harassing;1;2;1;1;14
"Just shows how stupid you are the Nazis had different characteristics...they weren't just right wing or left wing lmao.

But all I'm saying is Compare the Nazi Propaganda, and how they silenced the Jews.

That's exactly what's the Democrats do, they literally boycott Stores just because of your political stance.

Germans boycotted Jewish stores because of their religious stance...

Germans silenced Jewish views and opinions.

Democrats constantly silence Conservative views and opinions.

If you are a Conservative, you can't even let your co workers know that you voted for Trump or a Trump supporter, because of the backlash.

Jews tried to hide being Jewish because of the backlash.

There is even more, don't get me started on the garbage propaganda, CBS, NBC, CNN, FOX and others push. Just like Nazi Germany did 🤡

I can go on for hours and point out the similarities.

And lmao you are fucking delusional, if you tell me you studied Nazi Germany, or you are just too fucking stupid to realize the similarities, but cheers m8 have a good dag, telling people false garbage that the NaZiS wErE rIgHT wInG 😭";A little harassing;1;2;1;1;14
"Why are you being a douche bag to someone asking a legit question?

The stuff they do in Chicago PD literally throws off my suspension of disbelief because these idiots would be fired and sued in a heartbeat";Non harassing;0;2;1;1;14
so you think lebron james should be able to tell you how to live your life and what your allowed to do and how you do it? shut the fuck up statist;Harassing;2;2;1;1;14
He knows how to fire up. He's a great ass babyface, fighting from underneath and all that.;A little harassing;1;2;1;1;14
Nah, that ain't shitty.;A little vulgar;1;3;1;1;14
Sounds gayer than collecting shit calls;Vulgar;2;3;1;1;14
Soledad is a cunt and I’m not on anyone’s time but mine.;Vulgar;2;3;1;1;14
NJTP optics and timing are shitty.;A little vulgar;1;3;1;1;14
"&gt;Can't prove a negative. Cite source that shows most rape cases are real. (INB4 some feminazi article gets posted) 

https://www.cdc.gov/injury/features/sexual-violence/index.html

Guess the CDC are ""feminzais""?

""SV affects millions of people each year in the United States. The official numbers are likely an underestimate because many cases go unreported""

""Nearly 1 in 5 women have experienced completed or attempted rape during her lifetime.""

But please, I'm absolutely begging you to show me your facts that most of the cases that get reported are false.

&gt;Yes, pedophiles, child abusers, and those who would perpetuate suffering unironically belong in a woodchipper.
Preferably legs first. 

Nope, you were talking about people with disabilities.

Here, I'll post your fascist garbage here for anyone reading:

""These people should be shoved into a woodchipper.

Even a century ago, they'd either not survive to adulthood, be sold to a circus as part of the freak exhibits, or have to be born a 0.01%er to survive to adulthood.

These people demand science not improve these congenital conditions, while at the same time demand everyone be vaccinated.

Literally fuck every single one of these ""muh disabled culture"" fucks.""

&gt; Found the pedophile!

I'm the one sharing the stats on sexual abuse and violence including how it affects children more.

You were talking about ""dwarfs"" and dwarfism, you lying fucking fascist. You even admit to being a eugencisist. You pathetic cowards can't even stick to your guns on the bullshit you say. Because you're fucking pathetic and weak.";Extremely vulgar;3;3;1;1;14
Kill them. Kill them now;Extremely violent;3;4;1;1;14
"""They deserve to be annihilated"" and you deserve to be catfished";Extremely violent;3;4;1;1;14
Flair up or I’ll use that powerful military to kick your unflaired ass over the border;Extremely violent;3;4;1;1;14
Le you're ugly, you're disgusting, i hate you, I'm going to kill you, give me 500 dollars has arrived;Extremely violent;3;4;1;1;14
You die;Extremely violent;3;4;1;1;14
Now with the earthquakes as well?!  Man, it sure dawns on you quickly that you will just have to ride out whatever happens once the shaking starts.;Non toxic;0;0;1;1;15
We love our thoroughly petty mod who gets all huffy when subjected to extremely light ribbing, don't we folks;A little toxic;1;0;1;1;15
"You are kidding me right? Her story changed every time she told it, the “evidence” wasnt even circumstantial... there is no proof the two ever met

Her own friends could not support her story

Her friend admitted to being pressured to change her story

Witnesses dispute the story

Her own dad supported Kavanaugh and none of her family supported her.

She changed her story about the year it happened, how many people and where multiple times. She cant remeber the important details but remembers things like how many drinks she had.

She lied about fear of flying


She wanted to be confidential but went on record with a major media source....

She made tons of money from this whole thing";Non toxic;0;0;1;1;15
Baje je ene 100 ljudi umrlo leta 1989 na kitajskem trgu. Se ne ve zakaj;Toxic;2;0;1;1;15
I'd believe that.;Non toxic;0;0;1;1;15
Fellas, is it gay to wash your ass;Racist;2;1;1;1;15
You can tell when the melons know they fucked up when they start making moral equivocations with the ***fucking nazis*** and ***white supremacists***;Racist;2;1;1;1;15
Gay is ony ok for june!! And strate isnt cool i in june!! Chage ur pfp to gay colors!! But i cant for black protracts!! Why cant i just fuckin grillll mmnnnnnnn;A little racist;1;1;1;1;15
"Gay mafia.

You support homosex or you starve.";Extremely racist;3;1;1;1;15
-st saying nigger though;Racist;2;1;1;1;15
Warrens plan was absolutely NOT comprehensive, you liar. And every bit of sanders plan was outlined but maybe it was too much for you too understand? Doubt you even checked, neoliberals do not give a fuck in the end.;A little harassing;1;2;1;1;15
"Just shows how stupid you are the Nazis had different characteristics...they weren't just right wing or left wing lmao.

But all I'm saying is Compare the Nazi Propaganda, and how they silenced the Jews.

That's exactly what's the Democrats do, they literally boycott Stores just because of your political stance.

Germans boycotted Jewish stores because of their religious stance...

Germans silenced Jewish views and opinions.

Democrats constantly silence Conservative views and opinions.

If you are a Conservative, you can't even let your co workers know that you voted for Trump or a Trump supporter, because of the backlash.

Jews tried to hide being Jewish because of the backlash.

There is even more, don't get me started on the garbage propaganda, CBS, NBC, CNN, FOX and others push. Just like Nazi Germany did 🤡

I can go on for hours and point out the similarities.

And lmao you are fucking delusional, if you tell me you studied Nazi Germany, or you are just too fucking stupid to realize the similarities, but cheers m8 have a good dag, telling people false garbage that the NaZiS wErE rIgHT wInG 😭";A little harassing;1;2;1;1;15
"Why are you being a douche bag to someone asking a legit question?

The stuff they do in Chicago PD literally throws off my suspension of disbelief because these idiots would be fired and sued in a heartbeat";Non harassing;0;2;1;1;15
so you think lebron james should be able to tell you how to live your life and what your allowed to do and how you do it? shut the fuck up statist;Harassing;2;2;1;1;15
He knows how to fire up. He's a great ass babyface, fighting from underneath and all that.;A little harassing;1;2;1;1;15
Nah, that ain't shitty.;A little vulgar;1;3;1;1;15
Sounds gayer than collecting shit calls;Vulgar;2;3;1;1;15
Soledad is a cunt and I’m not on anyone’s time but mine.;Vulgar;2;3;1;1;15
NJTP optics and timing are shitty.;A little vulgar;1;3;1;1;15
"&gt;Can't prove a negative. Cite source that shows most rape cases are real. (INB4 some feminazi article gets posted) 

https://www.cdc.gov/injury/features/sexual-violence/index.html

Guess the CDC are ""feminzais""?

""SV affects millions of people each year in the United States. The official numbers are likely an underestimate because many cases go unreported""

""Nearly 1 in 5 women have experienced completed or attempted rape during her lifetime.""

But please, I'm absolutely begging you to show me your facts that most of the cases that get reported are false.

&gt;Yes, pedophiles, child abusers, and those who would perpetuate suffering unironically belong in a woodchipper.
Preferably legs first. 

Nope, you were talking about people with disabilities.

Here, I'll post your fascist garbage here for anyone reading:

""These people should be shoved into a woodchipper.

Even a century ago, they'd either not survive to adulthood, be sold to a circus as part of the freak exhibits, or have to be born a 0.01%er to survive to adulthood.

These people demand science not improve these congenital conditions, while at the same time demand everyone be vaccinated.

Literally fuck every single one of these ""muh disabled culture"" fucks.""

&gt; Found the pedophile!

I'm the one sharing the stats on sexual abuse and violence including how it affects children more.

You were talking about ""dwarfs"" and dwarfism, you lying fucking fascist. You even admit to being a eugencisist. You pathetic cowards can't even stick to your guns on the bullshit you say. Because you're fucking pathetic and weak.";Extremely vulgar;3;3;1;1;15
Kill them. Kill them now;Extremely violent;3;4;1;1;15
"""They deserve to be annihilated"" and you deserve to be catfished";Extremely violent;3;4;1;1;15
Flair up or I’ll use that powerful military to kick your unflaired ass over the border;Extremely violent;3;4;1;1;15
Le you're ugly, you're disgusting, i hate you, I'm going to kill you, give me 500 dollars has arrived;Extremely violent;3;4;1;1;15
You die;Extremely violent;3;4;1;1;15
This is correct. It's also how ants form their 'roads' and know where the food is at when it's way, way beyond their range of sight. You can even exploit this fact by spreading ant pheremones in a circle, and forming something called an 'ant death spiral', where the ants just walk in circles until they drop dead, because they don't know to do anything else.;Non toxic;0;0;1;1;16
Just your typical left winger engaging in a debate.;Non toxic;0;0;1;1;16
Thanks for the mention, bro;Non toxic;0;0;1;1;16
Likewise;Non toxic;0;0;1;1;16
"*Pokemon: Animal Crossing Version: &amp; Knuckles*";Non toxic;0;0;1;1;16
Must suck getting your news from Stormfront, Nazi dumbass;Extremely racist;3;1;1;1;16
Wait- if they press the vote Democrat button, white males would still exist.  These... these dumb mother fuckers;A little racist;1;1;1;1;16
Shut up racist white supremacist cracker black lives can't matter until white lives don't matter;Racist;2;1;1;1;16
If you are masturbating during it's extra gay since you're touching a dick;Racist;2;1;1;1;16
"Fuck Taiwan

Fuck Hong Kong";Racist;2;1;1;1;16
"Just shows how stupid you are the Nazis had different characteristics...they weren't just right wing or left wing lmao.

But all I'm saying is Compare the Nazi Propaganda, and how they silenced the Jews.

That's exactly what's the Democrats do, they literally boycott Stores just because of your political stance.

Germans boycotted Jewish stores because of their religious stance...

Germans silenced Jewish views and opinions.

Democrats constantly silence Conservative views and opinions.

If you are a Conservative, you can't even let your co workers know that you voted for Trump or a Trump supporter, because of the backlash.

Jews tried to hide being Jewish because of the backlash.

There is even more, don't get me started on the garbage propaganda, CBS, NBC, CNN, FOX and others push. Just like Nazi Germany did 🤡

I can go on for hours and point out the similarities.

And lmao you are fucking delusional, if you tell me you studied Nazi Germany, or you are just too fucking stupid to realize the similarities, but cheers m8 have a good dag, telling people false garbage that the NaZiS wErE rIgHT wInG 😭";A little harassing;1;2;1;1;16
I see you are a buddy retard as well 😎;A little harassing;1;2;1;1;16
Warrens plan was absolutely NOT comprehensive, you liar. And every bit of sanders plan was outlined but maybe it was too much for you too understand? Doubt you even checked, neoliberals do not give a fuck in the end.;A little harassing;1;2;1;1;16
That dumbass needs to brush more than once a month.;A little harassing;1;2;1;1;16
A bunch of rich fucks who have never protested anything in their lives, and pathetic attendance in any case;A little harassing;1;2;1;1;16
OP is the real piece of shit for making up a story about some random person so they can post it on reddit;A little vulgar;1;3;1;1;16
"Calling someone homophobic isn't burying someone. It's proving you've taken the gay pill, and will gladly present your ripe asshole to the Marxist fa\**ots that want to see your country gone, and your children re-educated and pumped full of hormones.

And I can't see your bio on mobile. Let me guess, you got the autism, so it's ok to be playing with toys as a grown ass man?";Extremely vulgar;3;3;1;1;16
Haha totally not an asshole! Yeah they're not as harmless as a lot of companies are promoting them, there's been such an increase in people getting skin rashes, throat irritation from eating the stupid things and even lipid pneumonia from diffusing so much oil;Vulgar;2;3;1;1;16
I kinda feel bad for coutinho. That move to Barcelona really fucked him. He played a good roll when he was in Liverpool and no he's basically in no man's land. He's a good bloke too. The grabbing his sister's ass thing is weird(i don't care how hot she is) but off the pitch, he's a decent guy.;A little vulgar;1;3;1;1;16
The entire Saudi royal family is ripe for an episode. The history of Saudi Arabia is fucking insane and it involves hundreds of years of rivalry between the Al-Saud family and the Hashemites who now run Jordan and the latter are descendants of Prophet Muhammad pbuh.;A little vulgar;1;3;1;1;16
Death to British rule 🇨🇳🇨🇳🇨🇳;Non violent;0;4;1;1;16
All pedias should burn in hell;A little violent;1;4;1;1;16
I will harvest your organs;Extremely violent;3;4;1;1;16
pedo die die die;Violent;2;4;1;1;16
"Also if you’re Uyghur or HKer you’ll literally be exterminated

Source: my ass";Non violent;0;4;1;1;16
"&gt; How about we get rid of the heavy neo lib society and invest in our infrastructure before we start blaming innocent people?

Agreed let's burn it down, regardless you still have to be able to have a adult conversation regarding immigration levels, even more so if we have a society in NZ that once again cares about its citizens.";A little toxic;1;0;1;1;17
Wow, they made Harambe a celebrity;Toxic;2;0;1;1;17
America is the only other country! /s;Toxic;2;0;1;1;17
Thanks for the mention, bro;Toxic;2;0;1;1;17
Capricorn sells a whole kit that includes everything.;Toxic;2;0;1;1;17
Relax nigga I ain't even American but trump is great for keep fucking with China, when Obama was in the whole world was in chaos, this bidden fella looks like Obama 2.0;Extremely racist;3;1;1;1;17
Traps are gay.;Extremely racist;3;1;1;1;17
Pathetic little Nazi shit.;Extremely racist;3;1;1;1;17
"&gt;Chinese *fascist* imperialism

Yeah

You glow like the sun nigga

Imagine burgers unironically calling China of all places fascist";Extremely racist;3;1;1;1;17
Fellas, is it gay to wash your ass;Extremely racist;3;1;1;1;17
And you slit it's throat when the animals live do fuck off;Extremely harassing;3;2;1;1;17
Go live in the woods then, don’t try to push your angsty teenage bullshit on the rest of the world;Extremely harassing;3;2;1;1;17
cooked avocado is fucking disgusting anyway;Harassing;2;2;1;1;17
Give me Aloy over those weird ass anime chicks with the balloon tits any day;Extremely harassing;3;2;1;1;17
"&gt; the problem is mostly due to the black community, they commit crimes like it's their job

Huh, maybe generational slavery and segregation and racism makes people far more likely to be poor, and maybe poor people commit more crimes. It's almost like black people are humans like everyone else.

&gt;I'm all for more and better training for cops, but until the black community gets the message that they're the biggest part of their own problems then nothing will get better.

People like you have been screaming this for generations, ignoring the blatant racism and discrimination suffered by black people. The horse is dead. Stop beating it.

&gt;The left doesn't believe in truth, they think that it's an invention and that it can be reinvented

You're the one denying *blatant reality* buddy. You live in an echochamber. You're arrogantly ignorant. Pull your head out of your ass and stop thinking you understand jack fucking shit.";Extremely harassing;3;2;1;1;17
I'm downvoting you cause you're being a bitch. Wanting sport to be apolitical while grandstanding about your personal politics is laughable.;Extremely vulgar;3;3;1;1;17
That would hurt like shit if you landed wrong;Vulgar;2;3;1;1;17
God damn, did Sam rub his body in butter or does this defense really suck this hard at tackling?;Extremely vulgar;3;3;1;1;17
He's not really pro-life, though, he's just pro-birth. He doesn't give a flying fuck about the quality of life of the WOMAN in the situation, only about that of the parasite/fetus.;Extremely vulgar;3;3;1;1;17
"and y'all traded demar; that's just how this shit works, sadly";Vulgar;2;3;1;1;17
"😅😅😅 

Stop posting or he's going to kill you";Violent;2;4;1;1;17
Because she killed the man and I HOPE SHE BURNS IN HELL!;Extremely violent;3;4;1;1;17
I'm going to bang your future mother...;Extremely violent;3;4;1;1;17
They should be burned alive.;Extremely violent;3;4;1;1;17
I will murder your family friend!;Extremely violent;3;4;1;1;17
Did you ever play tricks on it? Put baking soda on the dark spots and let it catch itself in the dark area?;Non toxic;0;0;2;0;18
I will also admit that I had no idea who this man is.;Non toxic;0;0;2;0;18
The hardest part, is letting go.;Non toxic;0;0;2;0;18
my best friend of 16 years passed away last week due to terminal cancer 😎😎😎😎😎😎;Non toxic;0;0;2;0;18
any good jungler will punish a ranged top laner pre 6.;Non toxic;0;0;2;0;18
White girls *do* fuck dogs though;A little racist;1;1;2;0;18
hell yeah gay shit fucking rules \*sucks dick for funsies\*;Racist;2;1;2;0;18
"Would you guys consider jacking off to be a sport? I don't know about you motherfuckers but I consider that shit to be a sport okay? If people can sit back and label goddamn golf which is the boringest fucking sport in the world. Think about it, what the fuck athletically are you really doing in golf my nigga? All you doing is hitting a goddamn golf club. ""Oh my god that's a long as birdie man, nice birdie, nice put, and it went 258..."" get the fuck outta here nobody cares about that boring ass shit. Who the fuck really watches golf my nigga? Nobody gives a fuck. It makes niggas fall asleep. Fishing on the other hand... What the fuck are you really doing athletically my nigga in fishing?";Non racist;0;1;2;0;18
if you are gay and vote republican you are just stupid.;A little racist;1;1;2;0;18
Tf is this sub nigga;Non racist;0;1;2;0;18
"why do you care if people understand or not. if they're too dumb to get it, their opinion doesn't matter, are you really that worried about some downvotes?

r/fuckthes";Non harassing;0;2;2;0;18
What's that video of the cop shooting his own undercover officer then whales like the fucking man child he is. Shit is hilarious;Non harassing;0;2;2;0;18
"Seriously, I've seen these things snap and tear little terriers apart. I wish I could erase that image from my mind. Their fans will defend them to the death. 

Just because a dog breed is docile to its owner doesn't make it docile around everyone else.

Fucking idiots.";Harassing;2;2;2;0;18
Then you’re just a dunce parroting what other dunces say. You could come up with better phrases to fuck with people but that would require you to have creativity, wouldn’t it?;Harassing;2;2;2;0;18
"&gt; i dunno man good guys seems extreme they’re more like the lesser evil guys

Is this a fucking troll? Am I tripping on LSD and don't know it? Or is your existence so warped and your mind so fucked that you genuinely believe this garbage?

Because if so, we need to figure out a way to quarantine you permanently so you don't infect others with your filth.";A little harassing;1;2;2;0;18
Looks like a bunch of bullshit made up by coping Twitter users lmao;Non vulgar;0;3;2;0;18
Coffee oatmeal with low cal sweetner is the shit;Non vulgar;0;3;2;0;18
What doomed communism in the 20th century is it's own authoritarianism. Why the hell wouldn't the chinese communist party embrace capitalism to enrich themselves? Why the hell would they give a shit?;A little vulgar;1;3;2;0;18
Lol I was with you till that last part. Absolute clown shit.;A little vulgar;1;3;2;0;18
They nerf zombies xp with a “patch” but don’t fix this shit lmfao.;A little vulgar;1;3;2;0;18
You kill me your betta, I kill you I’m betta;A little violent;1;4;2;0;18
"*We should join united front to kill all fascists.*

Makes sense.

*Then, we kill you.*

Makes sense.";Violent;2;4;2;0;18
TR3YWAY THESE NIGGAS SAY THEY HEARD OF ME, I AINT HEARD OF YOU, GET THE FUCK UP OUT MY FUCKIN FACE FORE I MURDER YOU;Violent;2;4;2;0;18
As always, death to Israel inshallah;Violent;2;4;2;0;18
If they catch you, they will kill you;Violent;2;4;2;0;18
Turns the guy around causing his momentum to turn with him. Nice physics.;Non toxic;0;0;1;0;19
Do you know how long it took me to get the pin connection between her and her 3 sisters names? Like... how they all have first names of flowers and she insists that her last name is bouquet...;Non toxic;0;0;1;0;19
"I don't disagree with you but it is a valid point. Any time we have civil liberties erode, such as a government telling you when you can and can't open your business in the name of the public interest, those freedoms rarely revert back to the people. We never got back our civil liberties lost after 9/11. The government can still use the NSA to spy on you - that used to only happen in movies.

Don't take for granted that the government won't abuse its powers because there are numerous occasions it has. These are appropriate measures but it's citizens who have to stay on top to ensure they are not abused.";Non toxic;0;0;1;0;19
Y-you can't just print more money! That'll cause hyperinflation!;Non toxic;0;0;1;0;19
Genuine femininity (and traditional masculinity) has been rendered obsolete by extremely powerful forces for reasons that are in no one’s interest but their own.;Non toxic;0;0;1;0;19
Especially that French dude that fucked over 600 African woman;A little racist;1;1;1;0;19
"&gt; What a fucking insane generalization to paint all white people with. It's almost like you're a horrible and extremely racist person. Lemme guess that you're a self-flagellating white person...

The Dems are the real racists sweaty! Also you're a race traitor if you help non-white people.";Racist;2;1;1;0;19
stop making agenda posts....ahem.. m'nigger;Extremely racist;3;1;1;0;19
really nigga;Extremely racist;3;1;1;0;19
Shut up racist white supremacist cracker black lives can't matter until white lives don't matter;A little racist;1;1;1;0;19
"theyre just human beings, i agree. 

the problem is that weve decided that these particular human beings are apparently the arbiters of who gets to live and who gets fucked. 

cops are far too fucking stupid to handle this responsibility.";A little harassing;1;2;1;0;19
"""What a fucking bigger""


-PewDiePie, 2017";A little harassing;1;2;1;0;19
24 upvotes too 💀💀 this sub b on some retarded shit sometimes;A little harassing;1;2;1;0;19
"Why would I care about your racist ass standard for what is progressive?

Post your opinion coward.";A little harassing;1;2;1;0;19
"yes, cars are horrible for the environment and people. public mass transit is the only way to meaningfully cut carbon emissions (and traffic deaths).

and, like, statistics means it's unlikely. but it's not impossible. and reopening the economy means sacrificing lives of people, just to make money. if you're not willing to take that risk on yourself, fuck you.";A little harassing;1;2;1;0;19
I prefer At Dooms Gate, but this one is still fuckin awesome. A bit slower but still a great song to kick some ass to... except for the first section of the song where its extremely soft, but you get what I mean. 6/10;Vulgar;2;3;1;0;19
"and y'all traded demar; that's just how this shit works, sadly";Vulgar;2;3;1;0;19
This asshat has late-stage TDS, though. He hates every conservative in this country.;A little vulgar;1;3;1;0;19
"Mine stole my riven once.

Stopped what I was doing and murdered that sucker.";A little vulgar;1;3;1;0;19
They did the same thing to Ron Paul. Glad the other side can see some of the bullshit now.;A little vulgar;1;3;1;0;19
They should be burned alive.;Violent;2;4;1;0;19
Try killing more people and we may put you in the next one;Violent;2;4;1;0;19
I hope these 3 police officer get a terrible disease and die a slow and painful death.;Violent;2;4;1;0;19
we'll kill him last;A little violent;1;4;1;0;19
I will hunt you down and eat you;A little violent;1;4;1;0;19
[Stay away from Fort Pillow though](https://en.wikipedia.org/wiki/Battle_of_Fort_Pillow)!;Non toxic;0;0;2;1;20
Maybe they just wanted to get tested. Flying somewhere seem to increase your chances to get tested. /s;Non toxic;0;0;2;1;20
is this a satire subreddit?;Non toxic;0;0;2;1;20
I'm defending the PRC by commenting on a WHO doctor. Makes perfect sense lol. I just assumed you magically saw a comment where I defended something the PRC did since, y'know, that's what you're saying;Non toxic;0;0;2;1;20
No Amazon listed on the 23rd? Gonna get calls for that;Non toxic;0;0;2;1;20
"Gay mafia.

You support homosex or you starve.";Non racist;0;1;2;1;20
"Who is ""we""? White people? Were you mad at black people in general? Did you talk about fellow whites as ""your people""?

This guy is a racist pos and will end up fucking up the 2A for all of us.";Non racist;0;1;2;1;20
r/niggapenis;Racist;2;1;2;1;20
"Alright pulling out the Atwater.

&gt; Atwater: Y'all don't quote me on this. You start out in 1954 by saying, ""Nigger, nigger, nigger"". By 1968 you can't say ""nigger""—that hurts you. Backfires. So you say stuff like forced busing, states' rights and all that stuff. You're getting so abstract now [that] you're talking about cutting taxes, and all these things you're talking about are totally economic things and a byproduct of them is [that] blacks get hurt worse than whites. And subconsciously maybe that is part of it. I'm not saying that. But I'm saying that if it is getting that abstract, and that coded, that we are doing away with the racial problem one way or the other. You follow me—because obviously sitting around saying, ""We want to cut this"", is much more abstract than even the busing thing, and a hell of a lot more abstract than ""Nigger, nigger"". So, any way you look at it, race is coming on the back-burner.

You're the dupe. The schlamiel. The goober. The mark. The fool. The charlie. The nincompoop. The mooncalf. The ninny. The doofus.";Non racist;0;1;2;1;20
Stupid southerners stole it from the Greeks, who were not racist only homophobic.;A little racist;1;1;2;1;20
" ""Fuck your second amendment"" 

uh, no.  What does the laughing world you speak of think about Venezuela or all the other places with no recourse against tyranny?  Is that hilarious too?  Your examples of things that are already illegal still happening doesn't help your argument of making guns illegal btw.";Non harassing;0;2;2;1;20
"I sure do love it when privileged fucks go on about how everyone else is privileged.

please go tell the Black families whose family members were blackbagged or assassinated after Ferguson under President Obama how they are all ""privileged"" for saying it's no different than when Republicans did the same.

please go tell all the Hispanic families that were torn apart by Obama's anti-immigration policies how they are all ""privileged"" for saying it's no different than when Republicans did the same.

please go tell all the Muslim families that have been displaced and murdered by the continuation of the illegal wars in the Middle East that Obama not only failed to exit from but put even more troops in how they are all ""privileged""  for saying it's no different than when Republicans did the same.

in reality, only a white person could say the shit you say and actually think you are helping by going ""durrrr it ganna be bettur for everyone without drumpf."" He didnt build the concentration camps, he didnt militarize sports, he didnt give military hardware to the police: Democrats did that shit (and in Biden's case, he LITERALLY SPONSORED THE FUCKING BILL THAT MILITARIZED THE POLICE). And that is literally my point shitbird, the corporate centrists enabled all of this to happen, but you useless meatbags are only upset when they toss the keys to a fascist and they predictably utilize literally all the tools that corporate centrists created.

take all the fucking seats you waste of hot air. none of you brunch libs gave a SHIT about the marginalized until a Republican was in charge. And now that a Democrat is heading back to the White House, your brunch plans are back on and your weekend, permit-only protests are over. Meanwhile, the marginalized people (that you claim to care about) are going to continue to be persecuted, harassed, displaced, and murdered because the extent of your political discourse is ""orange man bad.""";Harassing;2;2;2;1;20
Hey look, a fascist lying out their ass. Big surprise.;A little harassing;1;2;2;1;20
Like you wouldn't pass up the chance to fuck Shrek.;A little harassing;1;2;2;1;20
"I like how a post from 9 months ago with like 28 upvotes, and 35 comments from women saying they absolutely hate catcalling because they just want to be left alone, it makes them feel unsafe and objectified, etc., is somehow ""proof"" that women love being sexually harassed and catcalled by random strange men.   

What a fuckin dense weirdo.";Non harassing;0;2;2;1;20
The entire Saudi royal family is ripe for an episode. The history of Saudi Arabia is fucking insane and it involves hundreds of years of rivalry between the Al-Saud family and the Hashemites who now run Jordan and the latter are descendants of Prophet Muhammad pbuh.;Non vulgar;0;3;2;1;20
Pete sucks but her posting 'all lives matter' and defending cops was worse;A little vulgar;1;3;2;1;20
and theyd have alot more if they didnt fuck up the simpsons aspect ratio;A little vulgar;1;3;2;1;20
They nerf zombies xp with a “patch” but don’t fix this shit lmfao.;A little vulgar;1;3;2;1;20
i havent listened yet cus its not out in the states but this shit is getting me really excited for it;A little vulgar;1;3;2;1;20
Mexico? They'll just cut your head off.;A little violent;1;4;2;1;20
Hope u get aids and die;Extremely violent;3;4;2;1;20
Commies are going to commie. These people hate you and want you to die.;Violent;2;4;2;1;20
TR3YWAY THESE NIGGAS SAY THEY HEARD OF ME, I AINT HEARD OF YOU, GET THE FUCK UP OUT MY FUCKIN FACE FORE I MURDER YOU;Extremely violent;3;4;2;1;20
You shoot me and then I'll shoot you;Extremely violent;3;4;2;1;20
A select few could same as only a select few men could;A little toxic;1;0;1;0;21
or a yuumi/nami/lulu/zilean/ any enhancer plays on his team.;A little toxic;1;0;1;0;21
Genuine femininity (and traditional masculinity) has been rendered obsolete by extremely powerful forces for reasons that are in no one’s interest but their own.;A little toxic;1;0;1;0;21
Sneks are friends. Eat snacks.;Non toxic;0;0;1;0;21
I’m that case you would qualify for benefits because your hours/income has been reduced;Non toxic;0;0;1;0;21
"""Nigger"", from my grandpa";Racist;2;1;1;0;21
"A jew, a Mexican and a coloured fella walk into a bar

The bartender says: ""get the fuck out of here""";A little racist;1;1;1;0;21
Mods gay ya know. You need puzzy not peepee🤬;A little racist;1;1;1;0;21
Nah son, niggas are too busy creating genders and being offended at shit.;Extremely racist;3;1;1;0;21
"&gt;Chinese *fascist* imperialism

Yeah

You glow like the sun nigga

Imagine burgers unironically calling China of all places fascist";Racist;2;1;1;0;21
You ever fuck with Papooze? They're pretty tight french lofi pop/dance.;Non harassing;0;2;1;0;21
im a fucking moron, someone linked cap olympic change plates on amazon when they were in stock, i just needed a pair of 5s so i ordered them. didn't realize i ordered a *single* 5. I'm so mad at myself lmfao, back to fucking searching;Non harassing;0;2;1;0;21
He knows how to fire up. He's a great ass babyface, fighting from underneath and all that.;Non harassing;0;2;1;0;21
"It also yells ""Fuck you"" when you get killed by it";Non harassing;0;2;1;0;21
Warrens plan was absolutely NOT comprehensive, you liar. And every bit of sanders plan was outlined but maybe it was too much for you too understand? Doubt you even checked, neoliberals do not give a fuck in the end.;A little harassing;1;2;1;0;21
"""The greatest lies are made up of half truths...""

also water is wet and  my dick is 12 inches long";Vulgar;2;3;1;0;21
Yeah that's my point, that's the shit libs fawn over, not leftists;A little vulgar;1;3;1;0;21
Sounds gayer than collecting shit calls;Vulgar;2;3;1;0;21
Ajajaja 😂😂😂🤣🤣🤣 clown 🤡🤡 i have  cum over heaven act four 😎😎😏😏😏😏😏🤣🤣🤣🤣🤑🤑🤑🤑🤑🤑 😆😆😆😆😂😂😂😂🤣🤣🤣🤣🤣😂😂😂🤣🤣🤣;Vulgar;2;3;1;0;21
and sure as shit didn't get there by begging our masters to be a bit nicer;A little vulgar;1;3;1;0;21
I will harvest your organs;Violent;2;4;1;0;21
i hope everybody dies;Violent;2;4;1;0;21
Its these kind of people that deserve to be shot;Extremely violent;3;4;1;0;21
Lots of people should die.;Extremely violent;3;4;1;0;21
Surrender your testicles within 30 seconds or we will open fire;A little violent;1;4;1;0;21
Im just a banana bro. Im assuming youre referring to the chat lounge;Non toxic;0;0;2;0;22
Incapacitated permanently;Non toxic;0;0;2;0;22
any good jungler will punish a ranged top laner pre 6.;Non toxic;0;0;2;0;22
I got into a survival match after 10 mins in queue last night at around 3am so..;Non toxic;0;0;2;0;22
Lady legs lol! Your comment has me in stitches 😂;A little toxic;1;0;2;0;22
Well then masterbating is also gay. And by that logic, simply touching your penis is gay, even while peeing. If touching your penis is gay, you’re gay, because your penis is attached to you, hence you’re always touching your penis. Thusly, as clearly most men are not gay, masterbating cannot be gay, therefore sucking your own dick also cannot be gay.;Non racist;0;1;2;0;22
if you are gay and vote republican you are just stupid.;Non racist;0;1;2;0;22
"Damn dude according to your post history you're a Turk, you're black, you're half black half Mexican, you're Jewish. A real man of the world.

Edit: /u/1sweets posts in /r/reclassified, where white supremacists go to whine about their subs being banned and post links to new subreddits to evade those bans. He also created /r/enriched, a subreddit promoting ""western enrichment"" aka white dog whistling. This dude is not black, just an angry pro-cop white guy.

He posted **""The only thing I take seriously is how whites will be a minority in 25 years and my children will be 10% of their population in the generation. UWU burn some statues while 100 white women a raped a day by blacks yet 0 black women are raped by whites a year"".**

He also posted a link to /r/diversitynews, a banned sub whose message was race mixing doesn't work.

He made a post in /r/freespeech, a sub notorious for being full of white people complaining their right to say the n word is constantly being infringed.

He has used the phrase Jordan's wearer, a not so subtle gamer way of circumnavigating the n bomb.

Uses a certain reference to gay people that starts with an f and has posted several anti-lgbtq+ comments.

Claims to be Christian AND Jewish.

His post history only goes back 9 months even though his account is 3 years old. I'll bet you a nickel if you went through his deleted messages you'd find a lot of n bombs.";Racist;2;1;2;0;22
"Typical of whites to break rules and expect exceptions for themselves. 


Fuck whites, they don’t deserve to live. Fuck racism.";Extremely racist;3;1;2;0;22
You're just angry cause we got gay with your Dad;Non racist;0;1;2;0;22
"It also yells ""Fuck you"" when you get killed by it";Non harassing;0;2;2;0;22
"Yeah, Trump misses one vowel because his teleprompter is washed out and it's front page of reddit.

Biden invents his own fucking language and you shy your face like you accidentally saw up your great aunt's skirt.";A little harassing;1;2;2;0;22
We fucking despise your country since the Second World War ended. Every single president you’ve had in history has been garbage. Don’t act like because now suddenly you guys have a president that doesn’t act like he’s some decent person while destroying the world economy and bombing children hospitals like all the others did we now for the first time dislike you guys.;Harassing;2;2;2;0;22
If you believe the bullshit about Russia you are a giant sucker.    Hacking politicians doesn't do shit to change US politics.    The media lies to you about that because they want you to ignore how effective it is for Israel and Saudi Arabia to bribe  politicians in the USA.;A little harassing;1;2;2;0;22
This man here is living the dream. Lucky bastard;Non harassing;0;2;2;0;22
Coffee oatmeal with low cal sweetner is the shit;Vulgar;2;3;2;0;22
Yeah i'm never getting that kinda thing. Maybe im just a nostalgic guy but i don't want crazy advanced privacy infringing shit lmao;Vulgar;2;3;2;0;22
"Awwwww, that's cute. 

Trying to deflect from your admission of having things shoved up your ass as a child by REEEEEEEEEing at my disapproval of child pornography.";Extremely vulgar;3;3;2;0;22
Hmm, when I search WaPoo Prime Video, I don't get any references to the movie.  Had to find it via a search engine.  Amazon is doing something fucky.;Vulgar;2;3;2;0;22
"You, referring to women:

&gt;females  
&gt;  
&gt;some bitch

You, referring to men:

&gt;dudes

Are you even listening to yourself?";Vulgar;2;3;2;0;22
Infant rape?? This dude needs to be tortured to death not given a prison sentence;Extremely violent;3;4;2;0;22
If they catch you, they will kill you;Extremely violent;3;4;2;0;22
I would pay an assassin to kill the bourgeoisie;Extremely violent;3;4;2;0;22
Haha Yoshi is gonna die;Non violent;0;4;2;0;22
I will kill you and ride straight to emerald ranch to pay the bounty idgaf.;Extremely violent;3;4;2;0;22
What's to figure out? He agrees with me!;Toxic;2;0;3;1;23
is this a satire subreddit?;Toxic;2;0;3;1;23
Great Scott!;A little toxic;1;0;3;1;23
nostalgia for when she was curzon;Toxic;2;0;3;1;23
Also Sterilization Virus is unlikely to work. It’d be devastating, yes, but if they have the tech to make something like that, they’d likely also have the tech to use stored embryos and artificial wombs to start this whole mess back up.;Toxic;2;0;3;1;23
Because you shouldn't face legal penalty for calling someone a nigger;Extremely racist;3;1;3;1;23
They want to murder Jews just as much as you want to murder cishet white people.;Racist;2;1;3;1;23
Burnt like Jews;Non racist;0;1;3;1;23
Nazi punk fuck off;A little racist;1;1;3;1;23
You are morally gay;Racist;2;1;3;1;23
"Says the same fucking people who can't take conversation about people in poverty lifting themselves up by the bootstraps. 

Sit back down kiddo.";Harassing;2;2;3;1;23
Jimmy Dore is right... wing’s useful idiot.;Harassing;2;2;3;1;23
"No one called me on my bullshit.  My comment is still there and not you nor the other troll has even addressed it.  

Your comment perfectly exemplifies exactly the troll behavior that I'm talking about.  You are lying about me providing sources.  I have consistently provided sources and pieces of shit like you ignore them or you dismiss them or you marginalize them.  So, you want to argue against my comments, then you bring the sources.  That's what you've earned by being a piece of shit troll.

Like I said, I will gladly source my arguments to others but it's a waste of time for idiots like you.";Harassing;2;2;3;1;23
"&gt; the problem is mostly due to the black community, they commit crimes like it's their job

Huh, maybe generational slavery and segregation and racism makes people far more likely to be poor, and maybe poor people commit more crimes. It's almost like black people are humans like everyone else.

&gt;I'm all for more and better training for cops, but until the black community gets the message that they're the biggest part of their own problems then nothing will get better.

People like you have been screaming this for generations, ignoring the blatant racism and discrimination suffered by black people. The horse is dead. Stop beating it.

&gt;The left doesn't believe in truth, they think that it's an invention and that it can be reinvented

You're the one denying *blatant reality* buddy. You live in an echochamber. You're arrogantly ignorant. Pull your head out of your ass and stop thinking you understand jack fucking shit.";Extremely harassing;3;2;3;1;23
"NAH.

You *did* let him use a restroom, just not *that* one.  If you had refused to let him use any, you would be an asshole.";Harassing;2;2;3;1;23
Oh damnnn;Non vulgar;0;3;3;1;23
He really had to take a crap.;Non vulgar;0;3;3;1;23
The thing they said about being an adult. If something is a minor inconvenience for you, but will be of exponentially greater good towards your relationship with someone you may have to interact with long term, that call seems really fucking easy to me.;Non vulgar;0;3;3;1;23
I’m kinda bummed this is downvoted.  Don’t usually care about that shit either.;A little vulgar;1;3;3;1;23
He's not really pro-life, though, he's just pro-birth. He doesn't give a flying fuck about the quality of life of the WOMAN in the situation, only about that of the parasite/fetus.;Vulgar;2;3;3;1;23
OI YA SHAMEFUL GITZ! IT IZ PRONONCE! SAY IT RIGHT NEXT ‘IME! DO IT OR I’LL BLAST YA HEAD OFF WITH MY SHOOTA!;A little violent;1;4;3;1;23
Death to capitalism;A little violent;1;4;3;1;23
I will rip you in half;Violent;2;4;3;1;23
Yea they are going to cut out your kidney and sell it if you go.;Violent;2;4;3;1;23
Sign my petition or I'll follow you home and kill your dog.;Extremely violent;3;4;3;1;23
For gods sake don’t get upset and worried about going soft, take a pill they’re generic now and cheap. Go have fun.;Toxic;2;0;2;1;24
"&gt;They're preparing to ban Smuggies and WatchRedditDie.

Stop I can only get so erect";Extremely toxic;3;0;2;1;24
I'd believe that.;Non toxic;0;0;2;1;24
America in 1944;Non toxic;0;0;2;1;24
is this a satire subreddit?;Non toxic;0;0;2;1;24
if you are gay and vote republican you are just stupid.;Extremely racist;3;1;2;1;24
What?! Asian women have bodies like fat little boys, gross! Don’t know why they get fetishized so much.;Racist;2;1;2;1;24
Like damn these Karen's cant just disturb the peace. They gotta harass the young, minorities and choke the heck out of their poor dog while doing it.;Extremely racist;3;1;2;1;24
What a bunch of pussy Italian players im Mexican and if for some fucking reason we got a cartel type of skin I wouldn’t give a fuck;Racist;2;1;2;1;24
HKers hate being Asian and would want a white man carrying and are eating and drink their cum than  having Asian pride because they feel like pussies. And I will be lighting and pissing on your grave when you die from burning.;Extremely racist;3;1;2;1;24
????? Moron;Harassing;2;2;2;1;24
Reformism is the dreamland that the rich fascists use to keep the working class in check. It's all fucking bread and circuces;A little harassing;1;2;2;1;24
That totally justifies becoming an asshole yourself, sure.;A little harassing;1;2;2;1;24
"Bernie is old as shit, he’s going to retire soon, yet he still tows the party line. He’s on his way out; he should be calling out the party, yet he won’t. Fucking pathetic.";Harassing;2;2;2;1;24
I bet you’re stupid enough to grab another persons gun barrel.;Harassing;2;2;2;1;24
"Did they cancel his college acceptance or something? zoomers/twitter millennials doing that to kids is so fucked up

idk how else you really cancel a 17 year old. does losing your whatever job at 17 matter that much";A little vulgar;1;3;2;1;24
People ALWAYS make shit like that up for some reason.;Non vulgar;0;3;2;1;24
Because kenny was being an asshole and page got mad. They had time to think it over. Haven't you ever been in an arguement before?;Non vulgar;0;3;2;1;24
NJTP optics and timing are shitty.;Non vulgar;0;3;2;1;24
It's just talmudic bullshit. They know that will never happen, so they can say that.;Non vulgar;0;3;2;1;24
Because when you rape, murder, and torture a kid for months on end until they die (or do the above at all), you deserve to die yourself. But please tell me why a child rapist, murderer doesn’t deserve to die;Extremely violent;3;4;2;1;24
You die;Extremely violent;3;4;2;1;24
Because people are stupid and those stupid people get shot;Violent;2;4;2;1;24
Hope she gets skinned alive i wanna see her fucking head on a pike;Extremely violent;3;4;2;1;24
OI YA SHAMEFUL GITZ! IT IZ PRONONCE! SAY IT RIGHT NEXT ‘IME! DO IT OR I’LL BLAST YA HEAD OFF WITH MY SHOOTA!;Violent;2;4;2;1;24
deleted  ^^^^^^^^^^^^^^^^0.8063  [^^^What ^^^is ^^^this?](https://pastebin.com/FcrFs94k/58373);A little toxic;1;0;2;0;25
Baje je ene 100 ljudi umrlo leta 1989 na kitajskem trgu. Se ne ve zakaj;Toxic;2;0;2;0;25
Profits over people, got it;Toxic;2;0;2;0;25
What does that mean?;Non toxic;0;0;2;0;25
I’m still allowed to have an opinion;Toxic;2;0;2;0;25
These white males need to keep BW out of their mouths. “Lower your standards and date a black woman”?!? Wtf but that’s the usual racist nonsense these privileged white males spout.;Racist;2;1;2;0;25
I assume you are white and don't have to live as a black person where Confederates and slavery are celebrated you absolutely privileged fuckhead;Non racist;0;1;2;0;25
Ah yes, linclon, the man who wanted to send the niggers back to Africa;Extremely racist;3;1;2;0;25
Fuck off, fascist.  White Nationalists are invariably White supremacists.;Non racist;0;1;2;0;25
Go back harassing minorities!;Extremely racist;3;1;2;0;25
Holding a firearm isn’t instigation dipshit, unless you’re a boot licking pussy;Harassing;2;2;2;0;25
"Remember when she had all those kids in her office or whatever and they were crying about climate change with their teacher and she was basically ""shut the fuck up you dumb kids and let us grown ups take care of shit""

That was the awesomest.  I can't not like her after that.  I know she's shit though.  The conflict is killing me, I'm going to go make love to a sock now.";Harassing;2;2;2;0;25
That totally justifies becoming an asshole yourself, sure.;Non harassing;0;2;2;0;25
Man fuck anyone that is trying to defend or normalize any form of that shit. Idk if they say they cant help it or what ever disgusting argument they come up with castrate every single one of these piles of human waste.;Harassing;2;2;2;0;25
im a fucking moron, someone linked cap olympic change plates on amazon when they were in stock, i just needed a pair of 5s so i ordered them. didn't realize i ordered a *single* 5. I'm so mad at myself lmfao, back to fucking searching;Harassing;2;2;2;0;25
It reminds me of every single bullshit post on r/entitledbitch or r/entitledparents that’s written by 14 year olds.;Extremely vulgar;3;3;2;0;25
Soledad is a cunt and I’m not on anyone’s time but mine.;A little vulgar;1;3;2;0;25
"That doesn't make any sense. Are you saying singular they is a problem for when you genuinely don't know someone's gender? That is a genuine problem with English linguistics.

While it concerns pronouns its a different problem than someone demanding you refer to them other than you know them to be.

I don't know who the artist is at all. I know all I need to know. They fucking suck.

I don't need to know their pronouns nor do I give a shit. You running around telling people what pronouns to use or not use. Check yourself.";Non vulgar;0;3;2;0;25
They did the same thing to Ron Paul. Glad the other side can see some of the bullshit now.;Non vulgar;0;3;2;0;25
"and y'all traded demar; that's just how this shit works, sadly";Non vulgar;0;3;2;0;25
Death to all wh*te people;Violent;2;4;2;0;25
Man he needs to die in a fire;Extremely violent;3;4;2;0;25
They will kill you.;Extremely violent;3;4;2;0;25
If you tell people to go there you go to hell before you die;A little violent;1;4;2;0;25
Yea they are going to cut out your kidney and sell it if you go.;A little violent;1;4;2;0;25
"Magic: The Gathering is a collectible card game (one of the grandfathers of the medium). The company currently running it, Wizards of the Coast, has put quite a bit of effort into making a coherent background story for the sets of cards - previously they did that through weekly short stories on their website and other media, nowerdays they want to mostly do it through e-books.

To sum up: in the world of MTG, there are many ""planes"" - each of them basically a parallel dimension with their own flavour of fantasy. They have a few things in common, most importantly: there are always the five colours of mana and there are very, very rare people that have a ""spark"" that, should it become activated, allows them to travel between those planes. 

Linden is the Queen of Eldraine and reigns together with her husband, Kenrith. The plane is heavily inspired by European folk tales: castles, knights, fairies, witches, basically a big twist on Brother Grimm themes. On Eldraine, the five knightly courts (aligned to the five colours of mana) keep the magical beasts of the Wilds at bay and protect the people of the Realm.

 The story of the set is that a planeswalker called Oko, a chaotic sort-of-anarchist, kidnaps the High King Kenrith, ends up transforming him into a stag and plans to rile up the elves living in the woods against the knightly courts. Kenrith's children, the twins Will and Rowan, try to find and save him.";Non toxic;0;0;2;1;26
Taft Hartley really restricted what exactly a Union could do unfortunately;A little toxic;1;0;2;1;26
Great Scott!;Non toxic;0;0;2;1;26
"Marxism-Incelism?

lel";A little toxic;1;0;2;1;26
This exactly. Rent-seeking. Read Henry George. Unlike Marx, his predictions actually come true and so long as you don't apply his principles, you'll wish they didn't.;A little toxic;1;0;2;1;26
"Alright pulling out the Atwater.

&gt; Atwater: Y'all don't quote me on this. You start out in 1954 by saying, ""Nigger, nigger, nigger"". By 1968 you can't say ""nigger""—that hurts you. Backfires. So you say stuff like forced busing, states' rights and all that stuff. You're getting so abstract now [that] you're talking about cutting taxes, and all these things you're talking about are totally economic things and a byproduct of them is [that] blacks get hurt worse than whites. And subconsciously maybe that is part of it. I'm not saying that. But I'm saying that if it is getting that abstract, and that coded, that we are doing away with the racial problem one way or the other. You follow me—because obviously sitting around saying, ""We want to cut this"", is much more abstract than even the busing thing, and a hell of a lot more abstract than ""Nigger, nigger"". So, any way you look at it, race is coming on the back-burner.

You're the dupe. The schlamiel. The goober. The mark. The fool. The charlie. The nincompoop. The mooncalf. The ninny. The doofus.";Racist;2;1;2;1;26
Stupid southerners stole it from the Greeks, who were not racist only homophobic.;Extremely racist;3;1;2;1;26
WEEDNATION IS A BUMMY ASS NIGGA.  STRAIGHT FUCKING BUM THAT DUDE IS.;Racist;2;1;2;1;26
"""Fuck Palestinians because other Arabs exist "" 

Guess what, human rights are not conditional on numbers or wether white people feel brown deserve them. 
You wouldn't pull this disgusting logic on any predominantly white country. 

Hey, let's expell italians and leave milluons of them stateless because the assyrians don't have an ethnostate.";Non racist;0;1;2;1;26
"&gt;Chinese *fascist* imperialism

Yeah

You glow like the sun nigga

Imagine burgers unironically calling China of all places fascist";Racist;2;1;2;1;26
"why do you care if people understand or not. if they're too dumb to get it, their opinion doesn't matter, are you really that worried about some downvotes?

r/fuckthes";A little harassing;1;2;2;1;26
Black Lives Matter doesn't mean only black lives matter! holy shit you're more dense than a black hole;Harassing;2;2;2;1;26
cooked avocado is fucking disgusting anyway;Non harassing;0;2;2;1;26
PCM normalises racism and facism. Fuck that place;A little harassing;1;2;2;1;26
Warrens plan was absolutely NOT comprehensive, you liar. And every bit of sanders plan was outlined but maybe it was too much for you too understand? Doubt you even checked, neoliberals do not give a fuck in the end.;A little harassing;1;2;2;1;26
Yeah and getting shit on isn't suffer worthly and got removed lol;A little vulgar;1;3;2;1;26
Pictures of shit _not_ in the toilet bowl... why? I don't know.;A little vulgar;1;3;2;1;26
"and y'all traded demar; that's just how this shit works, sadly";A little vulgar;1;3;2;1;26
All these clout chasers getting cancelled cause LTG was. Bunch of dick riders;Vulgar;2;3;2;1;26
I kinda feel bad for coutinho. That move to Barcelona really fucked him. He played a good roll when he was in Liverpool and no he's basically in no man's land. He's a good bloke too. The grabbing his sister's ass thing is weird(i don't care how hot she is) but off the pitch, he's a decent guy.;Extremely vulgar;3;3;2;1;26
IM AS HIGH AS HELL AND YOURE ABOUT TO GET SHOT;Extremely violent;3;4;2;1;26
If you tell people to go there you go to hell before you die;Extremely violent;3;4;2;1;26
I hope you go to prison when you inevitably kill an innocent protestor by plowing your car thru them;Violent;2;4;2;1;26
Because she killed the man and I HOPE SHE BURNS IN HELL!;Violent;2;4;2;1;26
Try killing more people and we may put you in the next one;Extremely violent;3;4;2;1;26
Uzbekistan: being Uzbeks, aka Persians disguised as Turks.;A little toxic;1;0;2;1;27
"I say mind of God because those things cannot possibly all fit within the mind of a human, and also be operant in the universe as a whole.  Can you imagine a full chiliagon?  Or the complete Mandelbrot set?  

A part of us, called the *nous* can connect with these things, and even discover new ones the way a telescope views the heavens.  We can make that analogical bridge that allows us to communicate, impossible without metaphysical universals.";Non toxic;0;0;2;1;27
Niste v vecini, samo sreco imate, da mladi ne volijo.;Non toxic;0;0;2;1;27
Likewise;Non toxic;0;0;2;1;27
America is the only other country! /s;Toxic;2;0;2;1;27
You’re moom gay;Racist;2;1;2;1;27
Bruh China sucks major ass. Sending all their minorities to *reeducation* camps;Racist;2;1;2;1;27
Burnt like Jews;Extremely racist;3;1;2;1;27
I mean everything expect being gay and murdering. The albums just a entire fucking bop;Racist;2;1;2;1;27
Stupidpol is a subreddit about being gay with your dad;Racist;2;1;2;1;27
"&gt; i dunno man good guys seems extreme they’re more like the lesser evil guys

Is this a fucking troll? Am I tripping on LSD and don't know it? Or is your existence so warped and your mind so fucked that you genuinely believe this garbage?

Because if so, we need to figure out a way to quarantine you permanently so you don't infect others with your filth.";Harassing;2;2;2;1;27
Was that idiot doubting that the Nazis started WW2?;A little harassing;1;2;2;1;27
Dumb troll. Get a job.;A little harassing;1;2;2;1;27
"I like how a post from 9 months ago with like 28 upvotes, and 35 comments from women saying they absolutely hate catcalling because they just want to be left alone, it makes them feel unsafe and objectified, etc., is somehow ""proof"" that women love being sexually harassed and catcalled by random strange men.   

What a fuckin dense weirdo.";A little harassing;1;2;2;1;27
Then you’re just a dunce parroting what other dunces say. You could come up with better phrases to fuck with people but that would require you to have creativity, wouldn’t it?;Harassing;2;2;2;1;27
I'm downvoting you cause you're being a bitch. Wanting sport to be apolitical while grandstanding about your personal politics is laughable.;Vulgar;2;3;2;1;27
"Awwwww, that's cute. 

Trying to deflect from your admission of having things shoved up your ass as a child by REEEEEEEEEing at my disapproval of child pornography.";Vulgar;2;3;2;1;27
Welp time to get the wife to make me badges stating I'm not an asshole I just have fashion issues.;A little vulgar;1;3;2;1;27
Yeah that's my point, that's the shit libs fawn over, not leftists;A little vulgar;1;3;2;1;27
Also, I love how the best worker out of every single person you mentioned is the Joshi champ. People sleep on Io because womens wrestling is historically taken less seriously bit Io has been proving herself as a top 5 talent in the world regardless of gender and that's so fucking cool to me.;Vulgar;2;3;2;1;27
How are u so sure other countries kill you guys off first;Violent;2;4;2;1;27
Then I’m gonna have to kill more people;Extremely violent;3;4;2;1;27
Because when you rape, murder, and torture a kid for months on end until they die (or do the above at all), you deserve to die yourself. But please tell me why a child rapist, murderer doesn’t deserve to die;Violent;2;4;2;1;27
Maybe someone should choke you and your immediate family to death, see how you like it;Violent;2;4;2;1;27
Death to capitalism;Non violent;0;4;2;1;27
Okay, but this creates a perverse incentive for people to intentionally try to get infected.;Non toxic;0;0;2;0;28
Yes. Although there is a virtually limitless supply of people willing to do minimum wage jobs.;Non toxic;0;0;2;0;28
He may own the cat but that doesn’t give him the right to abuse it;Non toxic;0;0;2;0;28
Kinda sounds like libertarian socialism? Probs a lot of the more lefty ppl here would be cool with that. We make fun of self-proclaimed libertarians that looove love love lickin boot.;A little toxic;1;0;2;0;28
It was also with a grudge with the the concrete place I believe.;A little toxic;1;0;2;0;28
Go to bed child. Stop watching gay porn.;A little racist;1;1;2;0;28
The Chinese are disgusting people. They Live like animals.;Non racist;0;1;2;0;28
"New Black Panther Party:

“Our lessons talk about the bloodsuckers of the poor. …  It’s that old no-good Jew, that old imposter Jew, that old hooked-nose, bagel-eating, lox-eating, Johnny-come-lately, perpetrating-a-fraud, just-crawled-out-of-the-caves-and-hills-of-Europe, so-called damn Jew … and I feel everything I’m saying up here is kosher.”

— Khalid Abdul Muhammad, one of the party’s future leaders, Baltimore, Maryland, February 19, 1994.


“Kill every goddamn Zionist in Israel! Goddamn little babies, goddamn old ladies! Blow up Zionist supermarkets!”

— Malik Zulu Shabazz, the party’s former national chairman, protesting at B’nai B’rith International headquarters in Washington, D.C., April 20, 2002.


“I hate white people. All of them. Every last iota of a cracker, I hate it. We didn’t come out here to play today. There’s too much serious business going on in the black community to be out here sliding through South Street with white, dirty, cracker whore bitches on our arms, and we call ourselves black men. … What the hell is wrong with you black man? You at a doomsday with a white girl on your damn arm. We keep begging white people for freedom! No wonder we not free! Your enemy cannot make you free, fool! You want freedom? You going to have to kill some crackers! You going to have to kill some of their babies!”

— King Samir Shabazz, former head of the party’s Philadelphia chapter, in a National Geographic documentary, January 2009.


“It’s the cracker doing that…our people have always fought against the cracker.”

— Krystal Muhammad speaking about Jim Crow laws in Soweto, South Africa, June 2016.";Extremely racist;3;1;2;0;28
No you dont understand! You have to watch porn otherwise youre a weirdo! Fucking gay mod.;A little racist;1;1;2;0;28
"bolsonaro is a fucking retarded cuck selling out my country to china and america

people only call him ultra nationalist or whatever because he hates gays

i wish we had an actual nationalist president";Non racist;0;1;2;0;28
Nah dude, fuck Kanye. He sampled 21st century schizoid man without Fripp's or DGM's permission. I don't care if Greg lake liked how the song was implemented, Kanye really stole intellectual property.;A little harassing;1;2;2;0;28
Nah, he's a piece of shit too.;Non harassing;0;2;2;0;28
"No, you want him ""called out"" for being ""selfish"" for wanting to improve his life and trying to incite others to do so you shitty little busybody. Fuck off and try improving your own life and stop worrying about everyone else. Invest in your own life and you'll do better for yourself.";Harassing;2;2;2;0;28
You're pretty ugly.;A little harassing;1;2;2;0;28
I seriously what orokin fucktard saw these mechs and thought, we need dead people with steel skin to be controlled by kids with PTSD.;Non harassing;0;2;2;0;28
That’s a pretty crap brothel;A little vulgar;1;3;2;0;28
They either forgot in which case it's worth reminding, or they did this knowingly, in which case definitely tell them to fuck themselves (diplomatically).;A little vulgar;1;3;2;0;28
"So you're okay with employers hiring undocumented immigrants knowingly, even though it's against the law? Doesn't that contradict all of what you say?

Oh, you don't give a shit about immigrants, you just hate everyone who doesn't look like your kind. Nobody would bat a fucking eyelid if there was mass migration from the northern border. But why would there be? America is such a racist shit hole that people no sane Canadian would emigrate here.";A little vulgar;1;3;2;0;28
Lol I was with you till that last part. Absolute clown shit.;A little vulgar;1;3;2;0;28
Pete sucks but her posting 'all lives matter' and defending cops was worse;A little vulgar;1;3;2;0;28
Commies are going to commie. These people hate you and want you to die.;Violent;2;4;2;0;28
'Do not reach to the small of your back or I will kill you';Extremely violent;3;4;2;0;28
buh bye honey ur very nasty and ur gonna die lmao;Violent;2;4;2;0;28
You deserve the gas chamber you scum bag. I hope they drag you off first;Extremely violent;3;4;2;0;28
"Also if you’re Uyghur or HKer you’ll literally be exterminated

Source: my ass";Extremely violent;3;4;2;0;28
"Magic: The Gathering is a collectible card game (one of the grandfathers of the medium). The company currently running it, Wizards of the Coast, has put quite a bit of effort into making a coherent background story for the sets of cards - previously they did that through weekly short stories on their website and other media, nowerdays they want to mostly do it through e-books.

To sum up: in the world of MTG, there are many ""planes"" - each of them basically a parallel dimension with their own flavour of fantasy. They have a few things in common, most importantly: there are always the five colours of mana and there are very, very rare people that have a ""spark"" that, should it become activated, allows them to travel between those planes. 

Linden is the Queen of Eldraine and reigns together with her husband, Kenrith. The plane is heavily inspired by European folk tales: castles, knights, fairies, witches, basically a big twist on Brother Grimm themes. On Eldraine, the five knightly courts (aligned to the five colours of mana) keep the magical beasts of the Wilds at bay and protect the people of the Realm.

 The story of the set is that a planeswalker called Oko, a chaotic sort-of-anarchist, kidnaps the High King Kenrith, ends up transforming him into a stag and plans to rile up the elves living in the woods against the knightly courts. Kenrith's children, the twins Will and Rowan, try to find and save him.";Non toxic;0;0;2;0;29
Yeah, it is really sad that even socialist revolutionaries of the era wasnt above bigotry.;A little toxic;1;0;2;0;29
apparently, he can’t kill or stop him in jail.;Non toxic;0;0;2;0;29
Basspod and cosmic meadows. I can count how many times I've been to the main stage on one hand. I hate  it over there.;Non toxic;0;0;2;0;29
Lady legs lol! Your comment has me in stitches 😂;A little toxic;1;0;2;0;29
Racist white gays really do need to fuck off. He says the word cracker in response to a guy saying he doesn’t care about black people, and you basically call him a slave?? Are you an idiot??;Non racist;0;1;2;0;29
Fuck off, fascist.  White Nationalists are invariably White supremacists.;Non racist;0;1;2;0;29
"You're on another fucking planet. Some trans women don't like their dicks. Some so much that they cut them off.

Other trans women love their lady dicks and actually like waving it in cis women's faces, because they know they're untouchable and any complaint about having dick in your face will be deemed ""transphobic"". So these women shut the fuck up and deal with the lady dick, which gives the trans women a feeling of power.

In case you haven't noticed, everything happening on the left is all about POWER.";Non racist;0;1;2;0;29
Nigga this stuff is such a bad example of good d1 armour that’s some bland shit if I’ve ever seen it;Extremely racist;3;1;2;0;29
"just pray they don't find ""THIS NIGGAS A SANDWICH""";Extremely racist;3;1;2;0;29
Probably because most of parliament are landlords, the bastards.;A little harassing;1;2;2;0;29
If you believe the bullshit about Russia you are a giant sucker.    Hacking politicians doesn't do shit to change US politics.    The media lies to you about that because they want you to ignore how effective it is for Israel and Saudi Arabia to bribe  politicians in the USA.;A little harassing;1;2;2;0;29
"What's wrong with Americans? They shit and piss and cry about raycisss cops killing 13%ers but when they witness it in person seems like all they'll do is film it for the twitter likes and calmly inform the cop ""that's not cool bro, u should probably stop killing him bro"".

I don't give a shit if it starts a race war, I'm tired of the fucking foreplay, just do something already. Literally a nation of NPC's why can't u just disappear";A little harassing;1;2;2;0;29
"Well fuck the Palestinians then I guess. Sovereignty? Consent of the people? Never heard of it. No, foreigners just get to take their land. Their will be damned.

There's literally no human on this planet that is indigenous to exactly one place and it's pretty anti Semitic (and logically absurd) to imply Jews don't belong in their countries but in this random area in the middle East. 

Imagine if we up and decided to reverse every human migration in the last 2000-3000 years. 

Let's hand over Africa to the Europeans while we're at it. All humans come from Africa after all.";Non harassing;0;2;2;0;29
"""What a fucking bigger""


-PewDiePie, 2017";Non harassing;0;2;2;0;29
1st time a private bizness man with a multi-million buck portfolio that he acquired before public service. I would'nt want you to look at my shit either.;A little vulgar;1;3;2;0;29
Imagine pretty much making the KKK irrelevant only to create your own shitty kmart knockoff.;A little vulgar;1;3;2;0;29
It won’t be cal, simply because his lightsaber fucks everything up. My bet is on Ezra Bridger, but probably not until the series concludes after he and Thrawn are found;A little vulgar;1;3;2;0;29
Bullies are bad. Standing up to bullies is good lol. It's heartwarming shit;A little vulgar;1;3;2;0;29
"I'll get one, but... It's fucking hideous. It reminds me of the BMW i8, which looks like it is shitting out a smaller car. This console seems to have swallowed another console.

At least the games they showed off today look spectacular.";A little vulgar;1;3;2;0;29
All redditors should be round up into camps and killed;Violent;2;4;2;0;29
You die;Extremely violent;3;4;2;0;29
Death to capitalism;A little violent;1;4;2;0;29
Upvote or I'll shoot you;Violent;2;4;2;0;29
Hope she gets skinned alive i wanna see her fucking head on a pike;Extremely violent;3;4;2;0;29
Just your typical left winger engaging in a debate.;Non toxic;0;0;3;1;30
Noice;Non toxic;0;0;3;1;30
"&gt;You are not a feminist if you brand actual feminists and survivors of sex trade (victims of sex trafficking, womxn who choose it due to poverty+oppressive circumstances, willing prostitutes who get trapped in a vicious ""sex trade"" circle) as SWERF. Abolishment of marriage, prostitution and other gendered structures are legitimate feminist goal and (anarcha+communist+socialist+even some liberal) feminists have long been supporting these goals.

i don't believe i ever did that? i was just saying that the criminalization of sex work under capitalism will only lead to greater exploitation in the industry. also, i do support the abolition of all gendered structures and normative gender roles, i just don't think that outlawing sex work in a capitalist framework is the best way to do that, and would prevent any people who are currently sex workers from exercising the small number of labor rights that workers do have at the moment, such as unionization, legal protection from violence, etc.

&gt;Also, if these aforementioned feminists are SWERF, then you are a PINF (pimps/punters inclusive neoliberal feminists). Also you are a vile transmisogynist because of your reactionary imitation of the acronym TERF (an actual, legitimate acronym).  
&gt;  
&gt;I don't know why they didn't ban you outright for your heteropatriarchal reactionarism.

i just, what? i'm a heteropatriarichal neoliberal transmisogynist? i am literally a transgender pansexual communist. i don't really know how to respond to this. terfs generally are anti-sex worker, so i'm not really sure how i am imitating them? it really seems like you just copy pasted a bunch of descriptors used by leftists and feminists without any understanding of what they mean. really, am i being trolled right now?";Non toxic;0;0;3;1;30
I’m that case you would qualify for benefits because your hours/income has been reduced;Non toxic;0;0;3;1;30
Guess I'll wind up in the ICU;Non toxic;0;0;3;1;30
Now you are a homophobe, using gay as an insult and slur? You really are what you claim to hate, bigot.;Non racist;0;1;3;1;30
"Bootlicker.

Of course they do. But not nearly at the same rate, and white people can get away with way more shit. You had white fascists storming the fucking Capitol building screaming in pigs' faces and they didn't blink.";A little racist;1;1;3;1;30
White girls *do* fuck dogs though;Racist;2;1;3;1;30
Burnt like Jews;Extremely racist;3;1;3;1;30
Must suck getting your news from Stormfront, Nazi dumbass;Racist;2;1;3;1;30
Holy fuck. What an incredible asshole.;A little harassing;1;2;3;1;30
to be fair, a phone is personal property not private property. so that kid can fuck off;Non harassing;0;2;3;1;30
Nah dude, fuck Kanye. He sampled 21st century schizoid man without Fripp's or DGM's permission. I don't care if Greg lake liked how the song was implemented, Kanye really stole intellectual property.;A little harassing;1;2;3;1;30
"&gt;democrats decided to use lies to make him a racist.

Yeah I forgot the democrats forced him not to pay his migrant workers in building Trump tower.

The democrats, Trump, they're all in it together, and they're all fucking kids";Non harassing;0;2;3;1;30
Chad I dig you. Big fan- But you are being a moron and Bisbing would smash the shit out of you.;Non harassing;0;2;3;1;30
Funny how police need to deal with people on drugs regularly, but seem to fuck it up. Like maybe they could do with training for situations they are likely to encounter.;Non vulgar;0;3;3;1;30
Wow s14 people are assholes for getting mad at Ian for rocking on the hammock. They should've realized it was a comfort thing even if they thought it was weird and didnt know he was autistic.;Non vulgar;0;3;3;1;30
"""The greatest lies are made up of half truths...""

also water is wet and  my dick is 12 inches long";Vulgar;2;3;3;1;30
You you think Hegel got pussy or no?;A little vulgar;1;3;3;1;30
"Why are you torturing your poor mom by making her deal with your relationship mess? Doesn't she have enough going on right now? 

As gently as I can say it: Grow a pair and deal with it. This is your circus, not hers. Kick his ass out and cut off all contact.";A little vulgar;1;3;3;1;30
There can be not a single concession to fascism. Give a nazi your hand and he will take our entire arm and beat someone to death with it.;Non violent;0;4;3;1;30
I hope you get the virus and die choking for air tbh. You would deserve. It. People like you are a cancerous tumor that needs to be cut out.;Violent;2;4;3;1;30
Then you die;Violent;2;4;3;1;30
"I listen to Mc Vagina killing people while I kill people

With guns";Violent;2;4;3;1;30
If your vending machine is filled with civil war suits, dirty white asylum dresses and non-legendary weapons then no, I will not be closing your doors. I'm going to eat your damn tatos and kill your cow, too.;A little violent;1;4;3;1;30
Contrary to popular opinion lately, this isn’t a coronavirus sub. Posts need to at least be loosely connected to Lowe’s. That said, I wouldn’t post this anyway based on quality of the research. This is one scientist saying something. It hasn’t been peer reviewed, hasn’t been accepted by the WHO, and could easily be disputed by a dozen other scientists for all we know. At the end of the day, it’s just not something that needs to be here. Check out r/china_flu. I look at that site a lot for this kind of stuff.;Non toxic;0;0;3;0;31
It's not a tab, it's his bookmarks bar.;Non toxic;0;0;3;0;31
I have 4 of them, and yes, they're that good. He's also devoting a lot of his production line to make face masks, for free. No one has forced him to do it.;Non toxic;0;0;3;0;31
Did you know that mushroom spores can have thousands of different sexes. like not just boy and girl but also egsr and ij46 and dbxgoh and sekbh, i just made those up because i don't know what they call the other sexes of if they even have names;Non toxic;0;0;3;0;31
Deal with it.;Non toxic;0;0;3;0;31
And gays are ACTUALLY beheaded/stoned/hanged.;Extremely racist;3;1;3;0;31
Hating dumb, racist rednecks and greedy, human dragons is the foundation of juggalo theory.;Racist;2;1;3;0;31
my nigga rob going up!;Racist;2;1;3;0;31
"""Fuck Palestinians because other Arabs exist "" 

Guess what, human rights are not conditional on numbers or wether white people feel brown deserve them. 
You wouldn't pull this disgusting logic on any predominantly white country. 

Hey, let's expell italians and leave milluons of them stateless because the assyrians don't have an ethnostate.";Non racist;0;1;3;0;31
Black supremacists lol what a dumbfuck;Non racist;0;1;3;0;31
Nah, he's a piece of shit too.;Non harassing;0;2;3;0;31
Chad I dig you. Big fan- But you are being a moron and Bisbing would smash the shit out of you.;A little harassing;1;2;3;0;31
"No, no, that's a ""whore."" Sluts do it for free. Get your terminology right!";A little harassing;1;2;3;0;31
Even if he was just standing there he was wearing a MAGA hat and attending an anti-abortion rally so eithrr way he's a racist piece of shit.;A little harassing;1;2;3;0;31
Immigrants don’t make their own state with the land they forced you off of you Zionist scum.;Harassing;2;2;3;0;31
What kind of shitty olives do you people have?;Non vulgar;0;3;3;0;31
Well it's different in the sense that Scottish independence makes a fuck of a lot more sense than Brexit.;Non vulgar;0;3;3;0;31
God, I've played the first one and it was really fucking good and I recently bought Before the Storm as a sendoff for Max and Chloe's story. Seriously, the ending of the first game literally made me tear up and contemplate for an entire week.;Non vulgar;0;3;3;0;31
Holy shit, I thought this was advanced running till the 10 minute mile hit.;Non vulgar;0;3;3;0;31
"It has done remarkably well in the face of economic hardship and the US imperialist embargo, which even this article by the HRW (lol) calls ""misguided"". In the fucking title.";Non vulgar;0;3;3;0;31
Because people are stupid and those stupid people get shot;A little violent;1;4;3;0;31
Any wizard who can't beat a dumb barbarian deserves to die.;Violent;2;4;3;0;31
"Die

Die

or Die";Violent;2;4;3;0;31
Upvote or I'll shoot you;A little violent;1;4;3;0;31
If your vending machine is filled with civil war suits, dirty white asylum dresses and non-legendary weapons then no, I will not be closing your doors. I'm going to eat your damn tatos and kill your cow, too.;A little violent;1;4;3;0;31
America is the only other country! /s;Non toxic;0;0;1;0;32
deleted  ^^^^^^^^^^^^^^^^0.8063  [^^^What ^^^is ^^^this?](https://pastebin.com/FcrFs94k/58373);Non toxic;0;0;1;0;32
or the episode where Rikers falls in love with the kinda-but-not-really trans alien. they had to use an afab actor for that role but it still pushed boundaries;Non toxic;0;0;1;0;32
And they wouldn’t be scrubbing the floors if they weren’t employed.;Non toxic;0;0;1;0;32
"&gt; USPS is on the brink of financial failure. 

Because Congress forced them to prefund pensions not because they're somehow inept.";A little toxic;1;0;1;0;32
I mean everything expect being gay and murdering. The albums just a entire fucking bop;Racist;2;1;1;0;32
If you cuff me you're gay.;A little racist;1;1;1;0;32
Gay imperialist thugs. So wholesome!;Racist;2;1;1;0;32
"just pray they don't find ""THIS NIGGAS A SANDWICH""";Racist;2;1;1;0;32
Niggardly;A little racist;1;1;1;0;32
Jim Jeffrey was caught out on camera being racist and drawing black people he was trying to jebait Avi yemini in a interview to say something racially charged so he could deceptively edit it for culture/identity politics points. Except he didn't bank on Avi secretly recording the entire interview and releasing it...Jim fucking disappeared and the msm covered his racist fucking deplorable ass by not commenting on it at all.;Harassing;2;2;1;0;32
"You know me so well. 

A) You're an idiot for confusing the personalities of the women you allegedly spent a few minutes near with their ability to show personality through performances.

B) You seem like a simp.";A little harassing;1;2;1;0;32
A bunch of rich fucks who have never protested anything in their lives, and pathetic attendance in any case;A little harassing;1;2;1;0;32
the thing is Biden could get Paul Ryan flustered by laughing him off but Trump is like too fuckin stupid to even care;A little harassing;1;2;1;0;32
Was that idiot doubting that the Nazis started WW2?;A little harassing;1;2;1;0;32
"You, referring to women:

&gt;females  
&gt;  
&gt;some bitch

You, referring to men:

&gt;dudes

Are you even listening to yourself?";A little vulgar;1;3;1;0;32
"Calling someone homophobic isn't burying someone. It's proving you've taken the gay pill, and will gladly present your ripe asshole to the Marxist fa\**ots that want to see your country gone, and your children re-educated and pumped full of hormones.

And I can't see your bio on mobile. Let me guess, you got the autism, so it's ok to be playing with toys as a grown ass man?";Vulgar;2;3;1;0;32
"How hard is it for you people to get that it’s always been Best Actor and Best Actress, and that’s OK. NO ONE is getting hurt by that. But you wanna get all up in your feelings about gender and make sure that we don’t talk about men Vs. women or male vs. female, just to make sure that nobody gets their “multi-gendered” feelings hurt. It’s all for attention...

Edit: I know what the fuck gender neutral means. This has nothing tondo with me not knowing what it means, shit bird.";A little vulgar;1;3;1;0;32
Pictures of shit _not_ in the toilet bowl... why? I don't know.;Vulgar;2;3;1;0;32
Lol what kind of classist shit is this;A little vulgar;1;3;1;0;32
"😅😅😅 

Stop posting or he's going to kill you";A little violent;1;4;1;0;32
The PETA militia will murder you;Non violent;0;4;1;0;32
You die;A little violent;1;4;1;0;32
Death to capitalism;A little violent;1;4;1;0;32
“I am going to steal your clients and then I will kill them in front of you”;Violent;2;4;1;0;32
nostalgia for when she was curzon;Non toxic;0;0;2;1;33
My apologies for not being more specific;Non toxic;0;0;2;1;33
Not sure AA's biggest liability is dead dogs in first class, atm.;Non toxic;0;0;2;1;33
Just about everything. The only things I’ve really kept is all knowledge from all of my business classes, different formulas from math I use with business, and some science. That’s it. I’ll admit something’s are usual, mostly the stuff you’ll learn in college, besides that most stuff isn’t.;Non toxic;0;0;2;1;33
I find it criminal that you're banned;Non toxic;0;0;2;1;33
"&gt; What a fucking insane generalization to paint all white people with. It's almost like you're a horrible and extremely racist person. Lemme guess that you're a self-flagellating white person...

The Dems are the real racists sweaty! Also you're a race traitor if you help non-white people.";A little racist;1;1;2;1;33
Like damn these Karen's cant just disturb the peace. They gotta harass the young, minorities and choke the heck out of their poor dog while doing it.;A little racist;1;1;2;1;33
"Oh no Whites are angry about Ahmaud Arbery and how the McMichaels were framed as racists! Better go burn down affordable housing! 

See how this doesn’t work? The cop was already getting investigated. The regular protests and social media awareness raising was WORKING. Now you’ve muddied everything up with a bunch nigger monkeys throwing shit everywhere and setting buildings ablaze which mind you could have killed people.

I have no respect for the rioters, in many other countries they’d be shot and rightfully so.";Racist;2;1;2;1;33
huh? tucker is the realest nigga on all these festering platforms. what are you on bro;Racist;2;1;2;1;33
"Feminists be like: ew old white men in politics fuck off 

Also feminists: yaaaas more white women in politics";Racist;2;1;2;1;33
Get bent, faggot;Harassing;2;2;2;1;33
"&gt;I didn't lose any argument. I decided to stop responding to you, since you're playing some real mental acrobatics. Now kindly, piss off and stop replying.

I didn't do any mental gymnastics, you're the one who's throwing out bullshit, when you have zero knowledge of the situation, you ignorant Brit bong.

&gt;Reply if Sweden is the worst country.

Sweden is a shitty blace, but the UK is a fucking hell hole.";A little harassing;1;2;2;1;33
They *were* a terrorist organization because of those acts, but now they're just assholes.;A little harassing;1;2;2;1;33
"Seriously, I've seen these things snap and tear little terriers apart. I wish I could erase that image from my mind. Their fans will defend them to the death. 

Just because a dog breed is docile to its owner doesn't make it docile around everyone else.

Fucking idiots.";Non harassing;0;2;2;1;33
"When you ban a subreddit or discord, you don't prove them wrong, only that you fear what they say. Fuck censorship. All flavors. 

The blacklisting of undesireables, be it Ex-President Trump or Wall Street Bets, is fucking creeps";A little harassing;1;2;2;1;33
"Tetris Effect is ~5GB, and it's got better and more varied graphics than Modern Warfare.

(Seriously, if you haven't played Tetris Effect, give it a shot. It's a fucking masterpiece of audio-visual art.)";Non vulgar;0;3;2;1;33
"&gt; If Trump wins this election, he will almost certainly be able to pick another judge for the Supreme Court, tilting it even farther in favour of Republicans. This could be disastrous for the US for decades.

Counterpoint: If Biden wins this election, he will almost certainly be able to pick another judge for the Supreme Court, tilting it even farther in favour of Republicans. This could be disastrous for the US for decades.

This fact is irrelevant however because he won't win. He's a jibbering old wimp, a braindead geriatric, and a born loser and Trump will absolutely dogwalk him in front of a live national television audience. That old racist, raping, kiddie-fondling fuck is going to bullied and broke until he cries literal tears on stage and we're all going to watch it happen.

&gt; ...you do not have the moral high ground...

I don't give a fuck about the moral high ground. I'm not going to vote for any rapist.";A little vulgar;1;3;2;1;33
The way you're thinking of genetics certainly doesn't exist. It's not a phlogiston you can blame everything on. Unless you can give the rs accession number for SNPdb then you can't talk about genetics, fucktard.;Vulgar;2;3;2;1;33
Can't turn shit into diamonds every time.;A little vulgar;1;3;2;1;33
They either forgot in which case it's worth reminding, or they did this knowingly, in which case definitely tell them to fuck themselves (diplomatically).;A little vulgar;1;3;2;1;33
And then he rapes you;Violent;2;4;2;1;33
"When you raid: ""You're ugly, you're disgusting, I'm going to kill you. Give me 200 dollars.""";Violent;2;4;2;1;33
“I am going to steal your clients and then I will kill them in front of you”;Violent;2;4;2;1;33
Bolsanaro should be the first leader to die;Extremely violent;3;4;2;1;33
"""I hope your kids die of AIDS!""";Extremely violent;3;4;2;1;33
"You are kidding me right? Her story changed every time she told it, the “evidence” wasnt even circumstantial... there is no proof the two ever met

Her own friends could not support her story

Her friend admitted to being pressured to change her story

Witnesses dispute the story

Her own dad supported Kavanaugh and none of her family supported her.

She changed her story about the year it happened, how many people and where multiple times. She cant remeber the important details but remembers things like how many drinks she had.

She lied about fear of flying


She wanted to be confidential but went on record with a major media source....

She made tons of money from this whole thing";Non toxic;0;0;3;1;34
Y-you can't just print more money! That'll cause hyperinflation!;Non toxic;0;0;3;1;34
Guess I'll wind up in the ICU;Non toxic;0;0;3;1;34
"**March 31, 2020 - SOTN - A man&amp;#39;s home is his Castle**  

* **Prep:** Hot Shower  
* **Brush:** Cheap-o Amazon synthetic  
* **Razor:** RazoRock - Mission  
* **Blade:** Astra - Superior Platinum (green) (1)  
* **Lather:** [Castle Forbes - Cedarwood &amp;amp; Sandalwood - Cream](https://trythatsoap.com/collection/502/?product_type=cream)  

* **Post Shave:** [Proraso - Sandalwood - Aftershave](https://trythatsoap.com/collection/185/?product_type=aftershave)




I don&amp;#39;t usually use this razor but I wanted a change tonight.  It&amp;#39;s more aggressive than my Diplomat or Tech by far so it&amp;#39;s not my daily shaver. You have to use a very light touch with it and you will be rewarded with a very close shave. I don&amp;#39;t have any other razors to compare it to except my Ming Shi, which I rarely use. I imagine it would be equivalent to a setting of 5 or 6. Got the RazoRock on sale at Groomatorium. (I know, shameless plug for a great vendor)

 Hope you all are staying safe and well shaved in these difficult times.";Non toxic;0;0;3;1;34
Im just a banana bro. Im assuming youre referring to the chat lounge;Non toxic;0;0;3;1;34
"Would you guys consider jacking off to be a sport? I don't know about you motherfuckers but I consider that shit to be a sport okay? If people can sit back and label goddamn golf which is the boringest fucking sport in the world. Think about it, what the fuck athletically are you really doing in golf my nigga? All you doing is hitting a goddamn golf club. ""Oh my god that's a long as birdie man, nice birdie, nice put, and it went 258..."" get the fuck outta here nobody cares about that boring ass shit. Who the fuck really watches golf my nigga? Nobody gives a fuck. It makes niggas fall asleep. Fishing on the other hand... What the fuck are you really doing athletically my nigga in fishing?";Racist;2;1;3;1;34
"Why is there so so much mental illness among white people?? How very very weird that so many white people are struck with such a peculiar mental illness that makes them hateful racists.

Fuck off with that and get the fuck outta here.";Racist;2;1;3;1;34
The one that confuses me the most is Slavic Nazis. They only thing hitler hated as much as Jews was fucking Slavs.;Extremely racist;3;1;3;1;34
Niggardly;A little racist;1;1;3;1;34
Idk I think the crowd is gay as fuck, inventing boogie men.  Bunch of rich kids;Extremely racist;3;1;3;1;34
"This is what happens when you upvote all of those retarded ""racism is fucked I just want to run a profitable business!/have a monarchy!"" Posts.";Harassing;2;2;3;1;34
Probably because most of parliament are landlords, the bastards.;A little harassing;1;2;3;1;34
Ah, well he is a bastard then;A little harassing;1;2;3;1;34
Thankfully most violent scum ducks are stupid. Unfortunately some scum ducks are not. I’d change duck to fuck but my autocorrect made me laugh.;A little harassing;1;2;3;1;34
Why is working from home stupid? You a window cleaner or something?;A little harassing;1;2;3;1;34
1st time a private bizness man with a multi-million buck portfolio that he acquired before public service. I would'nt want you to look at my shit either.;Vulgar;2;3;3;1;34
we do sacrifices and blood and shit?;A little vulgar;1;3;3;1;34
"It has done remarkably well in the face of economic hardship and the US imperialist embargo, which even this article by the HRW (lol) calls ""misguided"". In the fucking title.";A little vulgar;1;3;3;1;34
They can have the UAW, which is why they can’t have shit else.;A little vulgar;1;3;3;1;34
Shit's getting bad, but the US gov ain't going anywhere, friend. Rome took more than a thousand years to fully collapse.;A little vulgar;1;3;3;1;34
And then he rapes you;Violent;2;4;3;1;34
I want her dad to die! She can think whatever she wants;Extremely violent;3;4;3;1;34
Hope u get aids and die;Extremely violent;3;4;3;1;34
"I listen to Mc Vagina killing people while I kill people

With guns";Extremely violent;3;4;3;1;34
Die! Die! Why won't you die!?;Violent;2;4;3;1;34
nostalgia for when she was curzon;Non toxic;0;0;3;0;35
At least the marvelous misadventures of flapjack hasn't ended. I think that would kill me;Non toxic;0;0;3;0;35
"Who is this ""we?""";Non toxic;0;0;3;0;35
Shader looks like Sunrise Warrior, is the only eyesore shade of pink like that in the game;Non toxic;0;0;3;0;35
Also Sterilization Virus is unlikely to work. It’d be devastating, yes, but if they have the tech to make something like that, they’d likely also have the tech to use stored embryos and artificial wombs to start this whole mess back up.;Non toxic;0;0;3;0;35
Because you shouldn't face legal penalty for calling someone a nigger;A little racist;1;1;3;0;35
"Typical of whites to break rules and expect exceptions for themselves. 


Fuck whites, they don’t deserve to live. Fuck racism.";Racist;2;1;3;0;35
stop making agenda posts....ahem.. m'nigger;A little racist;1;1;3;0;35
One of what, nigga? Speak up, don’t cut off yourself homes.;Racist;2;1;3;0;35
Nazi punk fuck off;Racist;2;1;3;0;35
Holy fuck. What an incredible asshole.;A little harassing;1;2;3;0;35
Get bent, faggot;Harassing;2;2;3;0;35
"If you and the 5 butt nuggets hugging 3 inches off your ass behind you don't provide any room to enter then zoom zoom motherfucker.

A lot of onramps are short basically meaning that you need to gun it to enter the freeway and merge at a safe speed.

Similarly if you are entering the freeway at 30 miles per hour I am not staying the fuck behind you and getting splattered all over the back of your car by a semi truck. (motorcyclist)";Non harassing;0;2;3;0;35
If you're gonna act like your fucking opposites then what's the point of this fucking shit anymore? Just drop the god damn facade and get this cold civil war hot already;A little harassing;1;2;3;0;35
Immigrants don’t make their own state with the land they forced you off of you Zionist scum.;Harassing;2;2;3;0;35
Yeah and getting shit on isn't suffer worthly and got removed lol;A little vulgar;1;3;3;0;35
Funny how police need to deal with people on drugs regularly, but seem to fuck it up. Like maybe they could do with training for situations they are likely to encounter.;A little vulgar;1;3;3;0;35
we do sacrifices and blood and shit?;A little vulgar;1;3;3;0;35
"&gt;I'm not expecting any real response at all, because I'm fucking right.

Lol you didn't even respond to my reply. 

Do you think asians are genetically superior to white people? 

Anyways chill its 10pm and I want to enjoy my night and not make lengthy replys to every dumb racist talking point.";A little vulgar;1;3;3;0;35
"EVERYONE is doing knee-jerk patriotic ""thank u 4 ur service"" virtue posts right now because orange man bad. It's like the people who shit on Trump for being a draft dodger. Like, fuck him, but I'm not going to fault anyone who didn't want to die in Vietnam. Instead of kissing the asses of the public military figures, maybe we should spend this time talking about how predatory recruiters lurk around poor schools and are now trying to get gamers to enlist.";Vulgar;2;3;3;0;35
"“Oh slave! Slave! Come here and make me some snacks or I will kill you and your family! Also, you should be thankful to have this job!”

“Yes, master...”";A little violent;1;4;3;0;35
I hope they all choke on their own lung fluid;Violent;2;4;3;0;35
Commies are going to commie. These people hate you and want you to die.;Violent;2;4;3;0;35
I hope she gets cancer and dies. I hope no one funds her funeral and she gets buried in a box;Extremely violent;3;4;3;0;35
They’re gonna get killed in prison;Violent;2;4;3;0;35
I don’t think any member of any American party is truly a leftist, but I’m saying generally moving American parties to the left is better than having them stagnant. Unless you believe that moving them to the right would more quickly produce a genuine proletariat revolution, which, I don’t rightfully know;Non toxic;0;0;2;1;36
"Strasznie ciekawy jest ten nowy język programowania.
Da się na nim zrobić kopię Minecrafta ?";Non toxic;0;0;2;1;36
No Amazon listed on the 23rd? Gonna get calls for that;Non toxic;0;0;2;1;36
"That’s a common myth. You can add weight and do the same exact basic movements.

Calisthenics are as complex as you make it. All I do is variations of pullups/rows/dips/pushups/legs and add more weight every week.";Non toxic;0;0;2;1;36
I'll probably enjoy it more than Buck and Aikman;A little toxic;1;0;2;1;36
Delusional. Wait till find out they are marching to a convict, who beat pregnant black women..;Racist;2;1;2;1;36
"&gt; anti-semitic Israel

lol... fuck off nazi";Racist;2;1;2;1;36
"&gt;**This is why liberals hate us**. Stop with the stupid fucking Castro drama teacher garbage

You honestly believe that??

Conservatives could praise PM Blackface 24/7 and they'd still hate you. To them, conservatives are all racist, sexist inbreds who hate minorities and women.";A little racist;1;1;2;1;36
"So, mods are...not gay? 

/s It’s fucking disgusting and homophobic. Impeach them.";Racist;2;1;2;1;36
"&gt;Different rules for different people encourages hate

You have yet to explain how not protecting majorities from certain kinds of hatred *encourages* hatred against that group of people. You don't create more racists against white people just because ""fuck you whitey"" isn't removed, but ""fuck you nigger"" is.

Again, I don't personally agree with making this distinction, but it's there, and acknowledging that does not *encourage* hatred of majorities. 

You people are so fucking DESPERATE to be victims, it's pathetic.";A little racist;1;1;2;1;36
"LOL Pete *might've* won Iowa, though that primary definitely has an asterisk. But keep telling me how someone who won arguably one state was reasonable for dropping out while someone who had won zero states at that point was reasonable for staying in the race. Capital flexed and squeezed out the biggest threat to it- the Sanders campaign. 

LOL Jesus Christ, you fucking idiots are going to be citing Nate Silver right up to the moment the whole fucking country burns down around us.";A little harassing;1;2;2;1;36
Those idiots dislike everything. It's just contrarian for the sake of being contrarian, which is amazing when there are so many good reasons not to like just about any promotion.;A little harassing;1;2;2;1;36
See now I’m sittin here with my family and my sister saw it and now I gotta explain this to her later. Fuck you and your NSFW meme;A little harassing;1;2;2;1;36
"It may not be the wrong choice for him, but that doesn't mean he isn't a POS for it.

""Fuck you I got mine"" is a piece of shit attitude.";Harassing;2;2;2;1;36
She says  something smart and then something stupid,  she stands up to the establishment then bends over backwards to suck their dick. Everything is extremism.;A little harassing;1;2;2;1;36
Also, I love how the best worker out of every single person you mentioned is the Joshi champ. People sleep on Io because womens wrestling is historically taken less seriously bit Io has been proving herself as a top 5 talent in the world regardless of gender and that's so fucking cool to me.;Vulgar;2;3;2;1;36
"It's also not sexual if the frat bros put their dicks into each others mouths and then say ""no homo"". 

It's just a dare after all.";Extremely vulgar;3;3;2;1;36
Once someone told me to shit in my hands and clap after a round with the slug 725 I mentioned in which I went like 40-15;Extremely vulgar;3;3;2;1;36
Shit, at this point the rona might infect the entire Supreme Court giving the US no judges at all;A little vulgar;1;3;2;1;36
She ran away from the UK's god awful tabloid press, not to avoid being a public person completely. Pretty obvious shit.;A little vulgar;1;3;2;1;36
Unfortunately that kid is probably going to go back with a gun or knife and kill that poor guy for making him look stupid...;Violent;2;4;2;1;36
People like this don’t deserve to see that light of day ever again. They should be beaten to a bloody pulp and be forced to live out the rest of their lives rotting in a cell;Extremely violent;3;4;2;1;36
Try killing more people and we may put you in the next one;Violent;2;4;2;1;36
I hope they all choke on their own lung fluid;Extremely violent;3;4;2;1;36
If you dont make the 6 foot cutoff point you are subhuman and deserve to be shot.;Extremely violent;3;4;2;1;36
I find it criminal that you're banned;Non toxic;0;0;3;0;37
"The primary goal isn't just to defeat Trump. That's why Sanders calls his election bids a ""movement"" ""our revolution"" Sanders is running on fundamentally changing the way our country operates, Medicare for all, marginal tax rates increased on the wealthy, a 15 dollar minimum wage. People are angry because the DNC is fundamentally opposed to some of the positions Bernie takes, and the fact that there has been such antagonism from the media towards Sanders, the fact that the DNC openly stated that they can favor one candidate over another, a loss absolutely makes us feel cheated.";Non toxic;0;0;3;0;37
i think its funny;Non toxic;0;0;3;0;37
good taste in cymbals. That brand is underrated asf;Non toxic;0;0;3;0;37
Cyclists not being self aware?  Im shocked!;Non toxic;0;0;3;0;37
"""Fuck Palestinians because other Arabs exist "" 

Guess what, human rights are not conditional on numbers or wether white people feel brown deserve them. 
You wouldn't pull this disgusting logic on any predominantly white country. 

Hey, let's expell italians and leave milluons of them stateless because the assyrians don't have an ethnostate.";Racist;2;1;3;0;37
huh? tucker is the realest nigga on all these festering platforms. what are you on bro;A little racist;1;1;3;0;37
"&gt; What a fucking insane generalization to paint all white people with. It's almost like you're a horrible and extremely racist person. Lemme guess that you're a self-flagellating white person...

The Dems are the real racists sweaty! Also you're a race traitor if you help non-white people.";A little racist;1;1;3;0;37
"""Women are too stupid/dumb/incompetent to use guns""  
  -Liberals";Racist;2;1;3;0;37
She said suck my dick nigger to the white guy.;Racist;2;1;3;0;37
Once youre a father of stupid little ungreatful shits, youll learn not to expect anything on fathers day, your birthday or any other holiday, and if you do get something you can be sure its shit and/or the wife made them do it.;Harassing;2;2;3;0;37
A bunch of rich fucks who have never protested anything in their lives, and pathetic attendance in any case;A little harassing;1;2;3;0;37
How do you know what the fuck I've achieved you absolute clown. I don't work a labor job. I went to college, I've worked office, white collar jobs since I was 18 years old. I'm simply advocating for better life circumstances for the average person. Maybe its hard for you to understand having empathy for people who have it worse than you.;A little harassing;1;2;3;0;37
Unironically saying “fuck poor people”, with a cop-bootlicker username lmao;A little harassing;1;2;3;0;37
Ah, well he is a bastard then;A little harassing;1;2;3;0;37
Looks like a bunch of bullshit made up by coping Twitter users lmao;Vulgar;2;3;3;0;37
Shit I forgot sorry lol tomorrow ok or you need me to get on real fast?;Vulgar;2;3;3;0;37
and sure as shit didn't get there by begging our masters to be a bit nicer;A little vulgar;1;3;3;0;37
"Why are you torturing your poor mom by making her deal with your relationship mess? Doesn't she have enough going on right now? 

As gently as I can say it: Grow a pair and deal with it. This is your circus, not hers. Kick his ass out and cut off all contact.";A little vulgar;1;3;3;0;37
"It has done remarkably well in the face of economic hardship and the US imperialist embargo, which even this article by the HRW (lol) calls ""misguided"". In the fucking title.";Vulgar;2;3;3;0;37
I will harvest your organs;Extremely violent;3;4;3;0;37
OI YA SHAMEFUL GITZ! IT IZ PRONONCE! SAY IT RIGHT NEXT ‘IME! DO IT OR I’LL BLAST YA HEAD OFF WITH MY SHOOTA!;Violent;2;4;3;0;37
Then you die;A little violent;1;4;3;0;37
"No sympathy for him. Imo he should face the same fate he gave - if you’re old enough to kill, you’re old enough to be killed.

Death to all fascists.";Violent;2;4;3;0;37
buh bye honey ur very nasty and ur gonna die lmao;Extremely violent;3;4;3;0;37
Obviously if we go extinct it’ll be in more agony. We’re the species with the highest ability to feel agony.;Non toxic;0;0;1;1;38
Oh, okay, so the only measure of difficulty in a job is how much you use your muscles.  Good to know. Thanks for that bit of incredible wisdom.;Non toxic;0;0;1;1;38
I don’t care that people don’t agree with me, genius.;Non toxic;0;0;1;1;38
Also Sterilization Virus is unlikely to work. It’d be devastating, yes, but if they have the tech to make something like that, they’d likely also have the tech to use stored embryos and artificial wombs to start this whole mess back up.;Non toxic;0;0;1;1;38
I'd believe that.;Non toxic;0;0;1;1;38
He was a fucking fascist white supremacist dictator who killed millions of people what are you on;Non racist;0;1;1;1;38
More Whites die to cops than Blacks bud.;Non racist;0;1;1;1;38
China is pretty based, they're only communist on paper, it's a massive fucking corporate oligarchy and they ban any gay representation and are racist as hell.;Non racist;0;1;1;1;38
fucking anarchists in the 1800s were saying being gay is cool, god anarchists are ahead;Non racist;0;1;1;1;38
Nazi punk fuck off;Non racist;0;1;1;1;38
"&gt; Can't really be throwing around the word lazy

The fuck I can't. She is lazy as the day is long. She does nothing. She produces nothing of value. She is lazy. Who gives a fuck if her husband has fewer subscribers than she does? It's not like either of them have jobs.";Non harassing;0;2;1;1;38
"You know me so well. 

A) You're an idiot for confusing the personalities of the women you allegedly spent a few minutes near with their ability to show personality through performances.

B) You seem like a simp.";Non harassing;0;2;1;1;38
"When I was in high school, my best friend, Kenneth, and I got an internship learning how to operate CNC mills. We worked under a guy name Pat. We were young redneck kids and Pat was an old redneck. We all got along so good that we all actually looked forward to work. Bringing each other breakfast (since I’m a fat fuck, Pat would always yell across the shop ‘I got you a biscuit you fat tub of fuckin lard’), making fun of each other, and Pat calling us ‘absolute retards’ when we fuck something up. 

Work was fun as fuck then. Now I don’t really have any friends and work just sucks.";Non harassing;0;2;1;1;38
Stupid Palestinians, why don’t they go back to... *checks notes*... oh;Non harassing;0;2;1;1;38
Is this another one of those “heh I’m gonna make look nazi like, but not enough that it’s so obvious no could deny, so left wingers will go crazy!” Idk is he just fucking with us at this point? Does he even know? Jesus. Like for real I showed this to people and they were like “nah fam you see it everywhere” 🙄;Non harassing;0;2;1;1;38
i havent listened yet cus its not out in the states but this shit is getting me really excited for it;Non vulgar;0;3;1;1;38
"Yeah him saying „I recognize Taiwan as separate “ would totally change something and not just end fucking up his life. 

Maybe he has children who need to be cared for. Please don’t take the easy route and don’t just blame this on one person.";Non vulgar;0;3;1;1;38
People ALWAYS make shit like that up for some reason.;Non vulgar;0;3;1;1;38
PayPal is still assho;Non vulgar;0;3;1;1;38
Oh hell no. That cat is my baby. I was giving him a bath one time and he was panicking, and went into a fit just laying there meowing. I thought I had hurt him and fucking panicked. Turns out he was just being dramatic and was acting out. As soon as I let him off the leash he got up and ran away looking at me hateful.;Non vulgar;0;3;1;1;38
Eww, refer to me as a disgusting subhuman Celt again and I'll blood eagle your mother.;Non violent;0;4;1;1;38
Call him Billy B again and he will beat you to death with his drum sticks;Non violent;0;4;1;1;38
You’re just mad that oppressed peoples are standing up for themselves, and tbh I hope you die mad about it.;Non violent;0;4;1;1;38
I hope you go too hell and get your tortured for all eternity and as you ask why satan shows you this comment;Non violent;0;4;1;1;38
You are sentenced to death for being a femboy;Non violent;0;4;1;1;38
"Who is this ""we?""";Non toxic;0;0;2;0;39
Mmm lemon flavor;Non toxic;0;0;2;0;39
Is that a Chinese finger trap like a toy for kids?;Non toxic;0;0;2;0;39
Not sure AA's biggest liability is dead dogs in first class, atm.;A little toxic;1;0;2;0;39
and she has 400 base hp lol;Non toxic;0;0;2;0;39
I mean everything expect being gay and murdering. The albums just a entire fucking bop;A little racist;1;1;2;0;39
"Damn dude according to your post history you're a Turk, you're black, you're half black half Mexican, you're Jewish. A real man of the world.

Edit: /u/1sweets posts in /r/reclassified, where white supremacists go to whine about their subs being banned and post links to new subreddits to evade those bans. He also created /r/enriched, a subreddit promoting ""western enrichment"" aka white dog whistling. This dude is not black, just an angry pro-cop white guy.

He posted **""The only thing I take seriously is how whites will be a minority in 25 years and my children will be 10% of their population in the generation. UWU burn some statues while 100 white women a raped a day by blacks yet 0 black women are raped by whites a year"".**

He also posted a link to /r/diversitynews, a banned sub whose message was race mixing doesn't work.

He made a post in /r/freespeech, a sub notorious for being full of white people complaining their right to say the n word is constantly being infringed.

He has used the phrase Jordan's wearer, a not so subtle gamer way of circumnavigating the n bomb.

Uses a certain reference to gay people that starts with an f and has posted several anti-lgbtq+ comments.

Claims to be Christian AND Jewish.

His post history only goes back 9 months even though his account is 3 years old. I'll bet you a nickel if you went through his deleted messages you'd find a lot of n bombs.";Racist;2;1;2;0;39
"""Elevated area"" give me a break, it's barely a stage. Getting in someone's personal space and purposefully ruining their art is endangering yourself. Drunk people aren't children, they know better. This guy wanted to be a dick and fuck with the performer and got off easy all things considered.

Haven't even got in to the fact that most drag queens are gay men who've had to deal with homophobic brodudes fucking with them their whole life. You either stick up for yourself or get treated like garbage.";Racist;2;1;2;0;39
Germans are so fucking weird.;A little racist;1;1;2;0;39
In the full video the people in the car are yelling “fuck white people” and the white guy on the bike says fuck you back. They get out and jump him. Somehow Reddit manages to spin this as “white racist gets what he deserves”. It’s pretty disgusting;Racist;2;1;2;0;39
No doubt he’s a dick but it’s why his hatred is more than Neils;A little harassing;1;2;2;0;39
"Just shows how stupid you are the Nazis had different characteristics...they weren't just right wing or left wing lmao.

But all I'm saying is Compare the Nazi Propaganda, and how they silenced the Jews.

That's exactly what's the Democrats do, they literally boycott Stores just because of your political stance.

Germans boycotted Jewish stores because of their religious stance...

Germans silenced Jewish views and opinions.

Democrats constantly silence Conservative views and opinions.

If you are a Conservative, you can't even let your co workers know that you voted for Trump or a Trump supporter, because of the backlash.

Jews tried to hide being Jewish because of the backlash.

There is even more, don't get me started on the garbage propaganda, CBS, NBC, CNN, FOX and others push. Just like Nazi Germany did 🤡

I can go on for hours and point out the similarities.

And lmao you are fucking delusional, if you tell me you studied Nazi Germany, or you are just too fucking stupid to realize the similarities, but cheers m8 have a good dag, telling people false garbage that the NaZiS wErE rIgHT wInG 😭";Harassing;2;2;2;0;39
"Obama is a war criminal that is ""total shit"" 

You're the one living in a fairytale";Harassing;2;2;2;0;39
Give me Aloy over those weird ass anime chicks with the balloon tits any day;Harassing;2;2;2;0;39
The sixth amendment, and because the Republicans fucking love that shit and want to be able to kill Muslims without a trial more and not less;Harassing;2;2;2;0;39
Lol holy shit dude, say to hello to jcj for me;A little vulgar;1;3;2;0;39
Your sitting on your ass, hunched over, staring at reddit is doing wonders compared to someone who is actually strengthening the muscles in their back?;Vulgar;2;3;2;0;39
"ewww...gross. they're terrible together and not just emotionally. britta says something very interesting (regarding the quality of their sex) in season five.

pie to the face, bitch.";A little vulgar;1;3;2;0;39
"Only because of science and only since very recently.

For hundreds of thousands of years, people who suffered from such things were simply fucked.";Non vulgar;0;3;2;0;39
"It is bowing down

lol at you coppin pleas like a battered wife.  ""I don't bow down to him, I just do everything he says for ease of socialising"".

Bruh, you have no out here.  You proved me right.  Yall bow down to whites.  They stay on ya mind, rent free.

If you didn't bow down, you'd use your own names and not gaf what whites think.  But as I said, rent free.

Blacks will name themselves Jakwan, Devonte, Lavernious, etc., NO FUCKS GIVEN.  Fuck that noise, they ain't no scary hoes.

Yall need to be more like blacks.  They are your brothers in colour";Vulgar;2;3;2;0;39
Death to capitalism;A little violent;1;4;2;0;39
I hope you go too hell and get your tortured for all eternity and as you ask why satan shows you this comment;A little violent;1;4;2;0;39
I’ll probably start killing people;Violent;2;4;2;0;39
I hope he gets beat up;Extremely violent;3;4;2;0;39
Looks like you’ll die at night;Extremely violent;3;4;2;0;39
Its piss easy to get CC in this game. People are literally complaining about a non issue;Non toxic;0;0;1;0;40
America in 1944;Non toxic;0;0;1;0;40
It's because Leicester knows that he's not worth anywhere near that figure. Honestly, I think Leicester would be a good fit. He'd be an ok replacement for Riyad.;Non toxic;0;0;1;0;40
Capricorn sells a whole kit that includes everything.;Non toxic;0;0;1;0;40
Im just a banana bro. Im assuming youre referring to the chat lounge;Non toxic;0;0;1;0;40
I mean everything expect being gay and murdering. The albums just a entire fucking bop;Racist;2;1;1;0;40
if you are gay and vote republican you are just stupid.;Racist;2;1;1;0;40
"""if you don't suck dick, you're gay""";Extremely racist;3;1;1;0;40
"Wait if they already conflated "" jogger"" with ""nigger"", how is white people jogging going to be seen as racist? Aren't they also ""joggers""";Extremely racist;3;1;1;0;40
"The truth hurts doesn't it you pathetic goat fucker.  It is true that Muslims have lower IQs. Just a fact. 

Did you know that Jews get 2,000x more Nobel prizes than Muslims?  Because you and your loser buddies are basically just stupid. 

Remember that time the Jews traded 1,027 Palestinian criminals for one Jew (Shilat was his name).  Because Muslims are worth &lt;0.1% of a normal person. And they fucking know it LOL. 

Continue your post history searching.

https://www.reddit.com/r/The_Farage/comments/jkshev/freefragile_islam/";Extremely racist;3;1;1;0;40
Mentally ill pieces of shit.;Harassing;2;2;1;0;40
Bernie isn't a sexist you sociopathic liar. Tell the truth or stop posting in this sub, everyone is sick of your shit.;Harassing;2;2;1;0;40
Immigrants don’t make their own state with the land they forced you off of you Zionist scum.;Harassing;2;2;1;0;40
How do you know what the fuck I've achieved you absolute clown. I don't work a labor job. I went to college, I've worked office, white collar jobs since I was 18 years old. I'm simply advocating for better life circumstances for the average person. Maybe its hard for you to understand having empathy for people who have it worse than you.;Extremely harassing;3;2;1;0;40
Ah, well he is a bastard then;A little harassing;1;2;1;0;40
People ALWAYS make shit like that up for some reason.;A little vulgar;1;3;1;0;40
Lol I was with you till that last part. Absolute clown shit.;A little vulgar;1;3;1;0;40
r/trashy is pretty much overun with racists and shit people so dont know how that will go for you;Vulgar;2;3;1;0;40
"I have no idea if he's actually raped anyone at all. He's not in prison so I'm going to say no proof other than #metoo. There is however videos of Biden being creepy as fuck with women. That's happening. TODAY. That's a thing detectives call a clue.

So yeah to my original statement. The DNC SUCKS if their only two candidates are a rapist and a commie.";Extremely vulgar;3;3;1;0;40
"Yeah him saying „I recognize Taiwan as separate “ would totally change something and not just end fucking up his life. 

Maybe he has children who need to be cared for. Please don’t take the easy route and don’t just blame this on one person.";Non vulgar;0;3;1;0;40
Dying because you’re involved with a violent gang =! raped and killed for no reason;Extremely violent;3;4;1;0;40
“I am going to steal your clients and then I will kill them in front of you”;Extremely violent;3;4;1;0;40
Commies are going to commie. These people hate you and want you to die.;A little violent;1;4;1;0;40
I will beat you with my shoe alb*nian;A little violent;1;4;1;0;40
Kill them. Kill them now;Extremely violent;3;4;1;0;40
"Strasznie ciekawy jest ten nowy język programowania.
Da się na nim zrobić kopię Minecrafta ?";Non toxic;0;0;1;1;41
i think its funny;Non toxic;0;0;1;1;41
"Intersex arguments are puzzling to me (not intersex myself).

They're using a genetic anomaly to further their proof on mental identity. The two don't correlate. Sam with the race card..why do they use biological examples in a pick and choose game. But refuse to acknowledge relevant biological sex? Puzzling indeed";Non toxic;0;0;1;1;41
nostalgia for when she was curzon;Non toxic;0;0;1;1;41
But how m8?;Non toxic;0;0;1;1;41
You're gay if you don't;Racist;2;1;1;1;41
hell yeah gay shit fucking rules \*sucks dick for funsies\*;Extremely racist;3;1;1;1;41
"""Women are too stupid/dumb/incompetent to use guns""  
  -Liberals";Extremely racist;3;1;1;1;41
Throw this comment section in the trash and light that shit on fire. Of course it's racial profiling you dumb fucking morons.. there are parks full of white people and the police there politely hand out masks, but when it's a black neighborhood they make arrests and physical confrontations.;Extremely racist;3;1;1;1;41
Traps are gay.;Racist;2;1;1;1;41
Busy body idiots with nothing else to do lol.;Harassing;2;2;1;1;41
" ""Fuck your second amendment"" 

uh, no.  What does the laughing world you speak of think about Venezuela or all the other places with no recourse against tyranny?  Is that hilarious too?  Your examples of things that are already illegal still happening doesn't help your argument of making guns illegal btw.";Non harassing;0;2;1;1;41
I'm a SF voter but good lord some of them are such fucking hacks.;Non harassing;0;2;1;1;41
Holy fuck. Are you a Qanon fan? No wonder you got butthurt when I told that guy he needed therapy.;A little harassing;1;2;1;1;41
Even better if you sit on your dick so it feels like you're jerking off someone else :D;Harassing;2;2;1;1;41
"It's also not sexual if the frat bros put their dicks into each others mouths and then say ""no homo"". 

It's just a dare after all.";Vulgar;2;3;1;1;41
You you think Hegel got pussy or no?;Vulgar;2;3;1;1;41
"&gt;The biggest silence is black people refusing to acknowledge that the absolutely vast majority of black lives are taken by other black people

Who didn't?  This is a false equivalence though because...

&gt;that “black lives matter”—the phrase and the political organization—should be directed toward the black community.

Why?  The criminals that kill other black people are criminals and if caught are held accoutible for their crimes.

The police and ""justice"" system of this country does not get held accountable when they murder black people needlessly and when they treat black people worse at every single level of this system from policing to sentencing.  That is the reason for these protests and why your last sentence is bullshit.

Now just got downvote the answers to your bullshit away and keep lying to people because you refuse to really give a fuck about any of those lives and just want to make excuses to defend this horrible system for reasons I'll never understand.";Extremely vulgar;3;3;1;1;41
Probably approximately a shit ton of money;Non vulgar;0;3;1;1;41
A usuals comin on here concern trolling the shit out of this sub. SMH.;A little vulgar;1;3;1;1;41
"They want you dead regardless.  
  
They want you dead. They want your wife gangbanging blacks for drug money. They want your kids chopping off their genitals and committing suicide.   
  
And they think it's funny.";Extremely violent;3;4;1;1;41
Death to capitalism;A little violent;1;4;1;1;41
Death to capitalism;A little violent;1;4;1;1;41
TR3YWAY THESE NIGGAS SAY THEY HEARD OF ME, I AINT HEARD OF YOU, GET THE FUCK UP OUT MY FUCKIN FACE FORE I MURDER YOU;Extremely violent;3;4;1;1;41
This guy should honestly just be shot in the face and left for dead in a ditch;Extremely violent;3;4;1;1;41
"Intersex arguments are puzzling to me (not intersex myself).

They're using a genetic anomaly to further their proof on mental identity. The two don't correlate. Sam with the race card..why do they use biological examples in a pick and choose game. But refuse to acknowledge relevant biological sex? Puzzling indeed";Non toxic;0;0;1;1;42
I take it OP is child free.;Non toxic;0;0;1;1;42
My apologies for not being more specific;Non toxic;0;0;1;1;42
Yeah, it is really sad that even socialist revolutionaries of the era wasnt above bigotry.;Non toxic;0;0;1;1;42
Maybe they just wanted to get tested. Flying somewhere seem to increase your chances to get tested. /s;Non toxic;0;0;1;1;42
What a bunch of pussy Italian players im Mexican and if for some fucking reason we got a cartel type of skin I wouldn’t give a fuck;A little racist;1;1;1;1;42
Traps are gay.;Racist;2;1;1;1;42
exactly, super mario ass niggas colonised somalia and you expect me to care about racism against them??? foh;Racist;2;1;1;1;42
"&gt;Different rules for different people encourages hate

You have yet to explain how not protecting majorities from certain kinds of hatred *encourages* hatred against that group of people. You don't create more racists against white people just because ""fuck you whitey"" isn't removed, but ""fuck you nigger"" is.

Again, I don't personally agree with making this distinction, but it's there, and acknowledging that does not *encourage* hatred of majorities. 

You people are so fucking DESPERATE to be victims, it's pathetic.";Non racist;0;1;1;1;42
"Spoiled rotten, lazy as fuck, white liberal bitches telling a based Black woman she can’t drive down the street. 

Get the FUCK out of the road, you stupid white fucks.";Racist;2;1;1;1;42
I’m going to post another topic like this later. It’s amazing 350 days pass and no word from Epic. Seems like it’s time to bring it up again (fuck you mods);A little harassing;1;2;1;1;42
Yes babies are fucking creepy they all must die;Harassing;2;2;1;1;42
If you believe the bullshit about Russia you are a giant sucker.    Hacking politicians doesn't do shit to change US politics.    The media lies to you about that because they want you to ignore how effective it is for Israel and Saudi Arabia to bribe  politicians in the USA.;Harassing;2;2;1;1;42
"&gt;actually a chad IRL 

Either your flair is lying or you're lying now. 

Either way I'm gonna hunt you down and fuck your ass";A little harassing;1;2;1;1;42
"Why would I care about your racist ass standard for what is progressive?

Post your opinion coward.";Harassing;2;2;1;1;42
"That grandma keep her pump hand strong!!! Slappin bitches straight in to a choke hold death by curtain. 

Teach me the dark arts granny";A little vulgar;1;3;1;1;42
awwwww damnnnnnnn;Non vulgar;0;3;1;1;42
Ok genuine question, if it has been demostrated that Troy was in western anatolia how the fuck could the Odyssey take place in the baltic?;Non vulgar;0;3;1;1;42
"what kind of incel bullshit doesn't understand this simple fact that women are more than happy to throw themselves at wealthy successful men?  what kind of incel doesn't understand that over 90% of communication is non-verbal, and thus asking is not required... that you just suck at interacting with women non-verbally...

seriously, you're just proving how low information democrats really are in 2020... so low information that you don't understand even basic sexual relationships.";A little vulgar;1;3;1;1;42
Censorship, guy. Half of America votes in favor of **this** shit.;A little vulgar;1;3;1;1;42
pedo die die die;Violent;2;4;1;1;42
"Republicans tear apart unions every chance they get and spit in labor rights and workers every chance they get

They’re all duplicitous and pretend to be on your side so they can stab you in the back with your own knife";Violent;2;4;1;1;42
i'm gonna kick your son in the ribs.;Violent;2;4;1;1;42
They’re gonna get killed in prison;Extremely violent;3;4;1;1;42
I am once again asking you to DIE BY MY HAND;Extremely violent;3;4;1;1;42
No Amazon listed on the 23rd? Gonna get calls for that;Non toxic;0;0;1;1;43
Profits over people, got it;Non toxic;0;0;1;1;43
Of cos it is you again;Non toxic;0;0;1;1;43
"Post this on Indeed.com or try Transcription Essentials. You have to create an account on TE and be approved, but as long as you meet their minimum requirement of $1/audio minute, they will let you post the job on their message boards for free. 

If you have any sense of social responsibility DO NOT patronize Rev. It is a cyber sweatshop. As stated here, they pay their workers as low as 30 cents per audio minute ($18 per audio hour) where it takes at least 4 hours to transcribe an audio hour (industry average  for highly seasoned professional transcribers) so $4.50 an hour in wages, which is obviously unethical.

 There are other places that pay  in the $1/audio minute range. You can find a list on TE of companies as well that pay at least that much (not all companies are included on that list).";Non toxic;0;0;1;1;43
I'm defending the PRC by commenting on a WHO doctor. Makes perfect sense lol. I just assumed you magically saw a comment where I defended something the PRC did since, y'know, that's what you're saying;Non toxic;0;0;1;1;43
hell yeah gay shit fucking rules \*sucks dick for funsies\*;A little racist;1;1;1;1;43
if you are gay and vote republican you are just stupid.;A little racist;1;1;1;1;43
"bolsonaro is a fucking retarded cuck selling out my country to china and america

people only call him ultra nationalist or whatever because he hates gays

i wish we had an actual nationalist president";Racist;2;1;1;1;43
"Typical of whites to break rules and expect exceptions for themselves. 


Fuck whites, they don’t deserve to live. Fuck racism.";Extremely racist;3;1;1;1;43
r/niggapenis;A little racist;1;1;1;1;43
Thankfully most violent scum ducks are stupid. Unfortunately some scum ducks are not. I’d change duck to fuck but my autocorrect made me laugh.;Harassing;2;2;1;1;43
I see you are a buddy retard as well 😎;A little harassing;1;2;1;1;43
Immigrants don’t make their own state with the land they forced you off of you Zionist scum.;Harassing;2;2;1;1;43
"Why are you being a douche bag to someone asking a legit question?

The stuff they do in Chicago PD literally throws off my suspension of disbelief because these idiots would be fired and sued in a heartbeat";A little harassing;1;2;1;1;43
Wtf? As a guy, I've never had anyone refuse to wear a condom. This is such an alien situation to me. Why are all these dudes so fucking dumb?;Harassing;2;2;1;1;43
Lol holy shit dude, say to hello to jcj for me;Vulgar;2;3;1;1;43
all of that is just bullshit invented by the right to rile people up. comments like this show that it's working.;Non vulgar;0;3;1;1;43
Funny how police need to deal with people on drugs regularly, but seem to fuck it up. Like maybe they could do with training for situations they are likely to encounter.;A little vulgar;1;3;1;1;43
"Only because of science and only since very recently.

For hundreds of thousands of years, people who suffered from such things were simply fucked.";A little vulgar;1;3;1;1;43
"&gt; they then accused me of being racist

If they're saying that it's wrong for you to have your own country's accent because **you're the wrong skin color,** then I hate to fucking break it to them, but *they're* the racists.

NTA";A little vulgar;1;3;1;1;43
All redditors should be round up into camps and killed;Extremely violent;3;4;1;1;43
Lol i hope all your white imperialist shit holes burn in hell.;A little violent;1;4;1;1;43
OI YA SHAMEFUL GITZ! IT IZ PRONONCE! SAY IT RIGHT NEXT ‘IME! DO IT OR I’LL BLAST YA HEAD OFF WITH MY SHOOTA!;Extremely violent;3;4;1;1;43
How are u so sure other countries kill you guys off first;Extremely violent;3;4;1;1;43
If I knew you in real life I would punch you in the face;Violent;2;4;1;1;43
At least the marvelous misadventures of flapjack hasn't ended. I think that would kill me;Non toxic;0;0;2;0;44
"The Kurds have many factions across many countries, but they were under no pretense about American intentions, and likely knew they would pay in blood once again. In Syria, they now negotiate with the Assad government out of mere pragmatic survival. 

In Iraq, Kurdish parties across the spectrum offered their condolences after the Soleimani assassination, because it was his forces, not the Americans, that responded with immediacy after ISIS shockingly took Mosul in 2014 and was bearing down on Erbil:

 [https://www.rudaw.net/english/kurdistan/050120201](https://www.rudaw.net/english/kurdistan/050120201) 

Within two hours, Suleimani arrived in Erbil with two large airplanes of military supplies, and his personal presence shored up the front-line peshmerga soldiers, so there was a great deal of gratitude for his role in protecting Erbil and Kirkuk from the ISIS onslaught.

From the Kurdistan Regional Government in Iraq in the immediate aftermath of the assassination:

 ""We are here for the mourning ceremony of a great commander of the Islamic Revolutionary Guard Corps who was a friend of the people of Iraq and a friend of the Kurds in different stages,"" Fazil Mirani, head of the Kurdistan Democratic Party (KDP) politburo.

""\[Soleimani\] had a big role in the Iran-Iraq war and he had a very positive role assisting Iraq and Kurdistan in the war against Daesh, 

 ""We send our condolences to his family through the consulate in the name of President Barzani, the KRG \[Kurdistan Regional Government\] presidency, and the KDP Politburo, and the KDP secretariat. We hope that great men in their life serve peace and we hope that losing them will serve the same purpose,"" Mirani added.""

I don't think they much appreciated us taking out the man who was first to helping them avoid genocide, since Shi'a and and other ethnic/religious minorities across the region faced an actual existential threat of genocide at the hands of ISIS (a group with overlapping interests with the Western-aligned axis inside Syria). Especially after we used them and tossed them to the Turks. Whatever the American view on the strike might be.";Non toxic;0;0;2;0;44
See for example the Fraternal Order of Police;Non toxic;0;0;2;0;44
Its piss easy to get CC in this game. People are literally complaining about a non issue;A little toxic;1;0;2;0;44
"&gt; How about we get rid of the heavy neo lib society and invest in our infrastructure before we start blaming innocent people?

Agreed let's burn it down, regardless you still have to be able to have a adult conversation regarding immigration levels, even more so if we have a society in NZ that once again cares about its citizens.";Non toxic;0;0;2;0;44
man they really want the japanese people to fuck;Racist;2;1;2;0;44
"&gt;**This is why liberals hate us**. Stop with the stupid fucking Castro drama teacher garbage

You honestly believe that??

Conservatives could praise PM Blackface 24/7 and they'd still hate you. To them, conservatives are all racist, sexist inbreds who hate minorities and women.";A little racist;1;1;2;0;44
Wait until you hear about white hispanic male republicans ur gonna have ur tiny brain blown;A little racist;1;1;2;0;44
Bruh China sucks major ass. Sending all their minorities to *reeducation* camps;Racist;2;1;2;0;44
"White liberal: ""Fuck da police!""

Black cop: ""Why?""

White liberal: ""Because you're a fucking racist!""

Black cop: ""Why?""

White liberal: ""Because you hate black pe...oh, uh, nevermind.""";Racist;2;1;2;0;44
The sixth amendment, and because the Republicans fucking love that shit and want to be able to kill Muslims without a trial more and not less;Harassing;2;2;2;0;44
????? Moron;A little harassing;1;2;2;0;44
“My son is *not* the type to kick a baby. It was an *accident*. He wasn’t trying to kick the baby, he was trying to kick that pregnant bitch. Get it right.”;A little harassing;1;2;2;0;44
You said nobody here is gonna pat you on your back for that...you must he retarded;Harassing;2;2;2;0;44
Yes babies are fucking creepy they all must die;Extremely harassing;3;2;2;0;44
You ever have  a three year old that accidentally pops their balloon? That is the saddest shit in history.;A little vulgar;1;3;2;0;44
Except he doesn't spout bullshit lol;A little vulgar;1;3;2;0;44
"It is bowing down

lol at you coppin pleas like a battered wife.  ""I don't bow down to him, I just do everything he says for ease of socialising"".

Bruh, you have no out here.  You proved me right.  Yall bow down to whites.  They stay on ya mind, rent free.

If you didn't bow down, you'd use your own names and not gaf what whites think.  But as I said, rent free.

Blacks will name themselves Jakwan, Devonte, Lavernious, etc., NO FUCKS GIVEN.  Fuck that noise, they ain't no scary hoes.

Yall need to be more like blacks.  They are your brothers in colour";Vulgar;2;3;2;0;44
It’s because they weren’t welcome at their local ren fair when they started unironically spouting racist crusader bullshit.;A little vulgar;1;3;2;0;44
"\&gt; Accuses Biden of being a rapist

\&gt; Sends dick pics and makes advances to minors

LMAOOOO";Extremely vulgar;3;3;2;0;44
what happens if I want to kill you;Violent;2;4;2;0;44
"I will massacre all G*mers on June 20tg

-Xi Jin pIng";Violent;2;4;2;0;44
Death to capitalism;A little violent;1;4;2;0;44
And landlords should die;Violent;2;4;2;0;44
"You deserve to be banished.
You deserve to be banished.
You deserve to be banished.
You deserve to be banished.
You deserve to be banished.
You deserve to be banished.
You deserve to be banished.
You deserve to be banished.
You deserve to be banished.";A little violent;1;4;2;0;44
Great Scott!;Non toxic;0;0;3;1;45
ah yes, the grift continues;Non toxic;0;0;3;1;45
Most churches have closed. It's really only the megachurches.;Non toxic;0;0;3;1;45
Profits over people, got it;Non toxic;0;0;3;1;45
RemindMe! 5 days;A little toxic;1;0;3;1;45
Fuck stonetoss, guys a nazi;Racist;2;1;3;1;45
if you are gay and vote republican you are just stupid.;Racist;2;1;3;1;45
Ah yes, linclon, the man who wanted to send the niggers back to Africa;Racist;2;1;3;1;45
White genocide, the idea that girls won't fuck me and it's because Jews;Racist;2;1;3;1;45
"Oh no Whites are angry about Ahmaud Arbery and how the McMichaels were framed as racists! Better go burn down affordable housing! 

See how this doesn’t work? The cop was already getting investigated. The regular protests and social media awareness raising was WORKING. Now you’ve muddied everything up with a bunch nigger monkeys throwing shit everywhere and setting buildings ablaze which mind you could have killed people.

I have no respect for the rioters, in many other countries they’d be shot and rightfully so.";A little racist;1;1;3;1;45
She says  something smart and then something stupid,  she stands up to the establishment then bends over backwards to suck their dick. Everything is extremism.;A little harassing;1;2;3;1;45
Yes babies are fucking creepy they all must die;Harassing;2;2;3;1;45
Yeah I feel u - u just got to communicate this to him and he has to communicate to u back. No assholes;A little harassing;1;2;3;1;45
CENSOR THE G WORD MOTHERFUCKER;Harassing;2;2;3;1;45
They *were* a terrorist organization because of those acts, but now they're just assholes.;Harassing;2;2;3;1;45
"Complaining about 'real victims' while using every tactic in the far right playbook to smear and harass a victim of a powerful man with a history of inappropriate behavior.

At least fascists don't pretend to give a shit. What a slimy ugly disgusting worthless human being. Take your hentai and die of covid, Eichenwald.";A little vulgar;1;3;3;1;45
Get a shit computer. Mine is old and damaged and likely to burst into flames if I play more than an hour.;A little vulgar;1;3;3;1;45
"I went with my wife last year with the whole purpose of us just checking out the waitresses and basically be perverted while eating wings. I don’t know, we’re fucked up. 

We were disappointed because they honestly weren’t that hot and the outfits were just... not appealing. Like those shorts suck balls. 

It would have been better to just walk around the mall and check out the girls in tight jeans. 

Place is overrated. I think our society just evolved beyond its initial appeal. 

Place was probably down right criminal in the 70s or whenever the fuck it opened. Now it’s just a sad place where kids eat too for some reason.";Vulgar;2;3;3;1;45
I can smell the bitterness from here. Shit like this makes me ashamed to be gay;Vulgar;2;3;3;1;45
WHAT A PLAY BY BERGWIJN HOLY SHIT;Vulgar;2;3;3;1;45
Your really confident it wont be your wife/mother/daughter that gets raped and murdered “for the greater good”.;Extremely violent;3;4;3;1;45
No the “I’m gonna kill you” is him I think;Violent;2;4;3;1;45
Surrender your testicles within 30 seconds or we will open fire;A little violent;1;4;3;1;45
"I will massacre all G*mers on June 20tg

-Xi Jin pIng";Violent;2;4;3;1;45
"Punch yourself in the gut

Otherwise man up and stick your fingers down your throat";Extremely violent;3;4;3;1;45
That's a difference so fine it's almost nonexistent. Monopoly-building, regulatory capture, and anti-competitive practices are all forms of rent-seeking behavior.;Non toxic;0;0;2;1;46
Great Scott!;Non toxic;0;0;2;1;46
Capricorn sells a whole kit that includes everything.;Non toxic;0;0;2;1;46
Becuause there is enough skins themed after it, and slurp is a staple of fortnite from the very beginning;Non toxic;0;0;2;1;46
For gods sake don’t get upset and worried about going soft, take a pill they’re generic now and cheap. Go have fun.;Non toxic;0;0;2;1;46
We should replace white cops in inner city with big black women. They don’t fuck around and no one knows how to deal with bullshit like a pissed off black lady.;A little racist;1;1;2;1;46
Relax nigga I ain't even American but trump is great for keep fucking with China, when Obama was in the whole world was in chaos, this bidden fella looks like Obama 2.0;Racist;2;1;2;1;46
The one that confuses me the most is Slavic Nazis. They only thing hitler hated as much as Jews was fucking Slavs.;A little racist;1;1;2;1;46
Delusional. Wait till find out they are marching to a convict, who beat pregnant black women..;Non racist;0;1;2;1;46
hell yeah gay shit fucking rules \*sucks dick for funsies\*;A little racist;1;1;2;1;46
Was that idiot doubting that the Nazis started WW2?;A little harassing;1;2;2;1;46
Man fuck anyone that is trying to defend or normalize any form of that shit. Idk if they say they cant help it or what ever disgusting argument they come up with castrate every single one of these piles of human waste.;A little harassing;1;2;2;1;46
"Yeah I could see a shitty older sibling doing this just to be a fucking shitcunt, and of course the child reacts... like a child.

But whatever, there are no brakes on the hateboner it seems.";Harassing;2;2;2;1;46
"All these fucking companies pulling their usual shit x5 now that people are forced to work/study from home and have no choice but to use a half dozen different proprietary programs (whatever your fucking boss/university demands 😎😎😎).

The GNUlag just got 100,000 prisoners bigger.";Harassing;2;2;2;1;46
"Yeah, Trump misses one vowel because his teleprompter is washed out and it's front page of reddit.

Biden invents his own fucking language and you shy your face like you accidentally saw up your great aunt's skirt.";A little harassing;1;2;2;1;46
Okay yeah but saying “lmao you don’t know sadness because your boyfriend only lives 15 minutes away mine is 1500 miles away stop complaining” is gatekeepy bullshit;Non vulgar;0;3;2;1;46
r/trashy is pretty much overun with racists and shit people so dont know how that will go for you;Vulgar;2;3;2;1;46
"&gt; If Trump wins this election, he will almost certainly be able to pick another judge for the Supreme Court, tilting it even farther in favour of Republicans. This could be disastrous for the US for decades.

Counterpoint: If Biden wins this election, he will almost certainly be able to pick another judge for the Supreme Court, tilting it even farther in favour of Republicans. This could be disastrous for the US for decades.

This fact is irrelevant however because he won't win. He's a jibbering old wimp, a braindead geriatric, and a born loser and Trump will absolutely dogwalk him in front of a live national television audience. That old racist, raping, kiddie-fondling fuck is going to bullied and broke until he cries literal tears on stage and we're all going to watch it happen.

&gt; ...you do not have the moral high ground...

I don't give a fuck about the moral high ground. I'm not going to vote for any rapist.";Vulgar;2;3;2;1;46
The thing they said about being an adult. If something is a minor inconvenience for you, but will be of exponentially greater good towards your relationship with someone you may have to interact with long term, that call seems really fucking easy to me.;A little vulgar;1;3;2;1;46
Coffee oatmeal with low cal sweetner is the shit;Vulgar;2;3;2;1;46
If you dont make the 6 foot cutoff point you are subhuman and deserve to be shot.;Violent;2;4;2;1;46
Yea they are going to cut out your kidney and sell it if you go.;Violent;2;4;2;1;46
Call him Billy B again and he will beat you to death with his drum sticks;Violent;2;4;2;1;46
I hope they all choke on their own lung fluid;Extremely violent;3;4;2;1;46
"If you murder 3 of your own children I hope you’re in hell. 

Keep making excuses if you want";Violent;2;4;2;1;46
Hahhahahahhahahahahhahaha;Non toxic;0;0;3;1;47
Not sure AA's biggest liability is dead dogs in first class, atm.;Non toxic;0;0;3;1;47
"&gt; It's obvious they've changed their stance.

I wish, but the fact is Reddit still pretends otherwise.

[“Reddit is quite open and pro-free speech”](https://www.reddithelp.com/en/categories/rules-reporting/account-and-community-restrictions/posting-someones-private-or-personal)";Non toxic;0;0;3;1;47
It was also with a grudge with the the concrete place I believe.;Non toxic;0;0;3;1;47
"Intersex arguments are puzzling to me (not intersex myself).

They're using a genetic anomaly to further their proof on mental identity. The two don't correlate. Sam with the race card..why do they use biological examples in a pick and choose game. But refuse to acknowledge relevant biological sex? Puzzling indeed";Toxic;2;0;3;1;47
Stfu you gAyTF IRS agent. This is America;A little racist;1;1;3;1;47
They want to murder Jews just as much as you want to murder cishet white people.;Racist;2;1;3;1;47
fucking anarchists in the 1800s were saying being gay is cool, god anarchists are ahead;Racist;2;1;3;1;47
"A jew, a Mexican and a coloured fella walk into a bar

The bartender says: ""get the fuck out of here""";Racist;2;1;3;1;47
Must suck getting your news from Stormfront, Nazi dumbass;Racist;2;1;3;1;47
"Seriously, I've seen these things snap and tear little terriers apart. I wish I could erase that image from my mind. Their fans will defend them to the death. 

Just because a dog breed is docile to its owner doesn't make it docile around everyone else.

Fucking idiots.";A little harassing;1;2;3;1;47
"I'm as left as they come, but Biden is such a fucking starfucking loser that only cares about whether or not people like him, that he can be convinced to do all the things he says he won't.

M4A, Marijuana, college debt relief, etc.

We'll have our time, let's just get the actual wannabe fascist out first, please.

If I lived in California, I'd vote La Riva in a heartbeat, but I live in a swing state, so I'm voting Biden.";A little harassing;1;2;3;1;47
Holy fuck. Are you a Qanon fan? No wonder you got butthurt when I told that guy he needed therapy.;Harassing;2;2;3;1;47
Even if he was just standing there he was wearing a MAGA hat and attending an anti-abortion rally so eithrr way he's a racist piece of shit.;Harassing;2;2;3;1;47
Ah, well he is a bastard then;A little harassing;1;2;3;1;47
"That doesn't make any sense. Are you saying singular they is a problem for when you genuinely don't know someone's gender? That is a genuine problem with English linguistics.

While it concerns pronouns its a different problem than someone demanding you refer to them other than you know them to be.

I don't know who the artist is at all. I know all I need to know. They fucking suck.

I don't need to know their pronouns nor do I give a shit. You running around telling people what pronouns to use or not use. Check yourself.";Vulgar;2;3;3;1;47
"That's pretty fuckin' solid.

Jonny Atma did a [crazy good cover of Ellis's theme](https://www.youtube.com/watch?v=Qn8j9FG_3_o) because his wife requested it. 

All the solos on this OST (sax, guitar, etc) were preposterously intense.";A little vulgar;1;3;3;1;47
There is 0% chance this guy makes it through 10 years of probation. There is a reason why many repeat criminals will just take the jail time over probation, its a fucking scam thats only designed to funnel money out of you and then punish you for any slight misstep. I would bet this guy will be in jail in less than a year.;Vulgar;2;3;3;1;47
Lol holy shit dude, say to hello to jcj for me;Vulgar;2;3;3;1;47
Also, I love how the best worker out of every single person you mentioned is the Joshi champ. People sleep on Io because womens wrestling is historically taken less seriously bit Io has been proving herself as a top 5 talent in the world regardless of gender and that's so fucking cool to me.;A little vulgar;1;3;3;1;47
"I listen to Mc Vagina killing people while I kill people

With guns";Violent;2;4;3;1;47
You will die with us;Extremely violent;3;4;3;1;47
Then I’m gonna have to kill more people;Extremely violent;3;4;3;1;47
Flair up or I’ll use that powerful military to kick your unflaired ass over the border;Extremely violent;3;4;3;1;47
And then he rapes you;Violent;2;4;3;1;47
That's a difference so fine it's almost nonexistent. Monopoly-building, regulatory capture, and anti-competitive practices are all forms of rent-seeking behavior.;Non toxic;0;0;2;0;48
What's to figure out? He agrees with me!;Non toxic;0;0;2;0;48
No Amazon listed on the 23rd? Gonna get calls for that;Non toxic;0;0;2;0;48
Baje je ene 100 ljudi umrlo leta 1989 na kitajskem trgu. Se ne ve zakaj;Non toxic;0;0;2;0;48
Uh why do you need computers to use snapchat lol;Non toxic;0;0;2;0;48
"""if you don't suck dick, you're gay""";Racist;2;1;2;0;48
"Typical of whites to break rules and expect exceptions for themselves. 


Fuck whites, they don’t deserve to live. Fuck racism.";Non racist;0;1;2;0;48
"Jews didn't all leave, Jews were still there when the first retarded Arab showed up you imam sucking faggot.   
Arab Palestinians never owned the land, never had a state there.   
You are the ultimate simp unironically believing that Arabs have the right to steal other peoples lands and get away with it.   
Oh and again, no.   
Schizo is what Arabs are being, stealing land and terrorizing the inhabitants for over a century then playing the victim card.   
Disgusting betamale.";Racist;2;1;2;0;48
Niggardly;A little racist;1;1;2;0;48
Our country is trash full of trash people. Americans are so fucking disgusting. It sickens me tbh.;Racist;2;1;2;0;48
Fuck thats worse. I love fat guys they deserve better;A little harassing;1;2;2;0;48
"Why are you being a douche bag to someone asking a legit question?

The stuff they do in Chicago PD literally throws off my suspension of disbelief because these idiots would be fired and sued in a heartbeat";A little harassing;1;2;2;0;48
Sucking the diversity dick in the title there, OP;Extremely harassing;3;2;2;0;48
"&gt; Can't really be throwing around the word lazy

The fuck I can't. She is lazy as the day is long. She does nothing. She produces nothing of value. She is lazy. Who gives a fuck if her husband has fewer subscribers than she does? It's not like either of them have jobs.";A little harassing;1;2;2;0;48
"Seriously, I've seen these things snap and tear little terriers apart. I wish I could erase that image from my mind. Their fans will defend them to the death. 

Just because a dog breed is docile to its owner doesn't make it docile around everyone else.

Fucking idiots.";Harassing;2;2;2;0;48
"Nigger nigger nigger

Psa you can edit comments after they ban your account";Vulgar;2;3;2;0;48
WHAT A PLAY BY BERGWIJN HOLY SHIT;Vulgar;2;3;2;0;48
I love shit beer but I gotta have more than 2.5% alcohol.;Non vulgar;0;3;2;0;48
and you have failed to answer why you like to drop into threads and talk shit;Non vulgar;0;3;2;0;48
You're a brave one for shitting at school, they're stupid for having sex at school;A little vulgar;1;3;2;0;48
Haha Yoshi is gonna die;Violent;2;4;2;0;48
Because when you rape, murder, and torture a kid for months on end until they die (or do the above at all), you deserve to die yourself. But please tell me why a child rapist, murderer doesn’t deserve to die;Extremely violent;3;4;2;0;48
Bro your family deserves to be shot for messing up ussr;Extremely violent;3;4;2;0;48
They would kill you before you even got the chance😂;Extremely violent;3;4;2;0;48
I would kick you;Extremely violent;3;4;2;0;48
Capricorn sells a whole kit that includes everything.;Non toxic;0;0;1;1;49
"This one dude, GG reloaded, still blames IW for SBMM even though its not their decision to make. And Optimus completely ignored the fact that LEAKERS said the 100 dollar price tag on MW2R was a placeholder when he made his video over MW2R being campaign only.

Feels like some creators just don’t do their damn research.";Non toxic;0;0;1;1;49
"Take her coat when she gets in the door. Have dinner ready. 

Pamper her. Massage her. Call her mam or miss. Act like a sexy butler basically. 

Prepare a hot bubble bath for her, undress her, help her in to it.  

Take her out to dinner and be her chauffeur, drive her, open the door for her, and so on. 

Massage her feet. Kiss her feet. Work your way up. Worship her body. Focus on her.

Good submissives are proactive , not passive or wet blankets. That interests no one.";A little toxic;1;0;1;1;49
"You are kidding me right? Her story changed every time she told it, the “evidence” wasnt even circumstantial... there is no proof the two ever met

Her own friends could not support her story

Her friend admitted to being pressured to change her story

Witnesses dispute the story

Her own dad supported Kavanaugh and none of her family supported her.

She changed her story about the year it happened, how many people and where multiple times. She cant remeber the important details but remembers things like how many drinks she had.

She lied about fear of flying


She wanted to be confidential but went on record with a major media source....

She made tons of money from this whole thing";A little toxic;1;0;1;1;49
"For your future reference, you know that white nationalists, black supremacists, La Raza and other identitarian groups don't actually place the emphasize on skin color, right? It's the history of the people, their culture, their sense of community, and their values that matters more. That's why everybody laughs when leftists try and talk about ""brown"" people as though thousands of different nationalities can somehow be united by their melanen content.

Obviously, you don't have to agree with them, but at least don't go into these discussions looking uninformed.";Toxic;2;0;1;1;49
Well then masterbating is also gay. And by that logic, simply touching your penis is gay, even while peeing. If touching your penis is gay, you’re gay, because your penis is attached to you, hence you’re always touching your penis. Thusly, as clearly most men are not gay, masterbating cannot be gay, therefore sucking your own dick also cannot be gay.;Racist;2;1;1;1;49
"Fuck Taiwan

Fuck Hong Kong";Racist;2;1;1;1;49
Shut up racist white supremacist cracker black lives can't matter until white lives don't matter;Extremely racist;3;1;1;1;49
Especially that French dude that fucked over 600 African woman;Racist;2;1;1;1;49
The Chinese are disgusting people. They Live like animals.;Racist;2;1;1;1;49
There are a lot of grossly overweight blobs, a lot of completely dull women with no interests, a lot of trashy sluts dripping with stds and a lot of gold diggers out there but the worst trait I see in women is a complete lack of self awareness. It still shocks the fuck out of me.;Harassing;2;2;1;1;49
"why do you care if people understand or not. if they're too dumb to get it, their opinion doesn't matter, are you really that worried about some downvotes?

r/fuckthes";Harassing;2;2;1;1;49
Holy fuck. What an incredible asshole.;Harassing;2;2;1;1;49
to be fair, a phone is personal property not private property. so that kid can fuck off;Extremely harassing;3;2;1;1;49
"Wow, you girls coming here to nag and gossip is pathetic. Go back to r/politics —or has that sub exhausted you because you went all in on #MeToo, find yourself defending Uncle Joe sexually assaulting/finger banging some lady? Now you can’t look in a mirror without realizing what a piece of shit hypocrite you are? That’s the problem with your side. No forethought. 


You don’t understand “what goes around, comes around.”  Just wait until a Democrat one day several decades from now manages to win the Presidency. That fucker is gonna be under investigation with special prosecutors for all kinds of shit the day he takes office.";Harassing;2;2;1;1;49
They either forgot in which case it's worth reminding, or they did this knowingly, in which case definitely tell them to fuck themselves (diplomatically).;Vulgar;2;3;1;1;49
"I have no idea if he's actually raped anyone at all. He's not in prison so I'm going to say no proof other than #metoo. There is however videos of Biden being creepy as fuck with women. That's happening. TODAY. That's a thing detectives call a clue.

So yeah to my original statement. The DNC SUCKS if their only two candidates are a rapist and a commie.";Extremely vulgar;3;3;1;1;49
"&gt; YCIS

Why see I ass... Hehe.";Vulgar;2;3;1;1;49
"They really do. They got caught trying to naked short 140% of the float, which is technically illegal, and people caught onto it. Instead of rushing at the begining of this week to un-fuck himself Andy Left said he wasn't swayed and was stickin to his guns (which amounted to about a $3B loss), but basic research this morning showed most of those calls were still naked. 

He went on yesterday to tell CNBC he's covered *most* of those calls w/ $90 shares to the tune of another multi-billion loss, but the research says there's still a ton of uncovered ones.

The little guys called him on some bullshit he can't talk his way out of, and he'll be in the fuckin' soup line by Valentines Day because of it.";Vulgar;2;3;1;1;49
"&gt;With the UK's history of moving from monarchy to rule by the people and instilling rights and freedoms, I don't understand why you wouldn't trust them.

Lmao 
what the actual fuck.";Vulgar;2;3;1;1;49
"""just because I don't care if minorities die dosent mean I'm gonna murder them personally!!""";Violent;2;4;1;1;49
Get a UTI and you’ll pee blood;Violent;2;4;1;1;49
If your vending machine is filled with civil war suits, dirty white asylum dresses and non-legendary weapons then no, I will not be closing your doors. I'm going to eat your damn tatos and kill your cow, too.;Extremely violent;3;4;1;1;49
'Do not reach to the small of your back or I will kill you';Extremely violent;3;4;1;1;49
They are absolute bastards and will rip your face off given the chance;Extremely violent;3;4;1;1;49
Also Sterilization Virus is unlikely to work. It’d be devastating, yes, but if they have the tech to make something like that, they’d likely also have the tech to use stored embryos and artificial wombs to start this whole mess back up.;Non toxic;0;0;1;1;50
Its almost like it wasn’t worth it;Non toxic;0;0;1;1;50
Good news;Non toxic;0;0;1;1;50
"If your life is less than a few decades maybe, which would also explain why you don't know anything... So I guess, congratulations? You've shown yourself to be as right as a broken clock..You ...win?

So sad.";Non toxic;0;0;1;1;50
"You are kidding me right? Her story changed every time she told it, the “evidence” wasnt even circumstantial... there is no proof the two ever met

Her own friends could not support her story

Her friend admitted to being pressured to change her story

Witnesses dispute the story

Her own dad supported Kavanaugh and none of her family supported her.

She changed her story about the year it happened, how many people and where multiple times. She cant remeber the important details but remembers things like how many drinks she had.

She lied about fear of flying


She wanted to be confidential but went on record with a major media source....

She made tons of money from this whole thing";Non toxic;0;0;1;1;50
"A jew, a Mexican and a coloured fella walk into a bar

The bartender says: ""get the fuck out of here""";Non racist;0;1;1;1;50
If you are masturbating during it's extra gay since you're touching a dick;Racist;2;1;1;1;50
Go back harassing minorities!;A little racist;1;1;1;1;50
-st saying nigger though;A little racist;1;1;1;1;50
Wait until you hear about white hispanic male republicans ur gonna have ur tiny brain blown;Racist;2;1;1;1;50
This wasn't a comparison to see who's better, you moron.;Harassing;2;2;1;1;50
Unironically saying “fuck poor people”, with a cop-bootlicker username lmao;Harassing;2;2;1;1;50
Just grab a few and run away.  Fuck that guy.;Harassing;2;2;1;1;50
"How fucked in the head do you have to be to see a strong and proud Jewish scalper and go straight to antisemitism?

 Many Jews are People of Profit and are some of the best in the game, to try and erase their experiences like this is the real antisemitism.";A little harassing;1;2;1;1;50
"I wish they kept the old minion-killing animations. 

Pikemen are fucking obnoxious. They take forever to kill and always gimp my executions at the last second.";Harassing;2;2;1;1;50
Having a balanced budget when you print the world's reserve currency is fucking stupid. He should have been using dominant position that the us held and the financial boom time to invest in prosperity and security for the working class. Instead he dumbly rode the tech bubble and oversaw the massive hollowing out and outsourcing of America's productive capacity. Real hero there;A little vulgar;1;3;1;1;50
Get a shit computer. Mine is old and damaged and likely to burst into flames if I play more than an hour.;Vulgar;2;3;1;1;50
"Do you know how Alabama mothers know their daughters have started menstruating?

Their brothers' dicks start tasting like blood.";Extremely vulgar;3;3;1;1;50
we do sacrifices and blood and shit?;Vulgar;2;3;1;1;50
The way you're thinking of genetics certainly doesn't exist. It's not a phlogiston you can blame everything on. Unless you can give the rs accession number for SNPdb then you can't talk about genetics, fucktard.;Vulgar;2;3;1;1;50
Unfortunately that kid is probably going to go back with a gun or knife and kill that poor guy for making him look stupid...;Extremely violent;3;4;1;1;50
I will rip you in half;Violent;2;4;1;1;50
they should kill poachers with drones;Extremely violent;3;4;1;1;50
I hope all pedophiles experience an extremely excruciating death;Extremely violent;3;4;1;1;50
I'm going to cut 2020's genitals and feed him with them if this bloody happens;Extremely violent;3;4;1;1;50
Is that a Chinese finger trap like a toy for kids?;Non toxic;0;0;1;0;51
no, you play Poppy.;Non toxic;0;0;1;0;51
deleted  ^^^^^^^^^^^^^^^^0.8063  [^^^What ^^^is ^^^this?](https://pastebin.com/FcrFs94k/58373);Non toxic;0;0;1;0;51
Likewise;Non toxic;0;0;1;0;51
Chicken of the Cave Flu;Non toxic;0;0;1;0;51
Well then masterbating is also gay. And by that logic, simply touching your penis is gay, even while peeing. If touching your penis is gay, you’re gay, because your penis is attached to you, hence you’re always touching your penis. Thusly, as clearly most men are not gay, masterbating cannot be gay, therefore sucking your own dick also cannot be gay.;Non racist;0;1;1;0;51
So... you’re gay;A little racist;1;1;1;0;51
In the full video the people in the car are yelling “fuck white people” and the white guy on the bike says fuck you back. They get out and jump him. Somehow Reddit manages to spin this as “white racist gets what he deserves”. It’s pretty disgusting;A little racist;1;1;1;0;51
They want to murder Jews just as much as you want to murder cishet white people.;Racist;2;1;1;0;51
"“We need to rise up and kill the bourgeois! Death to capitalists! Punch white supremacists!”

“You can’t touch women! That is a woman! This is brutality! Whaaa!”";A little racist;1;1;1;0;51
There are a lot of grossly overweight blobs, a lot of completely dull women with no interests, a lot of trashy sluts dripping with stds and a lot of gold diggers out there but the worst trait I see in women is a complete lack of self awareness. It still shocks the fuck out of me.;A little harassing;1;2;1;0;51
Jimmy Dore is right... wing’s useful idiot.;Harassing;2;2;1;0;51
That totally justifies becoming an asshole yourself, sure.;Harassing;2;2;1;0;51
Viciously raped, their asscheeks will be;A little harassing;1;2;1;0;51
"No. Everyone with half a brain made that choice. 

The government just made the choice for the fucking morons that aren't listening or paying attention and endangering the rest of us.";A little harassing;1;2;1;0;51
You ever wear last winter's jacket and find a joint, or a twenty? Same shit.;A little vulgar;1;3;1;0;51
"I hate to say it, but relying on allies seems like a reasonable plan. They aren't going to attack Australia, and being able to project power much further is very expensive, too expensive for a peaceful nation.

But Kiwi troops have always been ready and capable to help their allies. It's like saying ""me and the boys will fuck some shit up with you, but you gotta give us a ride.""";A little vulgar;1;3;1;0;51
Can jhin mains stop sucking off their champion for a moment;A little vulgar;1;3;1;0;51
"Guys...you know this is staged right?

Like...these are rehearsed lines and shit.";A little vulgar;1;3;1;0;51
Hmm, when I search WaPoo Prime Video, I don't get any references to the movie.  Had to find it via a search engine.  Amazon is doing something fucky.;Vulgar;2;3;1;0;51
DEATH TO THOMAS!;A little violent;1;4;1;0;51
Surrender your testicles within 30 seconds or we will open fire;Violent;2;4;1;0;51
I hope they all choke on their own lung fluid;Violent;2;4;1;0;51
Bolsanaro should be the first leader to die;Extremely violent;3;4;1;0;51
I will personally destroy all g*mers;Extremely violent;3;4;1;0;51
Δεν είναι δυο τα ζητήματα, ένα είναι, και οι εννιά του μάρτυρες κοιτάνε τα ραδίκια.;Non toxic;0;0;2;1;52
The hardest part, is letting go.;Non toxic;0;0;2;1;52
I came here to ask this.  It's obviously the first thing that will pop into your head when reading the article.;Non toxic;0;0;2;1;52
Guess I'll wind up in the ICU;Non toxic;0;0;2;1;52
i think its funny;Non toxic;0;0;2;1;52
"&gt; anti-semitic Israel

lol... fuck off nazi";Racist;2;1;2;1;52
Wait- if they press the vote Democrat button, white males would still exist.  These... these dumb mother fuckers;Racist;2;1;2;1;52
Traps are gay.;Racist;2;1;2;1;52
"So, mods are...not gay? 

/s It’s fucking disgusting and homophobic. Impeach them.";Racist;2;1;2;1;52
Retard I dont prowl gay subs looking to harass gay people I just searched the last of us in the bar and saw ur stupid opinion;A little racist;1;1;2;1;52
Busy body idiots with nothing else to do lol.;A little harassing;1;2;2;1;52
Immigrants don’t make their own state with the land they forced you off of you Zionist scum.;Harassing;2;2;2;1;52
There are a lot of grossly overweight blobs, a lot of completely dull women with no interests, a lot of trashy sluts dripping with stds and a lot of gold diggers out there but the worst trait I see in women is a complete lack of self awareness. It still shocks the fuck out of me.;Harassing;2;2;2;1;52
Coyotes don’t fuck with pigs?;Harassing;2;2;2;1;52
"Another """"fun"""" fact: the Direlwanger Brigade of the SS was investigated by the *Nazis* for War crimes and being rapists and pedophiles.

You know you're bad when the Nazis tell you to stop being so fucked up.";Harassing;2;2;2;1;52
Coffee oatmeal with low cal sweetner is the shit;Extremely vulgar;3;3;2;1;52
"That's pretty fuckin' solid.

Jonny Atma did a [crazy good cover of Ellis's theme](https://www.youtube.com/watch?v=Qn8j9FG_3_o) because his wife requested it. 

All the solos on this OST (sax, guitar, etc) were preposterously intense.";Vulgar;2;3;2;1;52
Holy shit how much is it going to start at for the auction then?;Vulgar;2;3;2;1;52
He still got a shot at 1k yards. Just needs 250 a game for the last 3! Easy shit;Extremely vulgar;3;3;2;1;52
Can't turn shit into diamonds every time.;Vulgar;2;3;2;1;52
Kill Your Mother.;Extremely violent;3;4;2;1;52
You die;Extremely violent;3;4;2;1;52
You shoot me and then I'll shoot you;Extremely violent;3;4;2;1;52
I will take my 153 with ap20 and kill you;Extremely violent;3;4;2;1;52
I hope he gets beat up;Extremely violent;3;4;2;1;52
I have it on console.;Non toxic;0;0;1;1;53
Whym does whom saym that?;Non toxic;0;0;1;1;53
"Individual faiths maybe, with the new hierarchy being Faith&lt;Religion&lt;Religion group.  They should be variations of the same religion.";Non toxic;0;0;1;1;53
Its almost like it wasn’t worth it;Non toxic;0;0;1;1;53
"**March 31, 2020 - SOTN - A man&amp;#39;s home is his Castle**  

* **Prep:** Hot Shower  
* **Brush:** Cheap-o Amazon synthetic  
* **Razor:** RazoRock - Mission  
* **Blade:** Astra - Superior Platinum (green) (1)  
* **Lather:** [Castle Forbes - Cedarwood &amp;amp; Sandalwood - Cream](https://trythatsoap.com/collection/502/?product_type=cream)  

* **Post Shave:** [Proraso - Sandalwood - Aftershave](https://trythatsoap.com/collection/185/?product_type=aftershave)




I don&amp;#39;t usually use this razor but I wanted a change tonight.  It&amp;#39;s more aggressive than my Diplomat or Tech by far so it&amp;#39;s not my daily shaver. You have to use a very light touch with it and you will be rewarded with a very close shave. I don&amp;#39;t have any other razors to compare it to except my Ming Shi, which I rarely use. I imagine it would be equivalent to a setting of 5 or 6. Got the RazoRock on sale at Groomatorium. (I know, shameless plug for a great vendor)

 Hope you all are staying safe and well shaved in these difficult times.";Toxic;2;0;1;1;53
Nigger is the word, the image used nigga.;A little racist;1;1;1;1;53
Like damn these Karen's cant just disturb the peace. They gotta harass the young, minorities and choke the heck out of their poor dog while doing it.;Racist;2;1;1;1;53
We're all gay for each other. And non of that lame nO hOMo bullshit. Oh, very much yes full homo. Sweetie, it's 2020, be gay or be gone.;Racist;2;1;1;1;53
You can tell when the melons know they fucked up when they start making moral equivocations with the ***fucking nazis*** and ***white supremacists***;Racist;2;1;1;1;53
You’re black. God roasted you enough;Racist;2;1;1;1;53
That Vader was a moron, why tf would he run right at you;Harassing;2;2;1;1;53
"I mean, you have to ask yourself, is a slut someone that doesn't dress conservatively or is a slut someone that's actually unfaithfully sleeping around.

If your problem is the former then I say to you that there is a difference between saying something is generally socially undesirable and saying that something is a turn off in a relationship, ie. no one would give a fuck if you just diplomatically said that you have a personal preference for women that don't wear revealing clothing (or whatever your problem is).";A little harassing;1;2;1;1;53
Dumb troll. Get a job.;A little harassing;1;2;1;1;53
"You know me so well. 

A) You're an idiot for confusing the personalities of the women you allegedly spent a few minutes near with their ability to show personality through performances.

B) You seem like a simp.";Harassing;2;2;1;1;53
Stupid Palestinians, why don’t they go back to... *checks notes*... oh;Harassing;2;2;1;1;53
What doomed communism in the 20th century is it's own authoritarianism. Why the hell wouldn't the chinese communist party embrace capitalism to enrich themselves? Why the hell would they give a shit?;A little vulgar;1;3;1;1;53
"...who?

wait, they're not on about that goddamned baby show are they? Oh dios mio.";Vulgar;2;3;1;1;53
"It has done remarkably well in the face of economic hardship and the US imperialist embargo, which even this article by the HRW (lol) calls ""misguided"". In the fucking title.";Vulgar;2;3;1;1;53
Hmm, when I search WaPoo Prime Video, I don't get any references to the movie.  Had to find it via a search engine.  Amazon is doing something fucky.;Extremely vulgar;3;3;1;1;53
Shit's getting bad, but the US gov ain't going anywhere, friend. Rome took more than a thousand years to fully collapse.;Extremely vulgar;3;3;1;1;53
If I were PCG I'd burn your house down again too;Violent;2;4;1;1;53
So you want me to be subservient to humans in exchange for a pittance? I'm going to enjoy killing you and burning your village to ash.;Extremely violent;3;4;1;1;53
They’re gonna get killed in prison;Extremely violent;3;4;1;1;53
DEATH TO THOMAS!;Extremely violent;3;4;1;1;53
If your vending machine is filled with civil war suits, dirty white asylum dresses and non-legendary weapons then no, I will not be closing your doors. I'm going to eat your damn tatos and kill your cow, too.;Extremely violent;3;4;1;1;53
This exactly. Rent-seeking. Read Henry George. Unlike Marx, his predictions actually come true and so long as you don't apply his principles, you'll wish they didn't.;Non toxic;0;0;2;1;54
Uh why do you need computers to use snapchat lol;Non toxic;0;0;2;1;54
"Strasznie ciekawy jest ten nowy język programowania.
Da się na nim zrobić kopię Minecrafta ?";Non toxic;0;0;2;1;54
I find it criminal that you're banned;Non toxic;0;0;2;1;54
It's not a tab, it's his bookmarks bar.;Non toxic;0;0;2;1;54
Now you are a homophobe, using gay as an insult and slur? You really are what you claim to hate, bigot.;Racist;2;1;2;1;54
If you cuff me you're gay.;Racist;2;1;2;1;54
"If you can’t stop being gay die

-WBC";Racist;2;1;2;1;54
"Aren’t the protests for black live matter full of black people that will likely contract Covid 19 and possibly kill some? 
Is it only the manner of death that they care about? 
Covid 19 kills blacks = ok no problem. 
Black people kill hundreds of black people in inner cities every day = ok that’s fine. 
Black women abort thousands of black babies every fucking day in America = par for the course. 
One bad cops kills one black guy in the commission of a crime = OMG this is a huge problem that requires us to destroy black businesses and black landmarks to show the white man how angry we are.
Gtfoh";Racist;2;1;2;1;54
Traps are gay.;A little racist;1;1;2;1;54
"This is what happens when you upvote all of those retarded ""racism is fucked I just want to run a profitable business!/have a monarchy!"" Posts.";A little harassing;1;2;2;1;54
Yes they are that stupid.;Non harassing;0;2;2;1;54
You guys should get a fucking job! Dude!;A little harassing;1;2;2;1;54
"I’m an anarchist, street medic.

I ride my motorcycle to street demos or community activist events; wherever I’m needed (usually by request from local collectives or groups).

I load my bike and myself up with medical gear - essentially a large trauma kit - and I’m in the thick of it. I carry no weapons. I’m not out there to hurt anyone. I seek to help and comfort those harmed by the fascist goons.

Fuck Them. And fuck Trump. And fuck you too if you support him.";Non harassing;0;2;2;1;54
I seriously what orokin fucktard saw these mechs and thought, we need dead people with steel skin to be controlled by kids with PTSD.;A little harassing;1;2;2;1;54
"It's also not sexual if the frat bros put their dicks into each others mouths and then say ""no homo"". 

It's just a dare after all.";A little vulgar;1;3;2;1;54
I’m kinda bummed this is downvoted.  Don’t usually care about that shit either.;A little vulgar;1;3;2;1;54
They can have the UAW, which is why they can’t have shit else.;A little vulgar;1;3;2;1;54
Not true. I can't find a blops game for shit.;A little vulgar;1;3;2;1;54
its definitely grown on me, but it isnt front to back bangers like motm/motm II. i love cudi but some of these tracks its apparent how fucked up he was at the time;A little vulgar;1;3;2;1;54
i'm gonna kick your son in the ribs.;Violent;2;4;2;1;54
He’s so romantic, get you a man who’ll drive a truck into a brothel so he can try and kill you.;Violent;2;4;2;1;54
"You piss off a poor man: he'll just kill you.

But you piss off a rich man?
He'll kill you all the same, but once he's done, he'll go after what's left of you.";Extremely violent;3;4;2;1;54
All redditors should be round up into camps and killed;Extremely violent;3;4;2;1;54
I would kick you;Extremely violent;3;4;2;1;54
This exactly. Rent-seeking. Read Henry George. Unlike Marx, his predictions actually come true and so long as you don't apply his principles, you'll wish they didn't.;Non toxic;0;0;2;1;55
Uh why do you need computers to use snapchat lol;Non toxic;0;0;2;1;55
"Strasznie ciekawy jest ten nowy język programowania.
Da się na nim zrobić kopię Minecrafta ?";Non toxic;0;0;2;1;55
I find it criminal that you're banned;Non toxic;0;0;2;1;55
It's not a tab, it's his bookmarks bar.;Non toxic;0;0;2;1;55
Now you are a homophobe, using gay as an insult and slur? You really are what you claim to hate, bigot.;Racist;2;1;2;1;55
If you cuff me you're gay.;Racist;2;1;2;1;55
"If you can’t stop being gay die

-WBC";A little racist;1;1;2;1;55
"Aren’t the protests for black live matter full of black people that will likely contract Covid 19 and possibly kill some? 
Is it only the manner of death that they care about? 
Covid 19 kills blacks = ok no problem. 
Black people kill hundreds of black people in inner cities every day = ok that’s fine. 
Black women abort thousands of black babies every fucking day in America = par for the course. 
One bad cops kills one black guy in the commission of a crime = OMG this is a huge problem that requires us to destroy black businesses and black landmarks to show the white man how angry we are.
Gtfoh";Racist;2;1;2;1;55
Traps are gay.;A little racist;1;1;2;1;55
"This is what happens when you upvote all of those retarded ""racism is fucked I just want to run a profitable business!/have a monarchy!"" Posts.";Harassing;2;2;2;1;55
Yes they are that stupid.;A little harassing;1;2;2;1;55
You guys should get a fucking job! Dude!;A little harassing;1;2;2;1;55
"I’m an anarchist, street medic.

I ride my motorcycle to street demos or community activist events; wherever I’m needed (usually by request from local collectives or groups).

I load my bike and myself up with medical gear - essentially a large trauma kit - and I’m in the thick of it. I carry no weapons. I’m not out there to hurt anyone. I seek to help and comfort those harmed by the fascist goons.

Fuck Them. And fuck Trump. And fuck you too if you support him.";Harassing;2;2;2;1;55
I seriously what orokin fucktard saw these mechs and thought, we need dead people with steel skin to be controlled by kids with PTSD.;Harassing;2;2;2;1;55
"It's also not sexual if the frat bros put their dicks into each others mouths and then say ""no homo"". 

It's just a dare after all.";Non vulgar;0;3;2;1;55
I’m kinda bummed this is downvoted.  Don’t usually care about that shit either.;A little vulgar;1;3;2;1;55
They can have the UAW, which is why they can’t have shit else.;Vulgar;2;3;2;1;55
Not true. I can't find a blops game for shit.;A little vulgar;1;3;2;1;55
its definitely grown on me, but it isnt front to back bangers like motm/motm II. i love cudi but some of these tracks its apparent how fucked up he was at the time;Vulgar;2;3;2;1;55
i'm gonna kick your son in the ribs.;Extremely violent;3;4;2;1;55
He’s so romantic, get you a man who’ll drive a truck into a brothel so he can try and kill you.;Violent;2;4;2;1;55
"You piss off a poor man: he'll just kill you.

But you piss off a rich man?
He'll kill you all the same, but once he's done, he'll go after what's left of you.";Violent;2;4;2;1;55
All redditors should be round up into camps and killed;Extremely violent;3;4;2;1;55
I would kick you;Extremely violent;3;4;2;1;55
Basspod and cosmic meadows. I can count how many times I've been to the main stage on one hand. I hate  it over there.;Non toxic;0;0;2;0;56
is this a satire subreddit?;Non toxic;0;0;2;0;56
or the episode where Rikers falls in love with the kinda-but-not-really trans alien. they had to use an afab actor for that role but it still pushed boundaries;Non toxic;0;0;2;0;56
This is correct. It's also how ants form their 'roads' and know where the food is at when it's way, way beyond their range of sight. You can even exploit this fact by spreading ant pheremones in a circle, and forming something called an 'ant death spiral', where the ants just walk in circles until they drop dead, because they don't know to do anything else.;Non toxic;0;0;2;0;56
You keep the gamers alive, and we'll take it from there.;Non toxic;0;0;2;0;56
Stupid southerners stole it from the Greeks, who were not racist only homophobic.;A little racist;1;1;2;0;56
There are gay fascists and black fascists and jewish fascists and trans fascists too!;Racist;2;1;2;0;56
"""Elevated area"" give me a break, it's barely a stage. Getting in someone's personal space and purposefully ruining their art is endangering yourself. Drunk people aren't children, they know better. This guy wanted to be a dick and fuck with the performer and got off easy all things considered.

Haven't even got in to the fact that most drag queens are gay men who've had to deal with homophobic brodudes fucking with them their whole life. You either stick up for yourself or get treated like garbage.";A little racist;1;1;2;0;56
"""Women are too stupid/dumb/incompetent to use guns""  
  -Liberals";Extremely racist;3;1;2;0;56
"A jew, a Mexican and a coloured fella walk into a bar

The bartender says: ""get the fuck out of here""";Racist;2;1;2;0;56
Jim Jeffrey was caught out on camera being racist and drawing black people he was trying to jebait Avi yemini in a interview to say something racially charged so he could deceptively edit it for culture/identity politics points. Except he didn't bank on Avi secretly recording the entire interview and releasing it...Jim fucking disappeared and the msm covered his racist fucking deplorable ass by not commenting on it at all.;Harassing;2;2;2;0;56
"&gt; And cis men wonder why we want them to fuck off out of the industry...

You sound bigoted";Harassing;2;2;2;0;56
"I sure do love it when privileged fucks go on about how everyone else is privileged.

please go tell the Black families whose family members were blackbagged or assassinated after Ferguson under President Obama how they are all ""privileged"" for saying it's no different than when Republicans did the same.

please go tell all the Hispanic families that were torn apart by Obama's anti-immigration policies how they are all ""privileged"" for saying it's no different than when Republicans did the same.

please go tell all the Muslim families that have been displaced and murdered by the continuation of the illegal wars in the Middle East that Obama not only failed to exit from but put even more troops in how they are all ""privileged""  for saying it's no different than when Republicans did the same.

in reality, only a white person could say the shit you say and actually think you are helping by going ""durrrr it ganna be bettur for everyone without drumpf."" He didnt build the concentration camps, he didnt militarize sports, he didnt give military hardware to the police: Democrats did that shit (and in Biden's case, he LITERALLY SPONSORED THE FUCKING BILL THAT MILITARIZED THE POLICE). And that is literally my point shitbird, the corporate centrists enabled all of this to happen, but you useless meatbags are only upset when they toss the keys to a fascist and they predictably utilize literally all the tools that corporate centrists created.

take all the fucking seats you waste of hot air. none of you brunch libs gave a SHIT about the marginalized until a Republican was in charge. And now that a Democrat is heading back to the White House, your brunch plans are back on and your weekend, permit-only protests are over. Meanwhile, the marginalized people (that you claim to care about) are going to continue to be persecuted, harassed, displaced, and murdered because the extent of your political discourse is ""orange man bad.""";Harassing;2;2;2;0;56
Warrens plan was absolutely NOT comprehensive, you liar. And every bit of sanders plan was outlined but maybe it was too much for you too understand? Doubt you even checked, neoliberals do not give a fuck in the end.;Harassing;2;2;2;0;56
"It's probably best described as a: ""fuck me...so fuck you too""";A little harassing;1;2;2;0;56
Can't turn shit into diamonds every time.;A little vulgar;1;3;2;0;56
God damn, did Sam rub his body in butter or does this defense really suck this hard at tackling?;A little vulgar;1;3;2;0;56
Can jhin mains stop sucking off their champion for a moment;Vulgar;2;3;2;0;56
People ALWAYS make shit like that up for some reason.;Extremely vulgar;3;3;2;0;56
Not even subtle for anyone who's seen this type of bullshit over the last ~30 years.;Vulgar;2;3;2;0;56
i hope everybody dies;Violent;2;4;2;0;56
*You will die;Violent;2;4;2;0;56
I hope these 3 police officer get a terrible disease and die a slow and painful death.;Extremely violent;3;4;2;0;56
I will kill you and ride straight to emerald ranch to pay the bounty idgaf.;Extremely violent;3;4;2;0;56
I hope he gets the most painfull death possible;Extremely violent;3;4;2;0;56
Its piss easy to get CC in this game. People are literally complaining about a non issue;Non toxic;0;0;2;1;57
Neither has Biden.;Non toxic;0;0;2;1;57
At least the marvelous misadventures of flapjack hasn't ended. I think that would kill me;Non toxic;0;0;2;1;57
That's a difference so fine it's almost nonexistent. Monopoly-building, regulatory capture, and anti-competitive practices are all forms of rent-seeking behavior.;Non toxic;0;0;2;1;57
"&gt; Τραγική προσπαθεία να το γυρίσεις σε σεξιστικό. Δεν τσιμπάμε.

αλατόνερο και καλές, βαθιές γαργάρες

&gt; Πες μας σε ποιο σχολείο το πήγαινε το παιδί της

σε όποιο ιδιωτικό και να πήγε, θα μας το πείς για μασωνία, τώρα, ε;
&gt; Γιατί όχι δημόσιο και μετά να έχει κάποιον/α από τα λαϊκά στρώματα επι πληρωμης να το προσέχει μέχρι να γυρίσει σπίτι;

η γενική γραμματέας του ΚΚΕ να έχει νταντά, γιαβρή μου; και υπηρέτρια; 


αλατόνερο και καλές, βαθιές γαργάρες  x2";A little toxic;1;0;2;1;57
G*mers hate gay people.;Racist;2;1;2;1;57
"Oh no Whites are angry about Ahmaud Arbery and how the McMichaels were framed as racists! Better go burn down affordable housing! 

See how this doesn’t work? The cop was already getting investigated. The regular protests and social media awareness raising was WORKING. Now you’ve muddied everything up with a bunch nigger monkeys throwing shit everywhere and setting buildings ablaze which mind you could have killed people.

I have no respect for the rioters, in many other countries they’d be shot and rightfully so.";Racist;2;1;2;1;57
I mean the test is pretty shit. You are gonna be libleft if you don't say that you want to exterminate the gays.;Racist;2;1;2;1;57
There are gay fascists and black fascists and jewish fascists and trans fascists too!;Extremely racist;3;1;2;1;57
She rules your gay;Racist;2;1;2;1;57
Give me Aloy over those weird ass anime chicks with the balloon tits any day;Harassing;2;2;2;1;57
Warrens plan was absolutely NOT comprehensive, you liar. And every bit of sanders plan was outlined but maybe it was too much for you too understand? Doubt you even checked, neoliberals do not give a fuck in the end.;Harassing;2;2;2;1;57
Dumb troll. Get a job.;Harassing;2;2;2;1;57
we're all clenching our assholes;Extremely harassing;3;2;2;1;57
Fuck thats worse. I love fat guys they deserve better;Harassing;2;2;2;1;57
Lol holy shit dude, say to hello to jcj for me;Vulgar;2;3;2;1;57
Censorship, guy. Half of America votes in favor of **this** shit.;Vulgar;2;3;2;1;57
Also, I love how the best worker out of every single person you mentioned is the Joshi champ. People sleep on Io because womens wrestling is historically taken less seriously bit Io has been proving herself as a top 5 talent in the world regardless of gender and that's so fucking cool to me.;A little vulgar;1;3;2;1;57
and you have failed to answer why you like to drop into threads and talk shit;A little vulgar;1;3;2;1;57
You're a brave one for shitting at school, they're stupid for having sex at school;Vulgar;2;3;2;1;57
Because when you rape, murder, and torture a kid for months on end until they die (or do the above at all), you deserve to die yourself. But please tell me why a child rapist, murderer doesn’t deserve to die;Extremely violent;3;4;2;1;57
You deserve the gas chamber you scum bag. I hope they drag you off first;Extremely violent;3;4;2;1;57
Death to British rule 🇨🇳🇨🇳🇨🇳;Extremely violent;3;4;2;1;57
i'm gonna kick your son in the ribs.;Violent;2;4;2;1;57
"Punch yourself in the gut

Otherwise man up and stick your fingers down your throat";Extremely violent;3;4;2;1;57
The month has turned over has that set been released yet? 😂;Non toxic;0;0;2;1;58
"&gt;  Prepare for global pillow wars.

Careful what you wish for. [Don't want another fort Pillow massacre](https://en.wikipedia.org/wiki/Battle_of_Fort_Pillow).";Non toxic;0;0;2;1;58
good taste in cymbals. That brand is underrated asf;Non toxic;0;0;2;1;58
Can have the template;Non toxic;0;0;2;1;58
It's not a tab, it's his bookmarks bar.;Non toxic;0;0;2;1;58
These white males need to keep BW out of their mouths. “Lower your standards and date a black woman”?!? Wtf but that’s the usual racist nonsense these privileged white males spout.;Racist;2;1;2;1;58
if you are gay and vote republican you are just stupid.;Racist;2;1;2;1;58
Stfu @u/communism_- you a bitch you the nigga in health class that said “it’s not weird” when the teacher talked about foot fetishes;A little racist;1;1;2;1;58
"Aren’t the protests for black live matter full of black people that will likely contract Covid 19 and possibly kill some? 
Is it only the manner of death that they care about? 
Covid 19 kills blacks = ok no problem. 
Black people kill hundreds of black people in inner cities every day = ok that’s fine. 
Black women abort thousands of black babies every fucking day in America = par for the course. 
One bad cops kills one black guy in the commission of a crime = OMG this is a huge problem that requires us to destroy black businesses and black landmarks to show the white man how angry we are.
Gtfoh";Racist;2;1;2;1;58
"bolsonaro is a fucking retarded cuck selling out my country to china and america

people only call him ultra nationalist or whatever because he hates gays

i wish we had an actual nationalist president";Racist;2;1;2;1;58
He literally didn't murder anyone.  Please look up the definition of murder.  Christ, you're a moron.;Harassing;2;2;2;1;58
Honestly this sub is fucking terrible for monitor advice if you want something other than what the idiots here circle jerk about.  I would recommend doing a lot of research and then making a decision yourself based upon needs.;A little harassing;1;2;2;1;58
**WRATH, MOTHERFUCKERS!!!!***;Harassing;2;2;2;1;58
Who is the rich asshole?;A little harassing;1;2;2;1;58
FUCK you if you think I’m selling;Harassing;2;2;2;1;58
Funny how police need to deal with people on drugs regularly, but seem to fuck it up. Like maybe they could do with training for situations they are likely to encounter.;Vulgar;2;3;2;1;58
"\&gt; Accuses Biden of being a rapist

\&gt; Sends dick pics and makes advances to minors

LMAOOOO";Vulgar;2;3;2;1;58
Well that sucks. Sorry man, there isn't anything else on that list I want.;Vulgar;2;3;2;1;58
Curiousity killed the cat, and I eat ass too.;Vulgar;2;3;2;1;58
"The last Star Wars trilogy was pozzed as fuck and it's been liberal since the beginning. 

&amp;#x200B;

Never played COD can't comment on that one.";Vulgar;2;3;2;1;58
"😅😅😅 

Stop posting or he's going to kill you";Extremely violent;3;4;2;1;58
Death to capitalism;A little violent;1;4;2;1;58
"*but I can kill you if you're on my private property*

* cons";Extremely violent;3;4;2;1;58
we'll kill him last;Extremely violent;3;4;2;1;58
pedo die die die;Extremely violent;3;4;2;1;58
"&gt;vote with your wallet

Exactly. It's only continuing because it works financially for the companies that release it. Business goes where the money is.";Non toxic;0;0;2;1;59
Hahhahahahhahahahahhahaha;Non toxic;0;0;2;1;59
"&gt;This is The Logical conclusion you are either too naive we're too far into your ideological Echo chamber to see.

I find that very ironic coming from you";Non toxic;0;0;2;1;59
Posted in r/tumblr;Non toxic;0;0;2;1;59
"You are kidding me right? Her story changed every time she told it, the “evidence” wasnt even circumstantial... there is no proof the two ever met

Her own friends could not support her story

Her friend admitted to being pressured to change her story

Witnesses dispute the story

Her own dad supported Kavanaugh and none of her family supported her.

She changed her story about the year it happened, how many people and where multiple times. She cant remeber the important details but remembers things like how many drinks she had.

She lied about fear of flying


She wanted to be confidential but went on record with a major media source....

She made tons of money from this whole thing";Non toxic;0;0;2;1;59
"Niggas be like

&amp;#x200B;

^(fuck)";Racist;2;1;2;1;59
Traps are gay.;Racist;2;1;2;1;59
Because you're gay.;Racist;2;1;2;1;59
hell yeah gay shit fucking rules \*sucks dick for funsies\*;Extremely racist;3;1;2;1;59
"bolsonaro is a fucking retarded cuck selling out my country to china and america

people only call him ultra nationalist or whatever because he hates gays

i wish we had an actual nationalist president";Racist;2;1;2;1;59
"Once you have fucked literal gods, you're going to wonder what it feels like to put your dick in your food.  
  
I call this the Zeus hypothesis.";Harassing;2;2;2;1;59
Mentally ill pieces of shit.;Harassing;2;2;2;1;59
Fuck trump but also ..stop wasting time on stupid bullshit like this.;A little harassing;1;2;2;1;59
Hey look, a fascist lying out their ass. Big surprise.;Harassing;2;2;2;1;59
"I’m an anarchist, street medic.

I ride my motorcycle to street demos or community activist events; wherever I’m needed (usually by request from local collectives or groups).

I load my bike and myself up with medical gear - essentially a large trauma kit - and I’m in the thick of it. I carry no weapons. I’m not out there to hurt anyone. I seek to help and comfort those harmed by the fascist goons.

Fuck Them. And fuck Trump. And fuck you too if you support him.";A little harassing;1;2;2;1;59
PayPal is still assho;A little vulgar;1;3;2;1;59
They can have the UAW, which is why they can’t have shit else.;Vulgar;2;3;2;1;59
Why would you steal shit made in China?;A little vulgar;1;3;2;1;59
I'm downvoting you cause you're being a bitch. Wanting sport to be apolitical while grandstanding about your personal politics is laughable.;Vulgar;2;3;2;1;59
Funny thing is the bitch looked like satan herself.;Vulgar;2;3;2;1;59
Eww, refer to me as a disgusting subhuman Celt again and I'll blood eagle your mother.;A little violent;1;4;2;1;59
Then you die;Violent;2;4;2;1;59
He’s so romantic, get you a man who’ll drive a truck into a brothel so he can try and kill you.;Violent;2;4;2;1;59
Kill them. Kill them now;Extremely violent;3;4;2;1;59
"I will massacre all G*mers on June 20tg

-Xi Jin pIng";Extremely violent;3;4;2;1;59
You keep the gamers alive, and we'll take it from there.;Non toxic;0;0;1;0;60
Ronan;Non toxic;0;0;1;0;60
Posted in r/tumblr;Non toxic;0;0;1;0;60
"Marxism-Incelism?

lel";A little toxic;1;0;1;0;60
It was also with a grudge with the the concrete place I believe.;Non toxic;0;0;1;0;60
"Oh no Whites are angry about Ahmaud Arbery and how the McMichaels were framed as racists! Better go burn down affordable housing! 

See how this doesn’t work? The cop was already getting investigated. The regular protests and social media awareness raising was WORKING. Now you’ve muddied everything up with a bunch nigger monkeys throwing shit everywhere and setting buildings ablaze which mind you could have killed people.

I have no respect for the rioters, in many other countries they’d be shot and rightfully so.";Extremely racist;3;1;1;0;60
straight guys don't look at other guy's penises for fear that they will turn gay or something;A little racist;1;1;1;0;60
Gay imperialist thugs. So wholesome!;Non racist;0;1;1;0;60
"bolsonaro is a fucking retarded cuck selling out my country to china and america

people only call him ultra nationalist or whatever because he hates gays

i wish we had an actual nationalist president";A little racist;1;1;1;0;60
Niggardly;Racist;2;1;1;0;60
"Once you have fucked literal gods, you're going to wonder what it feels like to put your dick in your food.  
  
I call this the Zeus hypothesis.";Harassing;2;2;1;0;60
"why do you care if people understand or not. if they're too dumb to get it, their opinion doesn't matter, are you really that worried about some downvotes?

r/fuckthes";Non harassing;0;2;1;0;60
You realize that people feel this way because whites are so racist, right? You probably wouldn’t understand that though. Alt-right asshole.;A little harassing;1;2;1;0;60
See now I’m sittin here with my family and my sister saw it and now I gotta explain this to her later. Fuck you and your NSFW meme;Non harassing;0;2;1;0;60
That totally justifies becoming an asshole yourself, sure.;Non harassing;0;2;1;0;60
“Affordable” means “I am a shit lib”;A little vulgar;1;3;1;0;60
"This was one of the first shoot videos I ever watched, and it disappeared completely for some time. Now it's back in small clips on YT, and I'm glad to see it back. 

Gotta love the big ass dip HBK has in his mouth during half the interview. 1999 Shawn Michaels really had no Fucks to give.";A little vulgar;1;3;1;0;60
They're kinda weird ngl. I think the internet does that to people.. they say anything because no one can judge them, I'd hope no one would say this shit irl;Non vulgar;0;3;1;0;60
and you have failed to answer why you like to drop into threads and talk shit;A little vulgar;1;3;1;0;60
Are momma jokes deeply unsettling to people or something? I’m pretty sure no one would give a shit.;A little vulgar;1;3;1;0;60
I'm going to drag you beneath the Earth and subject you to 12,000 years of horrific torture;Violent;2;4;1;0;60
"Die

Die

or Die";Violent;2;4;1;0;60
You shoot me and then I'll shoot you;Violent;2;4;1;0;60
So you want me to be subservient to humans in exchange for a pittance? I'm going to enjoy killing you and burning your village to ash.;Extremely violent;3;4;1;0;60
That’s one way of getting yourself raped and killed anywhere in the Middle East.;Extremely violent;3;4;1;0;60
Cyclists not being self aware?  Im shocked!;Non toxic;0;0;2;0;61
"I remember that Italian mayor saying how he yelled at a woman in her town who broke quarentine to go to the hair salon. He said, ""it doesn't matter how your hair looks, the casket will be closed.""

Wish more people could hear stuff like that.";A little toxic;1;0;2;0;61
I will also admit that I had no idea who this man is.;Non toxic;0;0;2;0;61
Guess I'll wind up in the ICU;Non toxic;0;0;2;0;61
For a budget snus, Mustang is super good. Working my way through a roll now.;Non toxic;0;0;2;0;61
You're gay if you don't;Non racist;0;1;2;0;61
Black supremacists lol what a dumbfuck;A little racist;1;1;2;0;61
China is pretty based, they're only communist on paper, it's a massive fucking corporate oligarchy and they ban any gay representation and are racist as hell.;A little racist;1;1;2;0;61
No you dont understand! You have to watch porn otherwise youre a weirdo! Fucking gay mod.;Racist;2;1;2;0;61
They are homosexual extremists.;Non racist;0;1;2;0;61
Okay, so you're actually just a moron. Got it.;A little harassing;1;2;2;0;61
This man here is living the dream. Lucky bastard;Non harassing;0;2;2;0;61
"&gt;actually a chad IRL 

Either your flair is lying or you're lying now. 

Either way I'm gonna hunt you down and fuck your ass";A little harassing;1;2;2;0;61
"Says the same fucking people who can't take conversation about people in poverty lifting themselves up by the bootstraps. 

Sit back down kiddo.";Harassing;2;2;2;0;61
That totally justifies becoming an asshole yourself, sure.;A little harassing;1;2;2;0;61
"One bad apple in my school class definitely didnt make the other classes or teachers hate my entire class lol, what a broken comparison

Youre actually just an asshole for your ""righteous act of divine pettiness"" at that gas station, so why are you bragging about it like it is some great achievement?

Exactly this ""fuck them all"" mentality is something racists, homophobes and nazis have to hold to justify their feelings of prejudice. You are no different to them, you just unconditionally hate different things.";Vulgar;2;3;2;0;61
OP is the real piece of shit for making up a story about some random person so they can post it on reddit;A little vulgar;1;3;2;0;61
"They invent these dangerous addict characters as boogeymen to scare people into supporting the criminalization of addiciton. Using the term ""crackhead"" in this context usually connotes black drug users. Poor white addicts are ""meth heads.""

*Checks which subreddit this is*

And another thing: Crack baby jokes aren't ""dark humor."" It's a fucking tragedy. And while we're at it: prison rape is still rape. It's not funny, no matter how bad the victim is. Nobody ""deserves"" to be raped.";A little vulgar;1;3;2;0;61
I kinda feel bad for coutinho. That move to Barcelona really fucked him. He played a good roll when he was in Liverpool and no he's basically in no man's land. He's a good bloke too. The grabbing his sister's ass thing is weird(i don't care how hot she is) but off the pitch, he's a decent guy.;A little vulgar;1;3;2;0;61
You you think Hegel got pussy or no?;A little vulgar;1;3;2;0;61
If I knew you in real life I would punch you in the face;Violent;2;4;2;0;61
You’re just mad that oppressed peoples are standing up for themselves, and tbh I hope you die mad about it.;Violent;2;4;2;0;61
If your vending machine is filled with civil war suits, dirty white asylum dresses and non-legendary weapons then no, I will not be closing your doors. I'm going to eat your damn tatos and kill your cow, too.;Violent;2;4;2;0;61
I am going to beat you to death.;Violent;2;4;2;0;61
You are sentenced to death for being a femboy;Violent;2;4;2;0;61
Noice;Non toxic;0;0;2;1;62
Now with the earthquakes as well?!  Man, it sure dawns on you quickly that you will just have to ride out whatever happens once the shaking starts.;Non toxic;0;0;2;1;62
The hardest part, is letting go.;Non toxic;0;0;2;1;62
Most churches have closed. It's really only the megachurches.;Non toxic;0;0;2;1;62
Uh why do you need computers to use snapchat lol;Non toxic;0;0;2;1;62
A schizophrenic man named Terry who created TempleOS coined the term. You see, CIA niggers glow in the dark. You run them over with your car. That’s what you do.;A little racist;1;1;2;1;62
brenda spread that shit like herpes in a gay frat.;Racist;2;1;2;1;62
"Kill all Asians. Kill all women...
They're a global majority. Reddit is a global site.";Racist;2;1;2;1;62
"Bootlicker.

Of course they do. But not nearly at the same rate, and white people can get away with way more shit. You had white fascists storming the fucking Capitol building screaming in pigs' faces and they didn't blink.";A little racist;1;1;2;1;62
Calling black people apes is really fucking racist;Racist;2;1;2;1;62
Jim Jeffrey was caught out on camera being racist and drawing black people he was trying to jebait Avi yemini in a interview to say something racially charged so he could deceptively edit it for culture/identity politics points. Except he didn't bank on Avi secretly recording the entire interview and releasing it...Jim fucking disappeared and the msm covered his racist fucking deplorable ass by not commenting on it at all.;A little harassing;1;2;2;1;62
"true, PUA and learning ""game"" is a scam. of course you cant be a fucking autist, but she will make your life easier if shes  physically attracted to you.";A little harassing;1;2;2;1;62
"Says the same fucking people who can't take conversation about people in poverty lifting themselves up by the bootstraps. 

Sit back down kiddo.";A little harassing;1;2;2;1;62
How do you know what the fuck I've achieved you absolute clown. I don't work a labor job. I went to college, I've worked office, white collar jobs since I was 18 years old. I'm simply advocating for better life circumstances for the average person. Maybe its hard for you to understand having empathy for people who have it worse than you.;A little harassing;1;2;2;1;62
to be fair, a phone is personal property not private property. so that kid can fuck off;Non harassing;0;2;2;1;62
Once someone told me to shit in my hands and clap after a round with the slug 725 I mentioned in which I went like 40-15;A little vulgar;1;3;2;1;62
"""The greatest lies are made up of half truths...""

also water is wet and  my dick is 12 inches long";A little vulgar;1;3;2;1;62
Can't turn shit into diamonds every time.;Vulgar;2;3;2;1;62
It's just talmudic bullshit. They know that will never happen, so they can say that.;Vulgar;2;3;2;1;62
Welp time to get the wife to make me badges stating I'm not an asshole I just have fashion issues.;Vulgar;2;3;2;1;62
If they catch you, they will kill you;Violent;2;4;2;1;62
I'm going to bang your future mother...;Extremely violent;3;4;2;1;62
I hope he burns in hell.;Extremely violent;3;4;2;1;62
"""If black people did this theyd be shot!!1!1""

Shut the fuck up now";Extremely violent;3;4;2;1;62
So you want me to be subservient to humans in exchange for a pittance? I'm going to enjoy killing you and burning your village to ash.;Extremely violent;3;4;2;1;62
any good jungler will punish a ranged top laner pre 6.;Non toxic;0;0;1;1;63
Genuine femininity (and traditional masculinity) has been rendered obsolete by extremely powerful forces for reasons that are in no one’s interest but their own.;Non toxic;0;0;1;1;63
"Gender is biological, transgenderism is the social construct.

Thanks for coming to my TED talk!";Non toxic;0;0;1;1;63
Just about everything. The only things I’ve really kept is all knowledge from all of my business classes, different formulas from math I use with business, and some science. That’s it. I’ll admit something’s are usual, mostly the stuff you’ll learn in college, besides that most stuff isn’t.;Non toxic;0;0;1;1;63
Wow, they made Harambe a celebrity;Non toxic;0;0;1;1;63
We're all gay for each other. And non of that lame nO hOMo bullshit. Oh, very much yes full homo. Sweetie, it's 2020, be gay or be gone.;Racist;2;1;1;1;63
Nazi punk fuck off;A little racist;1;1;1;1;63
These white males need to keep BW out of their mouths. “Lower your standards and date a black woman”?!? Wtf but that’s the usual racist nonsense these privileged white males spout.;Racist;2;1;1;1;63
Probably because all the queer and ladyboy porn you order hurts the mail carrier's back? Just get your pictures of gaping gay assholes online, for free!;Racist;2;1;1;1;63
man they really want the japanese people to fuck;Racist;2;1;1;1;63
"I mean, you have to ask yourself, is a slut someone that doesn't dress conservatively or is a slut someone that's actually unfaithfully sleeping around.

If your problem is the former then I say to you that there is a difference between saying something is generally socially undesirable and saying that something is a turn off in a relationship, ie. no one would give a fuck if you just diplomatically said that you have a personal preference for women that don't wear revealing clothing (or whatever your problem is).";Harassing;2;2;1;1;63
You realize that people feel this way because whites are so racist, right? You probably wouldn’t understand that though. Alt-right asshole.;A little harassing;1;2;1;1;63
All those idiots dissing the Left as if we aren’t the reason they can be out of the closet in the first place.;Harassing;2;2;1;1;63
Warrens plan was absolutely NOT comprehensive, you liar. And every bit of sanders plan was outlined but maybe it was too much for you too understand? Doubt you even checked, neoliberals do not give a fuck in the end.;Harassing;2;2;1;1;63
"&gt; And cis men wonder why we want them to fuck off out of the industry...

You sound bigoted";A little harassing;1;2;1;1;63
Lol what kind of classist shit is this;A little vulgar;1;3;1;1;63
God damn, did Sam rub his body in butter or does this defense really suck this hard at tackling?;Non vulgar;0;3;1;1;63
Sounds gayer than collecting shit calls;A little vulgar;1;3;1;1;63
Funny how police need to deal with people on drugs regularly, but seem to fuck it up. Like maybe they could do with training for situations they are likely to encounter.;A little vulgar;1;3;1;1;63
But a crumb of pussy madam;A little vulgar;1;3;1;1;63
Because people are stupid and those stupid people get shot;A little violent;1;4;1;1;63
Its these kind of people that deserve to be shot;Extremely violent;3;4;1;1;63
MIKU BE CAREFUL THEY GONNA SPAWN KILL YOU;Violent;2;4;1;1;63
Lots of people should die.;Extremely violent;3;4;1;1;63
Surrender your testicles within 30 seconds or we will open fire;Extremely violent;3;4;1;1;63
You keep the gamers alive, and we'll take it from there.;Non toxic;0;0;1;0;64
Neither has Biden.;Non toxic;0;0;1;0;64
But how m8?;Non toxic;0;0;1;0;64
Right. I recall that now.;Non toxic;0;0;1;0;64
"In the Greek text it is two different translations... for example:

1 John 4:18 “Φόβος”  to be afraid...

1 Peter 2:17 “φοβεῖσθε,” to have great respect, revere...


If you’re going to try and find contradictions in the Bible at least go to the original texts.  It would clear a lot of misunderstandings.";Non toxic;0;0;1;0;64
Our country is trash full of trash people. Americans are so fucking disgusting. It sickens me tbh.;A little racist;1;1;1;0;64
"God Americans need to get a fuckin hobby or something. This ""Black People"" shit is getting old.";A little racist;1;1;1;0;64
Stupid Palestinians, why don’t they go back to... *checks notes*... oh;Racist;2;1;1;0;64
It’s creepy weird race fetishization and your fucking name is FuckAsianBitches. I hope an Asian girl never comes within 30 feet of you.;Racist;2;1;1;0;64
Bruh China sucks major ass. Sending all their minorities to *reeducation* camps;Racist;2;1;1;0;64
Yes babies are fucking creepy they all must die;Extremely harassing;3;2;1;0;64
Hey look, a fascist lying out their ass. Big surprise.;A little harassing;1;2;1;0;64
"I dunno man, do you suck yourself off and then spit the cum into a 120 IQ bride or what?

This is a thought experiment that is the epitome of selfsuck.

How are your kids doing by the way?";Extremely harassing;3;2;1;0;64
"It may not be the wrong choice for him, but that doesn't mean he isn't a POS for it.

""Fuck you I got mine"" is a piece of shit attitude.";Extremely harassing;3;2;1;0;64
Probably because most of parliament are landlords, the bastards.;Harassing;2;2;1;0;64
"Do you know how Alabama mothers know their daughters have started menstruating?

Their brothers' dicks start tasting like blood.";Extremely vulgar;3;3;1;0;64
“Affordable” means “I am a shit lib”;Vulgar;2;3;1;0;64
Libertarian Asshole Billionaire Does Libertarian Asshole Billionaire things. News at 11.;Vulgar;2;3;1;0;64
"This was one of the first shoot videos I ever watched, and it disappeared completely for some time. Now it's back in small clips on YT, and I'm glad to see it back. 

Gotta love the big ass dip HBK has in his mouth during half the interview. 1999 Shawn Michaels really had no Fucks to give.";Vulgar;2;3;1;0;64
"That's pretty fuckin' solid.

Jonny Atma did a [crazy good cover of Ellis's theme](https://www.youtube.com/watch?v=Qn8j9FG_3_o) because his wife requested it. 

All the solos on this OST (sax, guitar, etc) were preposterously intense.";A little vulgar;1;3;1;0;64
I hope you go too hell and get your tortured for all eternity and as you ask why satan shows you this comment;A little violent;1;4;1;0;64
'Do not reach to the small of your back or I will kill you';A little violent;1;4;1;0;64
Get a UTI and you’ll pee blood;A little violent;1;4;1;0;64
All redditors should be round up into camps and killed;Violent;2;4;1;0;64
pedo die die die;Violent;2;4;1;0;64
"This happened a few years ago near me.  Want to know why no-knock warrants are bad policy? Look at who you have to trust for the information.  Typically criminals trying to make a deal or someone trying to divert the cops from their bad actions.  

Yes, the property owner was killed during a raid as he was defending his home from what he thought was a home invasion.  

https://www.ajc.com/news/state--regional/think-you-safe-from-the-war-drugs-read-this/VHyht38Uxnrvyh5ZwayiWP/

https://www.13wmaz.com/article/news/local/judge-questions-former-laurens-sheriff-and-investigators-credibility-in-hooks-death/93-513188091";Non toxic;0;0;2;1;65
Big yikes.;Non toxic;0;0;2;1;65
RemindMe! 5 days;Non toxic;0;0;2;1;65
To be fair even he is probably glad he lost those. Imagine having your name signed off on Brexit and Covid. Boris broke it. He can buy it.;Non toxic;0;0;2;1;65
Obviously if we go extinct it’ll be in more agony. We’re the species with the highest ability to feel agony.;Non toxic;0;0;2;1;65
i'm going to use my white privilege to say you're a white trash bootlicker motherfucker and make me embarrassed to be american with your white trash thinking.  black lives matter.;A little racist;1;1;2;1;65
WEEDNATION IS A BUMMY ASS NIGGA.  STRAIGHT FUCKING BUM THAT DUDE IS.;Racist;2;1;2;1;65
"Jews didn't all leave, Jews were still there when the first retarded Arab showed up you imam sucking faggot.   
Arab Palestinians never owned the land, never had a state there.   
You are the ultimate simp unironically believing that Arabs have the right to steal other peoples lands and get away with it.   
Oh and again, no.   
Schizo is what Arabs are being, stealing land and terrorizing the inhabitants for over a century then playing the victim card.   
Disgusting betamale.";Racist;2;1;2;1;65
In the full video the people in the car are yelling “fuck white people” and the white guy on the bike says fuck you back. They get out and jump him. Somehow Reddit manages to spin this as “white racist gets what he deserves”. It’s pretty disgusting;Racist;2;1;2;1;65
"Alright pulling out the Atwater.

&gt; Atwater: Y'all don't quote me on this. You start out in 1954 by saying, ""Nigger, nigger, nigger"". By 1968 you can't say ""nigger""—that hurts you. Backfires. So you say stuff like forced busing, states' rights and all that stuff. You're getting so abstract now [that] you're talking about cutting taxes, and all these things you're talking about are totally economic things and a byproduct of them is [that] blacks get hurt worse than whites. And subconsciously maybe that is part of it. I'm not saying that. But I'm saying that if it is getting that abstract, and that coded, that we are doing away with the racial problem one way or the other. You follow me—because obviously sitting around saying, ""We want to cut this"", is much more abstract than even the busing thing, and a hell of a lot more abstract than ""Nigger, nigger"". So, any way you look at it, race is coming on the back-burner.

You're the dupe. The schlamiel. The goober. The mark. The fool. The charlie. The nincompoop. The mooncalf. The ninny. The doofus.";Racist;2;1;2;1;65
Probably because most of parliament are landlords, the bastards.;Non harassing;0;2;2;1;65
I see you are a buddy retard as well 😎;A little harassing;1;2;2;1;65
"You know me so well. 

A) You're an idiot for confusing the personalities of the women you allegedly spent a few minutes near with their ability to show personality through performances.

B) You seem like a simp.";Non harassing;0;2;2;1;65
PCM normalises racism and facism. Fuck that place;Harassing;2;2;2;1;65
Ak isn't a victim, unless you count Tracy fucking his gf as victimization;Harassing;2;2;2;1;65
Coffee oatmeal with low cal sweetner is the shit;A little vulgar;1;3;2;1;65
It's just talmudic bullshit. They know that will never happen, so they can say that.;Vulgar;2;3;2;1;65
awwwww damnnnnnnn;Vulgar;2;3;2;1;65
"It has done remarkably well in the face of economic hardship and the US imperialist embargo, which even this article by the HRW (lol) calls ""misguided"". In the fucking title.";A little vulgar;1;3;2;1;65
"Complaining about 'real victims' while using every tactic in the far right playbook to smear and harass a victim of a powerful man with a history of inappropriate behavior.

At least fascists don't pretend to give a shit. What a slimy ugly disgusting worthless human being. Take your hentai and die of covid, Eichenwald.";A little vulgar;1;3;2;1;65
Death to capitalism;Extremely violent;3;4;2;1;65
"“Oh slave! Slave! Come here and make me some snacks or I will kill you and your family! Also, you should be thankful to have this job!”

“Yes, master...”";A little violent;1;4;2;1;65
I want her dad to die! She can think whatever she wants;A little violent;1;4;2;1;65
So you want me to be subservient to humans in exchange for a pittance? I'm going to enjoy killing you and burning your village to ash.;Violent;2;4;2;1;65
Yea they are going to cut out your kidney and sell it if you go.;Extremely violent;3;4;2;1;65
"This happened a few years ago near me.  Want to know why no-knock warrants are bad policy? Look at who you have to trust for the information.  Typically criminals trying to make a deal or someone trying to divert the cops from their bad actions.  

Yes, the property owner was killed during a raid as he was defending his home from what he thought was a home invasion.  

https://www.ajc.com/news/state--regional/think-you-safe-from-the-war-drugs-read-this/VHyht38Uxnrvyh5ZwayiWP/

https://www.13wmaz.com/article/news/local/judge-questions-former-laurens-sheriff-and-investigators-credibility-in-hooks-death/93-513188091";Non toxic;0;0;2;1;66
Big yikes.;Non toxic;0;0;2;1;66
RemindMe! 5 days;Non toxic;0;0;2;1;66
To be fair even he is probably glad he lost those. Imagine having your name signed off on Brexit and Covid. Boris broke it. He can buy it.;Non toxic;0;0;2;1;66
Obviously if we go extinct it’ll be in more agony. We’re the species with the highest ability to feel agony.;Non toxic;0;0;2;1;66
i'm going to use my white privilege to say you're a white trash bootlicker motherfucker and make me embarrassed to be american with your white trash thinking.  black lives matter.;A little racist;1;1;2;1;66
WEEDNATION IS A BUMMY ASS NIGGA.  STRAIGHT FUCKING BUM THAT DUDE IS.;Racist;2;1;2;1;66
"Jews didn't all leave, Jews were still there when the first retarded Arab showed up you imam sucking faggot.   
Arab Palestinians never owned the land, never had a state there.   
You are the ultimate simp unironically believing that Arabs have the right to steal other peoples lands and get away with it.   
Oh and again, no.   
Schizo is what Arabs are being, stealing land and terrorizing the inhabitants for over a century then playing the victim card.   
Disgusting betamale.";Racist;2;1;2;1;66
In the full video the people in the car are yelling “fuck white people” and the white guy on the bike says fuck you back. They get out and jump him. Somehow Reddit manages to spin this as “white racist gets what he deserves”. It’s pretty disgusting;Racist;2;1;2;1;66
"Alright pulling out the Atwater.

&gt; Atwater: Y'all don't quote me on this. You start out in 1954 by saying, ""Nigger, nigger, nigger"". By 1968 you can't say ""nigger""—that hurts you. Backfires. So you say stuff like forced busing, states' rights and all that stuff. You're getting so abstract now [that] you're talking about cutting taxes, and all these things you're talking about are totally economic things and a byproduct of them is [that] blacks get hurt worse than whites. And subconsciously maybe that is part of it. I'm not saying that. But I'm saying that if it is getting that abstract, and that coded, that we are doing away with the racial problem one way or the other. You follow me—because obviously sitting around saying, ""We want to cut this"", is much more abstract than even the busing thing, and a hell of a lot more abstract than ""Nigger, nigger"". So, any way you look at it, race is coming on the back-burner.

You're the dupe. The schlamiel. The goober. The mark. The fool. The charlie. The nincompoop. The mooncalf. The ninny. The doofus.";A little racist;1;1;2;1;66
Probably because most of parliament are landlords, the bastards.;A little harassing;1;2;2;1;66
I see you are a buddy retard as well 😎;Non harassing;0;2;2;1;66
"You know me so well. 

A) You're an idiot for confusing the personalities of the women you allegedly spent a few minutes near with their ability to show personality through performances.

B) You seem like a simp.";A little harassing;1;2;2;1;66
PCM normalises racism and facism. Fuck that place;Harassing;2;2;2;1;66
Ak isn't a victim, unless you count Tracy fucking his gf as victimization;Harassing;2;2;2;1;66
Coffee oatmeal with low cal sweetner is the shit;Non vulgar;0;3;2;1;66
It's just talmudic bullshit. They know that will never happen, so they can say that.;Non vulgar;0;3;2;1;66
awwwww damnnnnnnn;Non vulgar;0;3;2;1;66
"It has done remarkably well in the face of economic hardship and the US imperialist embargo, which even this article by the HRW (lol) calls ""misguided"". In the fucking title.";A little vulgar;1;3;2;1;66
"Complaining about 'real victims' while using every tactic in the far right playbook to smear and harass a victim of a powerful man with a history of inappropriate behavior.

At least fascists don't pretend to give a shit. What a slimy ugly disgusting worthless human being. Take your hentai and die of covid, Eichenwald.";Extremely vulgar;3;3;2;1;66
Death to capitalism;A little violent;1;4;2;1;66
"“Oh slave! Slave! Come here and make me some snacks or I will kill you and your family! Also, you should be thankful to have this job!”

“Yes, master...”";Violent;2;4;2;1;66
I want her dad to die! She can think whatever she wants;Extremely violent;3;4;2;1;66
So you want me to be subservient to humans in exchange for a pittance? I'm going to enjoy killing you and burning your village to ash.;Extremely violent;3;4;2;1;66
Yea they are going to cut out your kidney and sell it if you go.;Extremely violent;3;4;2;1;66
Dayum.;Non toxic;0;0;2;1;67
"Take her coat when she gets in the door. Have dinner ready. 

Pamper her. Massage her. Call her mam or miss. Act like a sexy butler basically. 

Prepare a hot bubble bath for her, undress her, help her in to it.  

Take her out to dinner and be her chauffeur, drive her, open the door for her, and so on. 

Massage her feet. Kiss her feet. Work your way up. Worship her body. Focus on her.

Good submissives are proactive , not passive or wet blankets. That interests no one.";Non toxic;0;0;2;1;67
"In the Greek text it is two different translations... for example:

1 John 4:18 “Φόβος”  to be afraid...

1 Peter 2:17 “φοβεῖσθε,” to have great respect, revere...


If you’re going to try and find contradictions in the Bible at least go to the original texts.  It would clear a lot of misunderstandings.";Non toxic;0;0;2;1;67
apparently, he can’t kill or stop him in jail.;A little toxic;1;0;2;1;67
"&gt; It's obvious they've changed their stance.

I wish, but the fact is Reddit still pretends otherwise.

[“Reddit is quite open and pro-free speech”](https://www.reddithelp.com/en/categories/rules-reporting/account-and-community-restrictions/posting-someones-private-or-personal)";Non toxic;0;0;2;1;67
-st saying nigger though;A little racist;1;1;2;1;67
No you dont understand! You have to watch porn otherwise youre a weirdo! Fucking gay mod.;Racist;2;1;2;1;67
Probably because all the queer and ladyboy porn you order hurts the mail carrier's back? Just get your pictures of gaping gay assholes online, for free!;A little racist;1;1;2;1;67
the guy is a holocaust denier and outright nazi fuck, don't fall for his bullshit;Extremely racist;3;1;2;1;67
Bruh China sucks major ass. Sending all their minorities to *reeducation* camps;Extremely racist;3;1;2;1;67
Man fuck anyone that is trying to defend or normalize any form of that shit. Idk if they say they cant help it or what ever disgusting argument they come up with castrate every single one of these piles of human waste.;Harassing;2;2;2;1;67
"Why are you being a douche bag to someone asking a legit question?

The stuff they do in Chicago PD literally throws off my suspension of disbelief because these idiots would be fired and sued in a heartbeat";Harassing;2;2;2;1;67
Chad I dig you. Big fan- But you are being a moron and Bisbing would smash the shit out of you.;Harassing;2;2;2;1;67
I am not entirely sure why we allow these idiots to stay in charge. :/;A little harassing;1;2;2;1;67
All the intelligent and accomplished people in the suburbs think democrats suck ass.;Harassing;2;2;2;1;67
OP is the real piece of shit for making up a story about some random person so they can post it on reddit;A little vulgar;1;3;2;1;67
"Complaining about 'real victims' while using every tactic in the far right playbook to smear and harass a victim of a powerful man with a history of inappropriate behavior.

At least fascists don't pretend to give a shit. What a slimy ugly disgusting worthless human being. Take your hentai and die of covid, Eichenwald.";Vulgar;2;3;2;1;67
Not even subtle for anyone who's seen this type of bullshit over the last ~30 years.;Vulgar;2;3;2;1;67
"""The greatest lies are made up of half truths...""

also water is wet and  my dick is 12 inches long";Vulgar;2;3;2;1;67
Not true. I can't find a blops game for shit.;A little vulgar;1;3;2;1;67
They would kill you before you even got the chance😂;A little violent;1;4;2;1;67
I hope keemstar goes blind and deaf;Violent;2;4;2;1;67
Its these kind of people that deserve to be shot;Extremely violent;3;4;2;1;67
I will hunt you down and eat you;A little violent;1;4;2;1;67
To rape and murder whoever they please;Extremely violent;3;4;2;1;67
Lady legs lol! Your comment has me in stitches 😂;Non toxic;0;0;1;1;68
Genuine femininity (and traditional masculinity) has been rendered obsolete by extremely powerful forces for reasons that are in no one’s interest but their own.;Non toxic;0;0;1;1;68
Profits over people, got it;A little toxic;1;0;1;1;68
Capricorn sells a whole kit that includes everything.;Non toxic;0;0;1;1;68
Uh why do you need computers to use snapchat lol;Non toxic;0;0;1;1;68
Imagine thinking some peasant farmers who owned one field deserved death. You’re the big mega gay;Racist;2;1;1;1;68
More Whites die to cops than Blacks bud.;Racist;2;1;1;1;68
Delusional. Wait till find out they are marching to a convict, who beat pregnant black women..;Racist;2;1;1;1;68
By that logic black power is meant to degrade white folk which outnumber racist people by a fuck ton. Think about all the european countries with white people. They dont burn crosses or hang minorities but guess what. By the colour of their skin they get clumped into the same fucking pile of shitbags from the southern states. This problem is literally an american issue and could be solved by just, nuking them all! Coming from a canadian btw fuck the states;Racist;2;1;1;1;68
man they really want the japanese people to fuck;Racist;2;1;1;1;68
Coyotes don’t fuck with pigs?;A little harassing;1;2;1;1;68
How do you know what the fuck I've achieved you absolute clown. I don't work a labor job. I went to college, I've worked office, white collar jobs since I was 18 years old. I'm simply advocating for better life circumstances for the average person. Maybe its hard for you to understand having empathy for people who have it worse than you.;A little harassing;1;2;1;1;68
"I dunno man, do you suck yourself off and then spit the cum into a 120 IQ bride or what?

This is a thought experiment that is the epitome of selfsuck.

How are your kids doing by the way?";Harassing;2;2;1;1;68
"true, PUA and learning ""game"" is a scam. of course you cant be a fucking autist, but she will make your life easier if shes  physically attracted to you.";Harassing;2;2;1;1;68
They *were* a terrorist organization because of those acts, but now they're just assholes.;Extremely harassing;3;2;1;1;68
What doomed communism in the 20th century is it's own authoritarianism. Why the hell wouldn't the chinese communist party embrace capitalism to enrich themselves? Why the hell would they give a shit?;Extremely vulgar;3;3;1;1;68
Sounds gayer than collecting shit calls;Extremely vulgar;3;3;1;1;68
"Sitting here being a bitch about it isn't gonna help anything. You know how we got the most change this country has seen in decades? Protesting. 

It's almost like we could try that some more.";Vulgar;2;3;1;1;68
"&gt;With the UK's history of moving from monarchy to rule by the people and instilling rights and freedoms, I don't understand why you wouldn't trust them.

Lmao 
what the actual fuck.";Extremely vulgar;3;3;1;1;68
That gets very subjective. I have a beat up truck, but I have my shit together. I dont like to flaunt my money. On the other hand, I know plenty of shitty people with shitty trucks just like mine. We are vastly different types of people.;Extremely vulgar;3;3;1;1;68
Doesn’t matter, you stab someone in attempt to murder, you deserve to die!;Extremely violent;3;4;1;1;68
I'm gonna strap you down and floss your teeth with my scrotal hair, you stupid little weasel.;Extremely violent;3;4;1;1;68
You should Be a dog and go for the kill;Extremely violent;3;4;1;1;68
Kill them. Kill them now;Extremely violent;3;4;1;1;68
"Chuds: Don't punch Nazis

Also Chuds: If someone was stealing from my car I will murder them.";Extremely violent;3;4;1;1;68
It was also with a grudge with the the concrete place I believe.;Non toxic;0;0;1;0;69
America in 1944;Non toxic;0;0;1;0;69
no, you play Poppy.;Non toxic;0;0;1;0;69
I’m sure if Sara had millions like Carole she could get any hot guy she wanted too;Non toxic;0;0;1;0;69
"The largest spider, the Goliath bird eating spider, weighs 170 grams, meaning if he ate 165,000,000 per day he’d have to eat more than 61 million pounds of spider every day.

The worlds smallest known spider, the Patu Digua, is too small to weigh, but it’s length is .37 millimeters- 1/810th the length of the Goliath Bird eating spider. Estimating it’s weight based solely on scaling down the Goliath bird eater, we can very roughly guess it weighs a mere .00000032 grams. So Spiders Georg would only have to eat 52.78 pounds of spider per day if he was eating this kind of spider. Males are even smaller than females, so if Spiders Georg could somehow sex more than 1,900 spiders per second, he could eat even less in terms of weight, perhaps even a feasible amount.";Non toxic;0;0;1;0;69
And gays are ACTUALLY beheaded/stoned/hanged.;Racist;2;1;1;0;69
Bruh, you have to be super turbo gay to not want to fuck Ivanka.;A little racist;1;1;1;0;69
So... you’re gay;A little racist;1;1;1;0;69
Stfu you gAyTF IRS agent. This is America;A little racist;1;1;1;0;69
if you are gay and vote republican you are just stupid.;A little racist;1;1;1;0;69
Keep hoping you have any sort of cogent analysis of the world on you rather than your shit you pulled out your ass.;Harassing;2;2;1;0;69
bitch better watch your tongue unless you want a visit from my boys Reginald, Wesley, Albert and Clarence;Harassing;2;2;1;0;69
Busy body idiots with nothing else to do lol.;A little harassing;1;2;1;0;69
Sucking the diversity dick in the title there, OP;Harassing;2;2;1;0;69
Was that idiot doubting that the Nazis started WW2?;Harassing;2;2;1;0;69
Right, I remember the first time I went to use a blood vial I was like “oh gross I’m about to drink blood lmaoo-“ then my dude just jabs a dirty ass syringe of old blood into his leg like it’s nothing;A little vulgar;1;3;1;0;69
I'd say your tongue looks like an ass but it applies to your entire face.;Vulgar;2;3;1;0;69
Lol holy shit dude, say to hello to jcj for me;A little vulgar;1;3;1;0;69
Haha totally not an asshole! Yeah they're not as harmless as a lot of companies are promoting them, there's been such an increase in people getting skin rashes, throat irritation from eating the stupid things and even lipid pneumonia from diffusing so much oil;Vulgar;2;3;1;0;69
You're a brave one for shitting at school, they're stupid for having sex at school;Vulgar;2;3;1;0;69
I hope you get the virus and die choking for air tbh. You would deserve. It. People like you are a cancerous tumor that needs to be cut out.;Extremely violent;3;4;1;0;69
Yayyyy we can kill future children yayyyyyyyyy;Extremely violent;3;4;1;0;69
Die tomorrow, and you may die tomorrow;Extremely violent;3;4;1;0;69
Maybe someone should choke you and your immediate family to death, see how you like it;Extremely violent;3;4;1;0;69
You're on the subs ban pitbulls and pit bulls hate. There's no talking to you. Think whatever you want dude. My dogs are never on leashes. The worst they'll do is lick you to death. They're terrible guard dogs. I must be getting defective dogs since they're not trying to kill me. If you shoot someones dog because they come up to you, you're going to get shot.;Non violent;0;4;1;0;69
"Who is this ""we?""";Non toxic;0;0;1;1;70
I have enough hearing about this guy.;Non toxic;0;0;1;1;70
Baje je ene 100 ljudi umrlo leta 1989 na kitajskem trgu. Se ne ve zakaj;Non toxic;0;0;1;1;70
"And is it a large majority here or a vocal minority? No one is out here praising Activision for having the store function as well.....a bloody store. 

But people are pissed when its broken and will be vocal in order to get it fixed.";Non toxic;0;0;1;1;70
What's to figure out? He agrees with me!;Non toxic;0;0;1;1;70
What a bunch of pussy Italian players im Mexican and if for some fucking reason we got a cartel type of skin I wouldn’t give a fuck;Non racist;0;1;1;1;70
Lmfao BLM gives no Fucks about whites;Non racist;0;1;1;1;70
Stfu @u/communism_- you a bitch you the nigga in health class that said “it’s not weird” when the teacher talked about foot fetishes;A little racist;1;1;1;1;70
Bout sick of black people being rapists. Like really fucking sick of it.;Racist;2;1;1;1;70
"God Americans need to get a fuckin hobby or something. This ""Black People"" shit is getting old.";Racist;2;1;1;1;70
"Drew is one person, I never supported attacking him, no individual supercell employee is to blame.


Besides, I have a gut feeling that the assholes who are cash grabbing are the dumbfucks up at Tencent who bought a majority share.


All together now: fuck Tencent";A little harassing;1;2;1;1;70
She says  something smart and then something stupid,  she stands up to the establishment then bends over backwards to suck their dick. Everything is extremism.;Harassing;2;2;1;1;70
All those idiots dissing the Left as if we aren’t the reason they can be out of the closet in the first place.;Harassing;2;2;1;1;70
"Why are you being a douche bag to someone asking a legit question?

The stuff they do in Chicago PD literally throws off my suspension of disbelief because these idiots would be fired and sued in a heartbeat";A little harassing;1;2;1;1;70
"I sure do love it when privileged fucks go on about how everyone else is privileged.

please go tell the Black families whose family members were blackbagged or assassinated after Ferguson under President Obama how they are all ""privileged"" for saying it's no different than when Republicans did the same.

please go tell all the Hispanic families that were torn apart by Obama's anti-immigration policies how they are all ""privileged"" for saying it's no different than when Republicans did the same.

please go tell all the Muslim families that have been displaced and murdered by the continuation of the illegal wars in the Middle East that Obama not only failed to exit from but put even more troops in how they are all ""privileged""  for saying it's no different than when Republicans did the same.

in reality, only a white person could say the shit you say and actually think you are helping by going ""durrrr it ganna be bettur for everyone without drumpf."" He didnt build the concentration camps, he didnt militarize sports, he didnt give military hardware to the police: Democrats did that shit (and in Biden's case, he LITERALLY SPONSORED THE FUCKING BILL THAT MILITARIZED THE POLICE). And that is literally my point shitbird, the corporate centrists enabled all of this to happen, but you useless meatbags are only upset when they toss the keys to a fascist and they predictably utilize literally all the tools that corporate centrists created.

take all the fucking seats you waste of hot air. none of you brunch libs gave a SHIT about the marginalized until a Republican was in charge. And now that a Democrat is heading back to the White House, your brunch plans are back on and your weekend, permit-only protests are over. Meanwhile, the marginalized people (that you claim to care about) are going to continue to be persecuted, harassed, displaced, and murdered because the extent of your political discourse is ""orange man bad.""";Harassing;2;2;1;1;70
Nah, that ain't shitty.;Non vulgar;0;3;1;1;70
"They really do. They got caught trying to naked short 140% of the float, which is technically illegal, and people caught onto it. Instead of rushing at the begining of this week to un-fuck himself Andy Left said he wasn't swayed and was stickin to his guns (which amounted to about a $3B loss), but basic research this morning showed most of those calls were still naked. 

He went on yesterday to tell CNBC he's covered *most* of those calls w/ $90 shares to the tune of another multi-billion loss, but the research says there's still a ton of uncovered ones.

The little guys called him on some bullshit he can't talk his way out of, and he'll be in the fuckin' soup line by Valentines Day because of it.";A little vulgar;1;3;1;1;70
Oh shit the sixth gun! Love it;A little vulgar;1;3;1;1;70
God damn, did Sam rub his body in butter or does this defense really suck this hard at tackling?;A little vulgar;1;3;1;1;70
holy shit imagine unironically saying kek in 2020 spazmoid;Vulgar;2;3;1;1;70
There can be not a single concession to fascism. Give a nazi your hand and he will take our entire arm and beat someone to death with it.;Extremely violent;3;4;1;1;70
If your vending machine is filled with civil war suits, dirty white asylum dresses and non-legendary weapons then no, I will not be closing your doors. I'm going to eat your damn tatos and kill your cow, too.;Extremely violent;3;4;1;1;70
Kill or be killed;Extremely violent;3;4;1;1;70
Call him Billy B again and he will beat you to death with his drum sticks;Violent;2;4;1;1;70
You deserve the gas chamber you scum bag. I hope they drag you off first;Extremely violent;3;4;1;1;70
"Yeah I've heard it's anywhere between 10-20%

Not exactly good odds, though. Basically a dice roll.";Non toxic;0;0;2;0;71
Can’t be great to sleep on 🤨;Non toxic;0;0;2;0;71
[Stay away from Fort Pillow though](https://en.wikipedia.org/wiki/Battle_of_Fort_Pillow)!;Non toxic;0;0;2;0;71
"Individual faiths maybe, with the new hierarchy being Faith&lt;Religion&lt;Religion group.  They should be variations of the same religion.";Non toxic;0;0;2;0;71
Yeah, it is really sad that even socialist revolutionaries of the era wasnt above bigotry.;Non toxic;0;0;2;0;71
Say nigger. Did you not understand the whole fucking point of the video?;A little racist;1;1;2;0;71
Traps are gay.;Racist;2;1;2;0;71
Why CRM being so gay. U know it’s gonna beat earnings;A little racist;1;1;2;0;71
We should replace white cops in inner city with big black women. They don’t fuck around and no one knows how to deal with bullshit like a pissed off black lady.;A little racist;1;1;2;0;71
Your number one least worst is literally part of what makes cops kill black people.;Non racist;0;1;2;0;71
"&gt;democrats decided to use lies to make him a racist.

Yeah I forgot the democrats forced him not to pay his migrant workers in building Trump tower.

The democrats, Trump, they're all in it together, and they're all fucking kids";A little harassing;1;2;2;0;71
Mentally ill pieces of shit.;A little harassing;1;2;2;0;71
the thing is Biden could get Paul Ryan flustered by laughing him off but Trump is like too fuckin stupid to even care;A little harassing;1;2;2;0;71
Probably because most of parliament are landlords, the bastards.;A little harassing;1;2;2;0;71
He’s an attention whore and his sister was removed. A normal person doesn’t record themselves with their dead sister and upload it onto the internet.;Harassing;2;2;2;0;71
"&gt; If Trump wins this election, he will almost certainly be able to pick another judge for the Supreme Court, tilting it even farther in favour of Republicans. This could be disastrous for the US for decades.

Counterpoint: If Biden wins this election, he will almost certainly be able to pick another judge for the Supreme Court, tilting it even farther in favour of Republicans. This could be disastrous for the US for decades.

This fact is irrelevant however because he won't win. He's a jibbering old wimp, a braindead geriatric, and a born loser and Trump will absolutely dogwalk him in front of a live national television audience. That old racist, raping, kiddie-fondling fuck is going to bullied and broke until he cries literal tears on stage and we're all going to watch it happen.

&gt; ...you do not have the moral high ground...

I don't give a fuck about the moral high ground. I'm not going to vote for any rapist.";Non vulgar;0;3;2;0;71
"Weirdly enough, the first true 2nd Sister fight was my biggest problem. That and the fucking bat on Dathomir. I hate that thing.

I died once to 9th Sister when my controller ran out of battery towards the end of her fight. Can’t believe Respawn didn’t add an auto-pause for the game when that happens, it’s a standard feature.";Non vulgar;0;3;2;0;71
Bullies are bad. Standing up to bullies is good lol. It's heartwarming shit;Non vulgar;0;3;2;0;71
"Do you know how Alabama mothers know their daughters have started menstruating?

Their brothers' dicks start tasting like blood.";A little vulgar;1;3;2;0;71
"Why are you torturing your poor mom by making her deal with your relationship mess? Doesn't she have enough going on right now? 

As gently as I can say it: Grow a pair and deal with it. This is your circus, not hers. Kick his ass out and cut off all contact.";Vulgar;2;3;2;0;71
I seriously hope these people just die;Extremely violent;3;4;2;0;71
Call him Billy B again and he will beat you to death with his drum sticks;Extremely violent;3;4;2;0;71
Unfortunately that kid is probably going to go back with a gun or knife and kill that poor guy for making him look stupid...;Extremely violent;3;4;2;0;71
If they catch you, they will kill you;Violent;2;4;2;0;71
You're on the subs ban pitbulls and pit bulls hate. There's no talking to you. Think whatever you want dude. My dogs are never on leashes. The worst they'll do is lick you to death. They're terrible guard dogs. I must be getting defective dogs since they're not trying to kill me. If you shoot someones dog because they come up to you, you're going to get shot.;Non violent;0;4;2;0;71
"Magic: The Gathering is a collectible card game (one of the grandfathers of the medium). The company currently running it, Wizards of the Coast, has put quite a bit of effort into making a coherent background story for the sets of cards - previously they did that through weekly short stories on their website and other media, nowerdays they want to mostly do it through e-books.

To sum up: in the world of MTG, there are many ""planes"" - each of them basically a parallel dimension with their own flavour of fantasy. They have a few things in common, most importantly: there are always the five colours of mana and there are very, very rare people that have a ""spark"" that, should it become activated, allows them to travel between those planes. 

Linden is the Queen of Eldraine and reigns together with her husband, Kenrith. The plane is heavily inspired by European folk tales: castles, knights, fairies, witches, basically a big twist on Brother Grimm themes. On Eldraine, the five knightly courts (aligned to the five colours of mana) keep the magical beasts of the Wilds at bay and protect the people of the Realm.

 The story of the set is that a planeswalker called Oko, a chaotic sort-of-anarchist, kidnaps the High King Kenrith, ends up transforming him into a stag and plans to rile up the elves living in the woods against the knightly courts. Kenrith's children, the twins Will and Rowan, try to find and save him.";Non toxic;0;0;2;1;72
"Gender is biological, transgenderism is the social construct.

Thanks for coming to my TED talk!";Non toxic;0;0;2;1;72
and she has 400 base hp lol;Non toxic;0;0;2;1;72
Just your typical left winger engaging in a debate.;Non toxic;0;0;2;1;72
these are so cool;Non toxic;0;0;2;1;72
A schizophrenic man named Terry who created TempleOS coined the term. You see, CIA niggers glow in the dark. You run them over with your car. That’s what you do.;Non racist;0;1;2;1;72
european whites get fucked by neoliberalism too;A little racist;1;1;2;1;72
Damn youre an ex muslim too feel bad hope you come back;A little racist;1;1;2;1;72
Burnt like Jews;Racist;2;1;2;1;72
Shut the fuck up, white people. God I'm sick of seeing your pasty asses being offended for the rest of the planet. SHUT THE FUCK UP. Go home. Nobody likes you. Not even your own people like you.;A little racist;1;1;2;1;72
I seriously what orokin fucktard saw these mechs and thought, we need dead people with steel skin to be controlled by kids with PTSD.;A little harassing;1;2;2;1;72
"Oh shit the fash is back.

&gt;The notion that there is no coherent ideology, and their adherents are all just thinly disguised genocidal lunatics, probably does their cause more good than harm.

How the fuck. It presupposes adherents to be unthinking troglodytes. Their goal is to oppress and exploit non-whites harder and more aggressively than they are currently being exploited; *is it not??* Calling a spade a spade ensures we all know what a spade looks like.

&gt;Also, the idea that those at the top of the capitalist class are an ""in-group"" of white people, completely obfuscates the multi-racial global empire of elite puppeteers feeding us information through ""the news.""

99% of billionaires in this country are of European descent, and the vast majority of billionaires in the colonized world - the Global South especially - are installed by the US, thereby chosen to advance the interests of 99% of the 1%. 

&gt;When you simplify and demonize different perspectives into categorically evil, violent, confused ideology; you play right into the hands of those that seek to profit from the division of the ""out-group"" which includes all races.

Bull fucking shit. This must be the new version of All Lives Matter. You can stop being a Nazi. You cannot stop being someone Nazis hate. 

If your thesis statement is that the inferiority of other people is self-evident based on aspects of themselves they cannot control, and that they are forfeit the same protection and rights you enjoy (and it's always *you,* fucker) then we can all, with a clear conscious and sound mind, call you categorically evil, violent, and confused.";Harassing;2;2;2;1;72
Mentally ill pieces of shit.;A little harassing;1;2;2;1;72
I’m going to post another topic like this later. It’s amazing 350 days pass and no word from Epic. Seems like it’s time to bring it up again (fuck you mods);A little harassing;1;2;2;1;72
I see you are a buddy retard as well 😎;A little harassing;1;2;2;1;72
It's just talmudic bullshit. They know that will never happen, so they can say that.;A little vulgar;1;3;2;1;72
"Uhh...

Lancer Armour? I think that's it?

Nono, I'll ask one better, someone justify Crystalbeard Uragaan. That thing is damned pointless.

Oh and fuck his new Master Rank spicy rollout thing. Because I didn't need yet more things to force me to stop guarding everything because fireblight.";A little vulgar;1;3;2;1;72
"You, referring to women:

&gt;females  
&gt;  
&gt;some bitch

You, referring to men:

&gt;dudes

Are you even listening to yourself?";Vulgar;2;3;2;1;72
"Do you know how Alabama mothers know their daughters have started menstruating?

Their brothers' dicks start tasting like blood.";Vulgar;2;3;2;1;72
Having a balanced budget when you print the world's reserve currency is fucking stupid. He should have been using dominant position that the us held and the financial boom time to invest in prosperity and security for the working class. Instead he dumbly rode the tech bubble and oversaw the massive hollowing out and outsourcing of America's productive capacity. Real hero there;Non vulgar;0;3;2;1;72
I will take my 153 with ap20 and kill you;Violent;2;4;2;1;72
I seriously hope these people just die;Extremely violent;3;4;2;1;72
Maybe someone should choke you and your immediate family to death, see how you like it;Extremely violent;3;4;2;1;72
I hope he gets the most painfull death possible;Extremely violent;3;4;2;1;72
Because people are stupid and those stupid people get shot;Extremely violent;3;4;2;1;72
nostalgia for when she was curzon;Non toxic;0;0;3;1;73
apparently, he can’t kill or stop him in jail.;Non toxic;0;0;3;1;73
Did you ever play tricks on it? Put baking soda on the dark spots and let it catch itself in the dark area?;Non toxic;0;0;3;1;73
Do you know how long it took me to get the pin connection between her and her 3 sisters names? Like... how they all have first names of flowers and she insists that her last name is bouquet...;Non toxic;0;0;3;1;73
What's to figure out? He agrees with me!;Non toxic;0;0;3;1;73
Gargle my cum nazi scum;Racist;2;1;3;1;73
Like damn these Karen's cant just disturb the peace. They gotta harass the young, minorities and choke the heck out of their poor dog while doing it.;Racist;2;1;3;1;73
HKers hate being Asian and would want a white man carrying and are eating and drink their cum than  having Asian pride because they feel like pussies. And I will be lighting and pissing on your grave when you die from burning.;Racist;2;1;3;1;73
Damn youre an ex muslim too feel bad hope you come back;A little racist;1;1;3;1;73
huh? tucker is the realest nigga on all these festering platforms. what are you on bro;Racist;2;1;3;1;73
This man here is living the dream. Lucky bastard;Non harassing;0;2;3;1;73
Then you’re just a dunce parroting what other dunces say. You could come up with better phrases to fuck with people but that would require you to have creativity, wouldn’t it?;A little harassing;1;2;3;1;73
What's that video of the cop shooting his own undercover officer then whales like the fucking man child he is. Shit is hilarious;A little harassing;1;2;3;1;73
A bunch of rich fucks who have never protested anything in their lives, and pathetic attendance in any case;Harassing;2;2;3;1;73
Stupid Palestinians, why don’t they go back to... *checks notes*... oh;A little harassing;1;2;3;1;73
I saw a bumper sticker the other day that said “Fine. Biden2020! But this is bullshit” and now I want one;A little vulgar;1;3;3;1;73
The way you're thinking of genetics certainly doesn't exist. It's not a phlogiston you can blame everything on. Unless you can give the rs accession number for SNPdb then you can't talk about genetics, fucktard.;A little vulgar;1;3;3;1;73
PayPal is still assho;Non vulgar;0;3;3;1;73
"They invent these dangerous addict characters as boogeymen to scare people into supporting the criminalization of addiciton. Using the term ""crackhead"" in this context usually connotes black drug users. Poor white addicts are ""meth heads.""

*Checks which subreddit this is*

And another thing: Crack baby jokes aren't ""dark humor."" It's a fucking tragedy. And while we're at it: prison rape is still rape. It's not funny, no matter how bad the victim is. Nobody ""deserves"" to be raped.";A little vulgar;1;3;3;1;73
Are you kidding? I posted this shit a while ago;A little vulgar;1;3;3;1;73
Surrender your testicles within 30 seconds or we will open fire;Extremely violent;3;4;3;1;73
Eww, refer to me as a disgusting subhuman Celt again and I'll blood eagle your mother.;Violent;2;4;3;1;73
Le you're ugly, you're disgusting, i hate you, I'm going to kill you, give me 500 dollars has arrived;Violent;2;4;3;1;73
"No sympathy for him. Imo he should face the same fate he gave - if you’re old enough to kill, you’re old enough to be killed.

Death to all fascists.";Violent;2;4;3;1;73
“I am going to steal your clients and then I will kill them in front of you”;Extremely violent;3;4;3;1;73
"&gt; Τραγική προσπαθεία να το γυρίσεις σε σεξιστικό. Δεν τσιμπάμε.

αλατόνερο και καλές, βαθιές γαργάρες

&gt; Πες μας σε ποιο σχολείο το πήγαινε το παιδί της

σε όποιο ιδιωτικό και να πήγε, θα μας το πείς για μασωνία, τώρα, ε;
&gt; Γιατί όχι δημόσιο και μετά να έχει κάποιον/α από τα λαϊκά στρώματα επι πληρωμης να το προσέχει μέχρι να γυρίσει σπίτι;

η γενική γραμματέας του ΚΚΕ να έχει νταντά, γιαβρή μου; και υπηρέτρια; 


αλατόνερο και καλές, βαθιές γαργάρες  x2";Non toxic;0;0;3;0;74
I'll probably enjoy it more than Buck and Aikman;Non toxic;0;0;3;0;74
Its piss easy to get CC in this game. People are literally complaining about a non issue;Non toxic;0;0;3;0;74
"In my experience, the sadistic and forward types tend to enjoy being subs in bed.  
  
I'm getting me rope!";Non toxic;0;0;3;0;74
Is that a Chinese finger trap like a toy for kids?;Non toxic;0;0;3;0;74
"&gt;Different rules for different people encourages hate

You have yet to explain how not protecting majorities from certain kinds of hatred *encourages* hatred against that group of people. You don't create more racists against white people just because ""fuck you whitey"" isn't removed, but ""fuck you nigger"" is.

Again, I don't personally agree with making this distinction, but it's there, and acknowledging that does not *encourage* hatred of majorities. 

You people are so fucking DESPERATE to be victims, it's pathetic.";Racist;2;1;3;0;74
"just pray they don't find ""THIS NIGGAS A SANDWICH""";Racist;2;1;3;0;74
Your number one least worst is literally part of what makes cops kill black people.;A little racist;1;1;3;0;74
Bruh China sucks major ass. Sending all their minorities to *reeducation* camps;Extremely racist;3;1;3;0;74
Racist white gays really do need to fuck off. He says the word cracker in response to a guy saying he doesn’t care about black people, and you basically call him a slave?? Are you an idiot??;Racist;2;1;3;0;74
"Bernie is old as shit, he’s going to retire soon, yet he still tows the party line. He’s on his way out; he should be calling out the party, yet he won’t. Fucking pathetic.";Harassing;2;2;3;0;74
Nah dude, fuck Kanye. He sampled 21st century schizoid man without Fripp's or DGM's permission. I don't care if Greg lake liked how the song was implemented, Kanye really stole intellectual property.;Harassing;2;2;3;0;74
Nah, he's a piece of shit too.;A little harassing;1;2;3;0;74
Man fuck anyone that is trying to defend or normalize any form of that shit. Idk if they say they cant help it or what ever disgusting argument they come up with castrate every single one of these piles of human waste.;Harassing;2;2;3;0;74
"yes, cars are horrible for the environment and people. public mass transit is the only way to meaningfully cut carbon emissions (and traffic deaths).

and, like, statistics means it's unlikely. but it's not impossible. and reopening the economy means sacrificing lives of people, just to make money. if you're not willing to take that risk on yourself, fuck you.";Extremely harassing;3;2;3;0;74
I’m kinda bummed this is downvoted.  Don’t usually care about that shit either.;Vulgar;2;3;3;0;74
You're a brave one for shitting at school, they're stupid for having sex at school;Vulgar;2;3;3;0;74
"&gt; YCIS

Why see I ass... Hehe.";A little vulgar;1;3;3;0;74
She ran away from the UK's god awful tabloid press, not to avoid being a public person completely. Pretty obvious shit.;Extremely vulgar;3;3;3;0;74
Imagine pretty much making the KKK irrelevant only to create your own shitty kmart knockoff.;Vulgar;2;3;3;0;74
You look like you’re about to die man lmao;Extremely violent;3;4;3;0;74
I hope she gets cancer and dies. I hope no one funds her funeral and she gets buried in a box;Extremely violent;3;4;3;0;74
Lol i hope all your white imperialist shit holes burn in hell.;Violent;2;4;3;0;74
Commies are going to commie. These people hate you and want you to die.;Extremely violent;3;4;3;0;74
Yea they are going to cut out your kidney and sell it if you go.;Extremely violent;3;4;3;0;74
"&gt; It's obvious they've changed their stance.

I wish, but the fact is Reddit still pretends otherwise.

[“Reddit is quite open and pro-free speech”](https://www.reddithelp.com/en/categories/rules-reporting/account-and-community-restrictions/posting-someones-private-or-personal)";Non toxic;0;0;2;1;75
"The largest spider, the Goliath bird eating spider, weighs 170 grams, meaning if he ate 165,000,000 per day he’d have to eat more than 61 million pounds of spider every day.

The worlds smallest known spider, the Patu Digua, is too small to weigh, but it’s length is .37 millimeters- 1/810th the length of the Goliath Bird eating spider. Estimating it’s weight based solely on scaling down the Goliath bird eater, we can very roughly guess it weighs a mere .00000032 grams. So Spiders Georg would only have to eat 52.78 pounds of spider per day if he was eating this kind of spider. Males are even smaller than females, so if Spiders Georg could somehow sex more than 1,900 spiders per second, he could eat even less in terms of weight, perhaps even a feasible amount.";Non toxic;0;0;2;1;75
"Magic: The Gathering is a collectible card game (one of the grandfathers of the medium). The company currently running it, Wizards of the Coast, has put quite a bit of effort into making a coherent background story for the sets of cards - previously they did that through weekly short stories on their website and other media, nowerdays they want to mostly do it through e-books.

To sum up: in the world of MTG, there are many ""planes"" - each of them basically a parallel dimension with their own flavour of fantasy. They have a few things in common, most importantly: there are always the five colours of mana and there are very, very rare people that have a ""spark"" that, should it become activated, allows them to travel between those planes. 

Linden is the Queen of Eldraine and reigns together with her husband, Kenrith. The plane is heavily inspired by European folk tales: castles, knights, fairies, witches, basically a big twist on Brother Grimm themes. On Eldraine, the five knightly courts (aligned to the five colours of mana) keep the magical beasts of the Wilds at bay and protect the people of the Realm.

 The story of the set is that a planeswalker called Oko, a chaotic sort-of-anarchist, kidnaps the High King Kenrith, ends up transforming him into a stag and plans to rile up the elves living in the woods against the knightly courts. Kenrith's children, the twins Will and Rowan, try to find and save him.";Non toxic;0;0;2;1;75
"&gt;They're preparing to ban Smuggies and WatchRedditDie.

Stop I can only get so erect";Non toxic;0;0;2;1;75
"I remember that Italian mayor saying how he yelled at a woman in her town who broke quarentine to go to the hair salon. He said, ""it doesn't matter how your hair looks, the casket will be closed.""

Wish more people could hear stuff like that.";A little toxic;1;0;2;1;75
"Sex is not assigned, it’s observed and recorded.

Transmen are female.

Gay men are male homosexuals.

You’re homophobic.

Leave us alone, we’re never going to willingly fuck females.

You’ve been sold a lie about the pseudoscience of gender identity and you’re coming up against the brick wall of reality.

Take your fury and anger to the lairs that sold you the bullshit. 

As I said, leave us the fuck alone.";A little racist;1;1;2;1;75
They should stop committing so much violent crime and attacking police when caught. White people are killed more while doing nothing but fuck them right.;Extremely racist;3;1;2;1;75
If you cuff me you're gay.;Racist;2;1;2;1;75
Traps are gay.;Racist;2;1;2;1;75
You are triggered! You hate black people!!!!;Racist;2;1;2;1;75
"Bernie is old as shit, he’s going to retire soon, yet he still tows the party line. He’s on his way out; he should be calling out the party, yet he won’t. Fucking pathetic.";A little harassing;1;2;2;1;75
I see you are a buddy retard as well 😎;Non harassing;0;2;2;1;75
She says  something smart and then something stupid,  she stands up to the establishment then bends over backwards to suck their dick. Everything is extremism.;Extremely harassing;3;2;2;1;75
Jimmy Dore is right... wing’s useful idiot.;A little harassing;1;2;2;1;75
What the fuck I got Alice? Fucking Buzzfeed quizzes lmao.;Harassing;2;2;2;1;75
They either forgot in which case it's worth reminding, or they did this knowingly, in which case definitely tell them to fuck themselves (diplomatically).;Vulgar;2;3;2;1;75
Then don't post bullshit where you say being communist requires being ML.;Vulgar;2;3;2;1;75
He really had to take a crap.;Vulgar;2;3;2;1;75
"I had a customer ask me to get her the 4th of 3 diet 7up (soooo healthy) as she coughed without her mask. And ask if we took down the mandatory mask policy (cops never enforced it)

We’re fucked.";Vulgar;2;3;2;1;75
"&gt;""full of freedom loving people""

thats a goddamn lie. no one is ""free"", especially not when the constitution doesnt apply. ""freedom of assembly"" means no curfews and no police interference, and ""life, liberty, and pursuit of happiness"" means no extrajudicial murder by cops.

your ""freedom"" is air-conditioned, chemically-induced consumerist coma, until you fuckin speak up about it.";Vulgar;2;3;2;1;75
I will harvest your organs;Extremely violent;3;4;2;1;75
You should be hanged;Extremely violent;3;4;2;1;75
"""I hope your kids die of AIDS!""";Extremely violent;3;4;2;1;75
If they die they die;Extremely violent;3;4;2;1;75
Hope she gets skinned alive i wanna see her fucking head on a pike;Extremely violent;3;4;2;1;75
"&gt; USPS is on the brink of financial failure. 

Because Congress forced them to prefund pensions not because they're somehow inept.";Non toxic;0;0;2;0;76
"You are kidding me right? Her story changed every time she told it, the “evidence” wasnt even circumstantial... there is no proof the two ever met

Her own friends could not support her story

Her friend admitted to being pressured to change her story

Witnesses dispute the story

Her own dad supported Kavanaugh and none of her family supported her.

She changed her story about the year it happened, how many people and where multiple times. She cant remeber the important details but remembers things like how many drinks she had.

She lied about fear of flying


She wanted to be confidential but went on record with a major media source....

She made tons of money from this whole thing";Non toxic;0;0;2;0;76
Good point. I mean does Nebraska really exist? You ever met someone from Nebraska?;Non toxic;0;0;2;0;76
Basspod and cosmic meadows. I can count how many times I've been to the main stage on one hand. I hate  it over there.;Non toxic;0;0;2;0;76
Thanks, so glad reckoning is no longer viable? I tried lacerate glad and was thinking about respeccing...;A little toxic;1;0;2;0;76
Go to bed child. Stop watching gay porn.;Racist;2;1;2;0;76
I assume you are white and don't have to live as a black person where Confederates and slavery are celebrated you absolutely privileged fuckhead;Racist;2;1;2;0;76
"Kill all Asians. Kill all women...
They're a global majority. Reddit is a global site.";A little racist;1;1;2;0;76
He was a fucking fascist white supremacist dictator who killed millions of people what are you on;Racist;2;1;2;0;76
White girls *do* fuck dogs though;Racist;2;1;2;0;76
See now I’m sittin here with my family and my sister saw it and now I gotta explain this to her later. Fuck you and your NSFW meme;Harassing;2;2;2;0;76
"I dunno man, do you suck yourself off and then spit the cum into a 120 IQ bride or what?

This is a thought experiment that is the epitome of selfsuck.

How are your kids doing by the way?";Harassing;2;2;2;0;76
Sue the district, sue the school, sue the insurance, sue the boys, sue everyone up in that bitch;A little harassing;1;2;2;0;76
why is the swastica so veigny? looks like a bunch of dicks;Harassing;2;2;2;0;76
Was that idiot doubting that the Nazis started WW2?;A little harassing;1;2;2;0;76
You ever have  a three year old that accidentally pops their balloon? That is the saddest shit in history.;Extremely vulgar;3;3;2;0;76
Probably approximately a shit ton of money;A little vulgar;1;3;2;0;76
How does Finland account for their gdp gap in their rural areas? The fuck does intracontinental transportation have to do with putting people who live in these tent cities into actual houses? Your “muh scale” argument is so mushbrained and only serves to stifle conversation about actual solutions and enable the status quo.;Vulgar;2;3;2;0;76
Yea one that has video proof of grouping children and the other said he is able to grab pussy;Extremely vulgar;3;3;2;0;76
Half of them have been actively disproven and the other half is weak as fuck or strawmen, so yeah, you don‘t need emojis for that.;Vulgar;2;3;2;0;76
OI YA SHAMEFUL GITZ! IT IZ PRONONCE! SAY IT RIGHT NEXT ‘IME! DO IT OR I’LL BLAST YA HEAD OFF WITH MY SHOOTA!;Violent;2;4;2;0;76
Bro your family deserves to be shot for messing up ussr;Extremely violent;3;4;2;0;76
"""They deserve to be annihilated"" and you deserve to be catfished";Extremely violent;3;4;2;0;76
'Do not reach to the small of your back or I will kill you';Extremely violent;3;4;2;0;76
Commies are going to commie. These people hate you and want you to die.;Extremely violent;3;4;2;0;76
"&gt; It's obvious they've changed their stance.

I wish, but the fact is Reddit still pretends otherwise.

[“Reddit is quite open and pro-free speech”](https://www.reddithelp.com/en/categories/rules-reporting/account-and-community-restrictions/posting-someones-private-or-personal)";Non toxic;0;0;1;0;77
"The largest spider, the Goliath bird eating spider, weighs 170 grams, meaning if he ate 165,000,000 per day he’d have to eat more than 61 million pounds of spider every day.

The worlds smallest known spider, the Patu Digua, is too small to weigh, but it’s length is .37 millimeters- 1/810th the length of the Goliath Bird eating spider. Estimating it’s weight based solely on scaling down the Goliath bird eater, we can very roughly guess it weighs a mere .00000032 grams. So Spiders Georg would only have to eat 52.78 pounds of spider per day if he was eating this kind of spider. Males are even smaller than females, so if Spiders Georg could somehow sex more than 1,900 spiders per second, he could eat even less in terms of weight, perhaps even a feasible amount.";Non toxic;0;0;1;0;77
"Magic: The Gathering is a collectible card game (one of the grandfathers of the medium). The company currently running it, Wizards of the Coast, has put quite a bit of effort into making a coherent background story for the sets of cards - previously they did that through weekly short stories on their website and other media, nowerdays they want to mostly do it through e-books.

To sum up: in the world of MTG, there are many ""planes"" - each of them basically a parallel dimension with their own flavour of fantasy. They have a few things in common, most importantly: there are always the five colours of mana and there are very, very rare people that have a ""spark"" that, should it become activated, allows them to travel between those planes. 

Linden is the Queen of Eldraine and reigns together with her husband, Kenrith. The plane is heavily inspired by European folk tales: castles, knights, fairies, witches, basically a big twist on Brother Grimm themes. On Eldraine, the five knightly courts (aligned to the five colours of mana) keep the magical beasts of the Wilds at bay and protect the people of the Realm.

 The story of the set is that a planeswalker called Oko, a chaotic sort-of-anarchist, kidnaps the High King Kenrith, ends up transforming him into a stag and plans to rile up the elves living in the woods against the knightly courts. Kenrith's children, the twins Will and Rowan, try to find and save him.";Non toxic;0;0;1;0;77
"&gt;They're preparing to ban Smuggies and WatchRedditDie.

Stop I can only get so erect";Non toxic;0;0;1;0;77
"I remember that Italian mayor saying how he yelled at a woman in her town who broke quarentine to go to the hair salon. He said, ""it doesn't matter how your hair looks, the casket will be closed.""

Wish more people could hear stuff like that.";Non toxic;0;0;1;0;77
"Sex is not assigned, it’s observed and recorded.

Transmen are female.

Gay men are male homosexuals.

You’re homophobic.

Leave us alone, we’re never going to willingly fuck females.

You’ve been sold a lie about the pseudoscience of gender identity and you’re coming up against the brick wall of reality.

Take your fury and anger to the lairs that sold you the bullshit. 

As I said, leave us the fuck alone.";Racist;2;1;1;0;77
They should stop committing so much violent crime and attacking police when caught. White people are killed more while doing nothing but fuck them right.;Racist;2;1;1;0;77
If you cuff me you're gay.;Racist;2;1;1;0;77
Traps are gay.;Racist;2;1;1;0;77
You are triggered! You hate black people!!!!;Racist;2;1;1;0;77
"Bernie is old as shit, he’s going to retire soon, yet he still tows the party line. He’s on his way out; he should be calling out the party, yet he won’t. Fucking pathetic.";A little harassing;1;2;1;0;77
I see you are a buddy retard as well 😎;A little harassing;1;2;1;0;77
She says  something smart and then something stupid,  she stands up to the establishment then bends over backwards to suck their dick. Everything is extremism.;A little harassing;1;2;1;0;77
Jimmy Dore is right... wing’s useful idiot.;A little harassing;1;2;1;0;77
What the fuck I got Alice? Fucking Buzzfeed quizzes lmao.;A little harassing;1;2;1;0;77
They either forgot in which case it's worth reminding, or they did this knowingly, in which case definitely tell them to fuck themselves (diplomatically).;Vulgar;2;3;1;0;77
Then don't post bullshit where you say being communist requires being ML.;Extremely vulgar;3;3;1;0;77
He really had to take a crap.;Vulgar;2;3;1;0;77
"I had a customer ask me to get her the 4th of 3 diet 7up (soooo healthy) as she coughed without her mask. And ask if we took down the mandatory mask policy (cops never enforced it)

We’re fucked.";Vulgar;2;3;1;0;77
"&gt;""full of freedom loving people""

thats a goddamn lie. no one is ""free"", especially not when the constitution doesnt apply. ""freedom of assembly"" means no curfews and no police interference, and ""life, liberty, and pursuit of happiness"" means no extrajudicial murder by cops.

your ""freedom"" is air-conditioned, chemically-induced consumerist coma, until you fuckin speak up about it.";Vulgar;2;3;1;0;77
I will harvest your organs;Extremely violent;3;4;1;0;77
You should be hanged;Extremely violent;3;4;1;0;77
"""I hope your kids die of AIDS!""";Extremely violent;3;4;1;0;77
If they die they die;Extremely violent;3;4;1;0;77
Hope she gets skinned alive i wanna see her fucking head on a pike;Extremely violent;3;4;1;0;77
"jreg is centrist??

no but it’s been obvious ever since the first rap battle";Non toxic;0;0;2;1;78
these are so cool;Non toxic;0;0;2;1;78
You're correct, I just said it first;A little toxic;1;0;2;1;78
My apologies for not being more specific;Non toxic;0;0;2;1;78
Dream theater - endless sacrifice;Non toxic;0;0;2;1;78
"Oh no Whites are angry about Ahmaud Arbery and how the McMichaels were framed as racists! Better go burn down affordable housing! 

See how this doesn’t work? The cop was already getting investigated. The regular protests and social media awareness raising was WORKING. Now you’ve muddied everything up with a bunch nigger monkeys throwing shit everywhere and setting buildings ablaze which mind you could have killed people.

I have no respect for the rioters, in many other countries they’d be shot and rightfully so.";Racist;2;1;2;1;78
"&gt; What a fucking insane generalization to paint all white people with. It's almost like you're a horrible and extremely racist person. Lemme guess that you're a self-flagellating white person...

The Dems are the real racists sweaty! Also you're a race traitor if you help non-white people.";Extremely racist;3;1;2;1;78
"Gay mafia.

You support homosex or you starve.";Racist;2;1;2;1;78
"“Haha we just kinda want to exterminate all the minorities haha just take a joke lmfao”

Any place that is supposedly “all inclusive” will eventually be flooded with extremists. Why the fuck would normal people without retarded, extreme opinions want to hang out with literal nazis?";Racist;2;1;2;1;78
Pathetic little Nazi shit.;Racist;2;1;2;1;78
I’m so glad she ended up on Dragula instead. I recently started watching the seasons of RPDR for my fave mainstream queens (Trixie, Alaska, Katya) and it is so insanely frustrating to watch the original seasons (haven’t watched their all stars yet). If you’re not a pretty passing woman you have no chance. Like no one “got” Trixie’s drag so imagine having Evah on? Also, fuck RuPaul for being a transphobic, fracking, asshole.;Harassing;2;2;2;1;78
to be fair, a phone is personal property not private property. so that kid can fuck off;Non harassing;0;2;2;1;78
They *were* a terrorist organization because of those acts, but now they're just assholes.;A little harassing;1;2;2;1;78
cooked avocado is fucking disgusting anyway;A little harassing;1;2;2;1;78
"It also yells ""Fuck you"" when you get killed by it";A little harassing;1;2;2;1;78
It reminds me of every single bullshit post on r/entitledbitch or r/entitledparents that’s written by 14 year olds.;A little vulgar;1;3;2;1;78
Oh hell no. That cat is my baby. I was giving him a bath one time and he was panicking, and went into a fit just laying there meowing. I thought I had hurt him and fucking panicked. Turns out he was just being dramatic and was acting out. As soon as I let him off the leash he got up and ran away looking at me hateful.;Non vulgar;0;3;2;1;78
I actually think jumping is easier until you land, then once you land it really fucked up your aim (assuming you jamp sideways);Non vulgar;0;3;2;1;78
Well that sucks. Sorry man, there isn't anything else on that list I want.;Non vulgar;0;3;2;1;78
"""The greatest lies are made up of half truths...""

also water is wet and  my dick is 12 inches long";A little vulgar;1;3;2;1;78
You die;Violent;2;4;2;1;78
You’re just mad that oppressed peoples are standing up for themselves, and tbh I hope you die mad about it.;Non violent;0;4;2;1;78
i will beat you with a chainsword you dirty space weeb;A little violent;1;4;2;1;78
Unfortunately that kid is probably going to go back with a gun or knife and kill that poor guy for making him look stupid...;Violent;2;4;2;1;78
You should be hanged;Violent;2;4;2;1;78
Okay, but this creates a perverse incentive for people to intentionally try to get infected.;Non toxic;0;0;1;0;79
Most churches have closed. It's really only the megachurches.;Non toxic;0;0;1;0;79
I came here to ask this.  It's obviously the first thing that will pop into your head when reading the article.;Non toxic;0;0;1;0;79
Yeah, it is really sad that even socialist revolutionaries of the era wasnt above bigotry.;Non toxic;0;0;1;0;79
Its piss easy to get CC in this game. People are literally complaining about a non issue;Non toxic;0;0;1;0;79
yeah nyc is filled with racists, homophobes, and bigots, you guys fit right in there!;A little racist;1;1;1;0;79
wow, evil chinese communist trying to kill that old lady and steal her organs;A little racist;1;1;1;0;79
What a bunch of bitch ass white boys, smh;A little racist;1;1;1;0;79
"&gt; anti-semitic Israel

lol... fuck off nazi";Racist;2;1;1;0;79
Our country is trash full of trash people. Americans are so fucking disgusting. It sickens me tbh.;Non racist;0;1;1;0;79
Dumb troll. Get a job.;Non harassing;0;2;1;0;79
"It also yells ""Fuck you"" when you get killed by it";Non harassing;0;2;1;0;79
Holy fuck. What an incredible asshole.;A little harassing;1;2;1;0;79
she has dyed hair, a septum piercing and her @ is pussybitch. Probably pro onlyfans. She's not a puritan, just retarded;Harassing;2;2;1;0;79
Uhh, no. Very much it did not. What are you talking about? Not EU. Wrong, bitch.;Non harassing;0;2;1;0;79
shits heating up;Non vulgar;0;3;1;0;79
Not even subtle for anyone who's seen this type of bullshit over the last ~30 years.;A little vulgar;1;3;1;0;79
They did the same thing to Ron Paul. Glad the other side can see some of the bullshit now.;Non vulgar;0;3;1;0;79
It reminds me of every single bullshit post on r/entitledbitch or r/entitledparents that’s written by 14 year olds.;Non vulgar;0;3;1;0;79
r/trashy is pretty much overun with racists and shit people so dont know how that will go for you;A little vulgar;1;3;1;0;79
Rape the children and kill the women;Extremely violent;3;4;1;0;79
*You will die;Extremely violent;3;4;1;0;79
Try killing more people and we may put you in the next one;Extremely violent;3;4;1;0;79
Yayyyy we can kill future children yayyyyyyyyy;Extremely violent;3;4;1;0;79
Hopefully he’ll kill all those nazis living on the dark side of the moon while he’s there.;Extremely violent;3;4;1;0;79
It was also with a grudge with the the concrete place I believe.;Non toxic;0;0;1;1;80
I have 4 of them, and yes, they're that good. He's also devoting a lot of his production line to make face masks, for free. No one has forced him to do it.;Non toxic;0;0;1;1;80
"&gt;This is The Logical conclusion you are either too naive we're too far into your ideological Echo chamber to see.

I find that very ironic coming from you";Non toxic;0;0;1;1;80
*insert thanos putting the space stone onto the gauntlet but the stone is Raptor*;Non toxic;0;0;1;1;80
I'm defending the PRC by commenting on a WHO doctor. Makes perfect sense lol. I just assumed you magically saw a comment where I defended something the PRC did since, y'know, that's what you're saying;A little toxic;1;0;1;1;80
One of what, nigga? Speak up, don’t cut off yourself homes.;Racist;2;1;1;1;80
"Typical of whites to break rules and expect exceptions for themselves. 


Fuck whites, they don’t deserve to live. Fuck racism.";A little racist;1;1;1;1;80
WEEDNATION IS A BUMMY ASS NIGGA.  STRAIGHT FUCKING BUM THAT DUDE IS.;Racist;2;1;1;1;80
More Whites die to cops than Blacks bud.;A little racist;1;1;1;1;80
"Sex is not assigned, it’s observed and recorded.

Transmen are female.

Gay men are male homosexuals.

You’re homophobic.

Leave us alone, we’re never going to willingly fuck females.

You’ve been sold a lie about the pseudoscience of gender identity and you’re coming up against the brick wall of reality.

Take your fury and anger to the lairs that sold you the bullshit. 

As I said, leave us the fuck alone.";Racist;2;1;1;1;80
"What's wrong with Americans? They shit and piss and cry about raycisss cops killing 13%ers but when they witness it in person seems like all they'll do is film it for the twitter likes and calmly inform the cop ""that's not cool bro, u should probably stop killing him bro"".

I don't give a shit if it starts a race war, I'm tired of the fucking foreplay, just do something already. Literally a nation of NPC's why can't u just disappear";A little harassing;1;2;1;1;80
The sixth amendment, and because the Republicans fucking love that shit and want to be able to kill Muslims without a trial more and not less;Harassing;2;2;1;1;80
Wtf? As a guy, I've never had anyone refuse to wear a condom. This is such an alien situation to me. Why are all these dudes so fucking dumb?;A little harassing;1;2;1;1;80
Yeah I feel u - u just got to communicate this to him and he has to communicate to u back. No assholes;A little harassing;1;2;1;1;80
"Seriously, I've seen these things snap and tear little terriers apart. I wish I could erase that image from my mind. Their fans will defend them to the death. 

Just because a dog breed is docile to its owner doesn't make it docile around everyone else.

Fucking idiots.";Harassing;2;2;1;1;80
Coffee oatmeal with low cal sweetner is the shit;Vulgar;2;3;1;1;80
What kind of shitty olives do you people have?;Vulgar;2;3;1;1;80
Faux socialist, wannabe breadtuber with absolute shit takes.;Extremely vulgar;3;3;1;1;80
They deserve waaay more shit for promoting fascism in 2016;Vulgar;2;3;1;1;80
Pete sucks but her posting 'all lives matter' and defending cops was worse;Extremely vulgar;3;3;1;1;80
"Chuds: Don't punch Nazis

Also Chuds: If someone was stealing from my car I will murder them.";Violent;2;4;1;1;80
"All these guys are now probably being investigated.

I hope they burn in the same hell as the terrorists they fought";Violent;2;4;1;1;80
I would pay an assassin to kill the bourgeoisie;Violent;2;4;1;1;80
we are going to kill every santa denier;Violent;2;4;1;1;80
Death to capitalism;A little violent;1;4;1;1;80
No Amazon listed on the 23rd? Gonna get calls for that;Non toxic;0;0;1;1;81
and she has 400 base hp lol;Non toxic;0;0;1;1;81
"&gt;just a mod

0.00$";Non toxic;0;0;1;1;81
Yes;Non toxic;0;0;1;1;81
Just your typical left winger engaging in a debate.;Toxic;2;0;1;1;81
Black people have lost their fucking minds.;Racist;2;1;1;1;81
We get it you want to shoot black people;Racist;2;1;1;1;81
Burnt like Jews;Racist;2;1;1;1;81
What?! Asian women have bodies like fat little boys, gross! Don’t know why they get fetishized so much.;Extremely racist;3;1;1;1;81
"Spoiled rotten, lazy as fuck, white liberal bitches telling a based Black woman she can’t drive down the street. 

Get the FUCK out of the road, you stupid white fucks.";Extremely racist;3;1;1;1;81
"I wish they kept the old minion-killing animations. 

Pikemen are fucking obnoxious. They take forever to kill and always gimp my executions at the last second.";Harassing;2;2;1;1;81
we're all clenching our assholes;Harassing;2;2;1;1;81
Uhh, no. Very much it did not. What are you talking about? Not EU. Wrong, bitch.;Harassing;2;2;1;1;81
Yes they are that stupid.;A little harassing;1;2;1;1;81
" ""Fuck your second amendment"" 

uh, no.  What does the laughing world you speak of think about Venezuela or all the other places with no recourse against tyranny?  Is that hilarious too?  Your examples of things that are already illegal still happening doesn't help your argument of making guns illegal btw.";Extremely harassing;3;2;1;1;81
Cant believe i underestimated coffee. Shit can actually alert you;Vulgar;2;3;1;1;81
kiss my piss dork lmaoo;A little vulgar;1;3;1;1;81
Shit's getting bad, but the US gov ain't going anywhere, friend. Rome took more than a thousand years to fully collapse.;Vulgar;2;3;1;1;81
"""The greatest lies are made up of half truths...""

also water is wet and  my dick is 12 inches long";Vulgar;2;3;1;1;81
"&gt; If Trump wins this election, he will almost certainly be able to pick another judge for the Supreme Court, tilting it even farther in favour of Republicans. This could be disastrous for the US for decades.

Counterpoint: If Biden wins this election, he will almost certainly be able to pick another judge for the Supreme Court, tilting it even farther in favour of Republicans. This could be disastrous for the US for decades.

This fact is irrelevant however because he won't win. He's a jibbering old wimp, a braindead geriatric, and a born loser and Trump will absolutely dogwalk him in front of a live national television audience. That old racist, raping, kiddie-fondling fuck is going to bullied and broke until he cries literal tears on stage and we're all going to watch it happen.

&gt; ...you do not have the moral high ground...

I don't give a fuck about the moral high ground. I'm not going to vote for any rapist.";Vulgar;2;3;1;1;81
i hope everybody dies;Violent;2;4;1;1;81
I hope all the anti vaxxers die horribly.;Extremely violent;3;4;1;1;81
If a real Italian read this sentence they’d probably punch you in the balls;Violent;2;4;1;1;81
Death to British rule 🇨🇳🇨🇳🇨🇳;Extremely violent;3;4;1;1;81
Unfortunately that kid is probably going to go back with a gun or knife and kill that poor guy for making him look stupid...;Extremely violent;3;4;1;1;81
My apologies for not being more specific;Non toxic;0;0;1;0;82
At least the marvelous misadventures of flapjack hasn't ended. I think that would kill me;Non toxic;0;0;1;0;82
America in 1944;Non toxic;0;0;1;0;82
"jreg is centrist??

no but it’s been obvious ever since the first rap battle";Non toxic;0;0;1;0;82
"*Pokemon: Animal Crossing Version: &amp; Knuckles*";A little toxic;1;0;1;0;82
Throw this comment section in the trash and light that shit on fire. Of course it's racial profiling you dumb fucking morons.. there are parks full of white people and the police there politely hand out masks, but when it's a black neighborhood they make arrests and physical confrontations.;Racist;2;1;1;0;82
Quit being a pussy nobody literally hates white women;Racist;2;1;1;0;82
Yes many Europeans are also racist white people fucking shocker there...;A little racist;1;1;1;0;82
"Then u will go to jail and throw ur life away probably. Last thing ur family would want is to throw ur life away killing some degenerate. Im a regular nigga to, difference is I dont think killing other niggas solves any issues and is exactly what they want u to do 🤔


Edit - imo there is a huge difference snitching on a dude for selling drugs or some other petty shit and snitching on them for literally murdering an innocent person 🤷🏽‍♂️";A little racist;1;1;1;0;82
Black supremacists lol what a dumbfuck;Racist;2;1;1;0;82
Dumb troll. Get a job.;Harassing;2;2;1;0;82
Upvoting you before the Reddit atheist fucks get here.;Harassing;2;2;1;0;82
He’s an attention whore and his sister was removed. A normal person doesn’t record themselves with their dead sister and upload it onto the internet.;Extremely harassing;3;2;1;0;82
"No one called me on my bullshit.  My comment is still there and not you nor the other troll has even addressed it.  

Your comment perfectly exemplifies exactly the troll behavior that I'm talking about.  You are lying about me providing sources.  I have consistently provided sources and pieces of shit like you ignore them or you dismiss them or you marginalize them.  So, you want to argue against my comments, then you bring the sources.  That's what you've earned by being a piece of shit troll.

Like I said, I will gladly source my arguments to others but it's a waste of time for idiots like you.";Harassing;2;2;1;0;82
"&gt;actually a chad IRL 

Either your flair is lying or you're lying now. 

Either way I'm gonna hunt you down and fuck your ass";Harassing;2;2;1;0;82
He's not really pro-life, though, he's just pro-birth. He doesn't give a flying fuck about the quality of life of the WOMAN in the situation, only about that of the parasite/fetus.;Vulgar;2;3;1;0;82
Faux socialist, wannabe breadtuber with absolute shit takes.;Vulgar;2;3;1;0;82
There is 0% chance this guy makes it through 10 years of probation. There is a reason why many repeat criminals will just take the jail time over probation, its a fucking scam thats only designed to funnel money out of you and then punish you for any slight misstep. I would bet this guy will be in jail in less than a year.;Vulgar;2;3;1;0;82
I’m kinda bummed this is downvoted.  Don’t usually care about that shit either.;A little vulgar;1;3;1;0;82
"and y'all traded demar; that's just how this shit works, sadly";Vulgar;2;3;1;0;82
"You deserve to be banished.
You deserve to be banished.
You deserve to be banished.
You deserve to be banished.
You deserve to be banished.
You deserve to be banished.
You deserve to be banished.
You deserve to be banished.
You deserve to be banished.";Non violent;0;4;1;0;82
Die! Die! Why won't you die!?;Violent;2;4;1;0;82
Sign my petition or I'll follow you home and kill your dog.;Extremely violent;3;4;1;0;82
Killing yourself with the intent to kill yourself;Extremely violent;3;4;1;0;82
I would kick you;Violent;2;4;1;0;82
Id say his ability to crash the game was OP;Non toxic;0;0;2;1;83
"This one dude, GG reloaded, still blames IW for SBMM even though its not their decision to make. And Optimus completely ignored the fact that LEAKERS said the 100 dollar price tag on MW2R was a placeholder when he made his video over MW2R being campaign only.

Feels like some creators just don’t do their damn research.";Non toxic;0;0;2;1;83
any good jungler will punish a ranged top laner pre 6.;Non toxic;0;0;2;1;83
We can only hope that they get the correct message from the financial information from DOA6 and properly distinguish between game sales and DLC sales.;Non toxic;0;0;2;1;83
I'd believe that.;Non toxic;0;0;2;1;83
Well then masterbating is also gay. And by that logic, simply touching your penis is gay, even while peeing. If touching your penis is gay, you’re gay, because your penis is attached to you, hence you’re always touching your penis. Thusly, as clearly most men are not gay, masterbating cannot be gay, therefore sucking your own dick also cannot be gay.;Racist;2;1;2;1;83
Yeah haha gay people are so bad and shameful it’s so evil to be gay I bet they’re secretly gay (which is worse than being a nazi) haha;Racist;2;1;2;1;83
We get it you want to shoot black people;A little racist;1;1;2;1;83
Our country is trash full of trash people. Americans are so fucking disgusting. It sickens me tbh.;Extremely racist;3;1;2;1;83
-st saying nigger though;Racist;2;1;2;1;83
Ah, well he is a bastard then;Extremely harassing;3;2;2;1;83
"https://www.cdph.ca.gov/Programs/CID/DCDC/Pages/Face-Coverings-Guidance.aspx

I did, there is no mention of asthma at all on this link which is the CA guidelines for face coverings during COVID. Unless you can provide a link, you're a liar spreading misinformation to make a point, ya chucklefucking muppet.";Harassing;2;2;2;1;83
"If you and the 5 butt nuggets hugging 3 inches off your ass behind you don't provide any room to enter then zoom zoom motherfucker.

A lot of onramps are short basically meaning that you need to gun it to enter the freeway and merge at a safe speed.

Similarly if you are entering the freeway at 30 miles per hour I am not staying the fuck behind you and getting splattered all over the back of your car by a semi truck. (motorcyclist)";Harassing;2;2;2;1;83
so you think lebron james should be able to tell you how to live your life and what your allowed to do and how you do it? shut the fuck up statist;Harassing;2;2;2;1;83
"&gt;dont fuck around with kratom

&gt;dont fuck around with kratom while being a junkie";Extremely harassing;3;2;2;1;83
"and y'all traded demar; that's just how this shit works, sadly";Vulgar;2;3;2;1;83
Yeah and getting shit on isn't suffer worthly and got removed lol;Extremely vulgar;3;3;2;1;83
"It is bowing down

lol at you coppin pleas like a battered wife.  ""I don't bow down to him, I just do everything he says for ease of socialising"".

Bruh, you have no out here.  You proved me right.  Yall bow down to whites.  They stay on ya mind, rent free.

If you didn't bow down, you'd use your own names and not gaf what whites think.  But as I said, rent free.

Blacks will name themselves Jakwan, Devonte, Lavernious, etc., NO FUCKS GIVEN.  Fuck that noise, they ain't no scary hoes.

Yall need to be more like blacks.  They are your brothers in colour";Extremely vulgar;3;3;2;1;83
I guessed we would split a loss and a victory against the Browns and the Packers but I feel basically like I did after also assuming we’d split with the Colts, and getting blown out in the first game. Like, I assumed a loss at some point, but not one so fucking embarrassing;Vulgar;2;3;2;1;83
WHAT A PLAY BY BERGWIJN HOLY SHIT;Vulgar;2;3;2;1;83
He needs to die and quick;Extremely violent;3;4;2;1;83
If they die they die;Extremely violent;3;4;2;1;83
Then I’m gonna have to kill more people;Extremely violent;3;4;2;1;83
You should Be a dog and go for the kill;Extremely violent;3;4;2;1;83
Kill them. Kill them now;Violent;2;4;2;1;83
Whym does whom saym that?;Non toxic;0;0;2;1;84
This is correct. It's also how ants form their 'roads' and know where the food is at when it's way, way beyond their range of sight. You can even exploit this fact by spreading ant pheremones in a circle, and forming something called an 'ant death spiral', where the ants just walk in circles until they drop dead, because they don't know to do anything else.;Non toxic;0;0;2;1;84
Just about everything. The only things I’ve really kept is all knowledge from all of my business classes, different formulas from math I use with business, and some science. That’s it. I’ll admit something’s are usual, mostly the stuff you’ll learn in college, besides that most stuff isn’t.;Toxic;2;0;2;1;84
Had him for intro to Sociology in my senior year.  Last remaining core class. Class was so interesting made me think I might’ve made a mistake choosing my major. One of the few classes I remember things from almost 20 years later. RIP professor.;Non toxic;0;0;2;1;84
Macrohistorically speaking, China has nowhere near the amount of blood on their hands as the nascent behemoth America. Maybe if there had been a boxer-rebellion-style event on the shores of America, you'd have room to speak, but that never happened. Hell, you'll probably be scrambling now to even gain a brief understanding of the events of the boxer rebellion. Or maybe you don't care, hmm?;Toxic;2;0;2;1;84
Stupid southerners stole it from the Greeks, who were not racist only homophobic.;Racist;2;1;2;1;84
Imagine thinking some peasant farmers who owned one field deserved death. You’re the big mega gay;Racist;2;1;2;1;84
You’re black. God roasted you enough;Racist;2;1;2;1;84
straight guys don't look at other guy's penises for fear that they will turn gay or something;Extremely racist;3;1;2;1;84
dear retard, ur gay gay gay gay gay  ugly and I hate you, consider uninstalling 01111001 01101111 01110101 01110010 00100000 01101100 01101001 01100110 01100101 00101110 01100101 01111000 01100101 00100000 01101001 01101101 01101101 01100101 01100100 01101001 01100001 01110100 01100101 01101100 01111001 00100000 01100101 01101110 01100100 00100000 01110000 01110010 01101111 01100011 01100101 01110011 01110011 00101100 00100000 01111001 01101111 01110101 00100000 01100110 01110101 01100011 01101011 01101001 01101110 01100111 00100000 01110010 01100101 01110100 01100001 01110010 01100100 00101110;A little racist;1;1;2;1;84
Not fucking Reddit;A little harassing;1;2;2;1;84
"Coincidentally, I bet they also met the most awfully self righteous, selfish, ignorant, incompetent &amp; delusional psychopathic fuckwit they'd ever encountered!";A little harassing;1;2;2;1;84
"Republicans win: they jack up my taxes because they hate my state and all its people.  Dems win: they craft a stimulus that is designed to fuck me and everyone I know... because if our lives and jobs and families were magically transported to someplace cheaper, we would be rich.  I can't pay my mortgage with white privilege, you fucking clowns.

The Dems are going to lose the House and Senate in 22 so hard.";Harassing;2;2;2;1;84
You ever fuck with Papooze? They're pretty tight french lofi pop/dance.;Harassing;2;2;2;1;84
Fuck thats worse. I love fat guys they deserve better;Harassing;2;2;2;1;84
Note: do not pull out of the doggy thing for gme resources it is its own moonshot at this point. Get every fucking piece of shit you know to scramble for gme they are trying to make it a pop culture phenomenon in the hopes that actual gamestop offers a stock infusion which they will short;Extremely vulgar;3;3;2;1;84
I'd say your tongue looks like an ass but it applies to your entire face.;Vulgar;2;3;2;1;84
PayPal is still assho;A little vulgar;1;3;2;1;84
NJTP optics and timing are shitty.;Vulgar;2;3;2;1;84
Cant believe i underestimated coffee. Shit can actually alert you;Vulgar;2;3;2;1;84
Try killing more people and we may put you in the next one;Extremely violent;3;4;2;1;84
Rape the children and kill the women;Extremely violent;3;4;2;1;84
"😅😅😅 

Stop posting or he's going to kill you";Extremely violent;3;4;2;1;84
I am once again asking you to DIE BY MY HAND;Extremely violent;3;4;2;1;84
Hope u get aids and die;Extremely violent;3;4;2;1;84
And they wouldn’t be scrubbing the floors if they weren’t employed.;Non toxic;0;0;2;0;85
Wow, they made Harambe a celebrity;Non toxic;0;0;2;0;85
Macrohistorically speaking, China has nowhere near the amount of blood on their hands as the nascent behemoth America. Maybe if there had been a boxer-rebellion-style event on the shores of America, you'd have room to speak, but that never happened. Hell, you'll probably be scrambling now to even gain a brief understanding of the events of the boxer rebellion. Or maybe you don't care, hmm?;Non toxic;0;0;2;0;85
I’m sure if Sara had millions like Carole she could get any hot guy she wanted too;Non toxic;0;0;2;0;85
So maybe OP's transmission problem's are Carole's fault?;Non toxic;0;0;2;0;85
Black people have lost their fucking minds.;A little racist;1;1;2;0;85
Because you shouldn't face legal penalty for calling someone a nigger;A little racist;1;1;2;0;85
"Fuck Taiwan

Fuck Hong Kong";Racist;2;1;2;0;85
Hes gay and shes a lesbian, but you fuck together anyway because you're siblings.;Racist;2;1;2;0;85
Go to bed child. Stop watching gay porn.;A little racist;1;1;2;0;85
Okay, so you're actually just a moron. Got it.;A little harassing;1;2;2;0;85
"&gt;democrats decided to use lies to make him a racist.

Yeah I forgot the democrats forced him not to pay his migrant workers in building Trump tower.

The democrats, Trump, they're all in it together, and they're all fucking kids";A little harassing;1;2;2;0;85
"Do you honestly think that there isn't at least 30-40% of black people that don't want to just live their lives? Really? Would you really be willing to fuck over 21 million people ""WAAAAAH my joggers""";Harassing;2;2;2;0;85
I looked it up. They paid taxes. You're retarded.;A little harassing;1;2;2;0;85
You were abused as a child and your handle says you’re a fan of a man who slaughtered 20 little kids. None of what you described sounds “fine.” It sounds fucking terrible.;Harassing;2;2;2;0;85
Nah, that ain't shitty.;A little vulgar;1;3;2;0;85
if you don’t have sex with every woman who smiles with you you’re stupid;A little vulgar;1;3;2;0;85
"It is bowing down

lol at you coppin pleas like a battered wife.  ""I don't bow down to him, I just do everything he says for ease of socialising"".

Bruh, you have no out here.  You proved me right.  Yall bow down to whites.  They stay on ya mind, rent free.

If you didn't bow down, you'd use your own names and not gaf what whites think.  But as I said, rent free.

Blacks will name themselves Jakwan, Devonte, Lavernious, etc., NO FUCKS GIVEN.  Fuck that noise, they ain't no scary hoes.

Yall need to be more like blacks.  They are your brothers in colour";Vulgar;2;3;2;0;85
It’s because they weren’t welcome at their local ren fair when they started unironically spouting racist crusader bullshit.;Extremely vulgar;3;3;2;0;85
all of that is just bullshit invented by the right to rile people up. comments like this show that it's working.;Extremely vulgar;3;3;2;0;85
Please go die in a fire;Extremely violent;3;4;2;0;85
They would kill you before you even got the chance😂;Violent;2;4;2;0;85
I hope you go to prison when you inevitably kill an innocent protestor by plowing your car thru them;Extremely violent;3;4;2;0;85
Mexico? They'll just cut your head off.;Violent;2;4;2;0;85
And then he rapes you;Extremely violent;3;4;2;0;85
Yes. Although there is a virtually limitless supply of people willing to do minimum wage jobs.;Non toxic;0;0;1;0;86
Obviously if we go extinct it’ll be in more agony. We’re the species with the highest ability to feel agony.;Non toxic;0;0;1;0;86
Deal with it.;Non toxic;0;0;1;0;86
is this a satire subreddit?;Non toxic;0;0;1;0;86
"*Pokemon: Animal Crossing Version: &amp; Knuckles*";Non toxic;0;0;1;0;86
"""if you don't suck dick, you're gay""";Racist;2;1;1;0;86
"Damn dude according to your post history you're a Turk, you're black, you're half black half Mexican, you're Jewish. A real man of the world.

Edit: /u/1sweets posts in /r/reclassified, where white supremacists go to whine about their subs being banned and post links to new subreddits to evade those bans. He also created /r/enriched, a subreddit promoting ""western enrichment"" aka white dog whistling. This dude is not black, just an angry pro-cop white guy.

He posted **""The only thing I take seriously is how whites will be a minority in 25 years and my children will be 10% of their population in the generation. UWU burn some statues while 100 white women a raped a day by blacks yet 0 black women are raped by whites a year"".**

He also posted a link to /r/diversitynews, a banned sub whose message was race mixing doesn't work.

He made a post in /r/freespeech, a sub notorious for being full of white people complaining their right to say the n word is constantly being infringed.

He has used the phrase Jordan's wearer, a not so subtle gamer way of circumnavigating the n bomb.

Uses a certain reference to gay people that starts with an f and has posted several anti-lgbtq+ comments.

Claims to be Christian AND Jewish.

His post history only goes back 9 months even though his account is 3 years old. I'll bet you a nickel if you went through his deleted messages you'd find a lot of n bombs.";A little racist;1;1;1;0;86
"&gt;Blacks don't say nigger.

Oh. 

You're just one of those suburban upper-middle class white girls who has never actually interacted with a black person in her life, but has completely internalized the white man's burden. 

We're done here.";Racist;2;1;1;0;86
What a bunch of pussy Italian players im Mexican and if for some fucking reason we got a cartel type of skin I wouldn’t give a fuck;A little racist;1;1;1;0;86
-st saying nigger though;Racist;2;1;1;0;86
Bernie isn't a sexist you sociopathic liar. Tell the truth or stop posting in this sub, everyone is sick of your shit.;Harassing;2;2;1;0;86
"I mean, you have to ask yourself, is a slut someone that doesn't dress conservatively or is a slut someone that's actually unfaithfully sleeping around.

If your problem is the former then I say to you that there is a difference between saying something is generally socially undesirable and saying that something is a turn off in a relationship, ie. no one would give a fuck if you just diplomatically said that you have a personal preference for women that don't wear revealing clothing (or whatever your problem is).";Non harassing;0;2;1;0;86
I seriously what orokin fucktard saw these mechs and thought, we need dead people with steel skin to be controlled by kids with PTSD.;A little harassing;1;2;1;0;86
"If you and the 5 butt nuggets hugging 3 inches off your ass behind you don't provide any room to enter then zoom zoom motherfucker.

A lot of onramps are short basically meaning that you need to gun it to enter the freeway and merge at a safe speed.

Similarly if you are entering the freeway at 30 miles per hour I am not staying the fuck behind you and getting splattered all over the back of your car by a semi truck. (motorcyclist)";Harassing;2;2;1;0;86
she has dyed hair, a septum piercing and her @ is pussybitch. Probably pro onlyfans. She's not a puritan, just retarded;Harassing;2;2;1;0;86
Haha totally not an asshole! Yeah they're not as harmless as a lot of companies are promoting them, there's been such an increase in people getting skin rashes, throat irritation from eating the stupid things and even lipid pneumonia from diffusing so much oil;A little vulgar;1;3;1;0;86
"Complaining about 'real victims' while using every tactic in the far right playbook to smear and harass a victim of a powerful man with a history of inappropriate behavior.

At least fascists don't pretend to give a shit. What a slimy ugly disgusting worthless human being. Take your hentai and die of covid, Eichenwald.";Vulgar;2;3;1;0;86
I really wanna know what dickheads stopped the posting of good interactions between officers and protestors and as long as it fits the sub it should be allowed but i wouldn't wanna see this on like r/blackmagicfuckery ya know;Vulgar;2;3;1;0;86
kiss my piss dork lmaoo;Extremely vulgar;3;3;1;0;86
Welp time to get the wife to make me badges stating I'm not an asshole I just have fashion issues.;Vulgar;2;3;1;0;86
DEATH TO THOMAS!;Violent;2;4;1;0;86
Yeah but then the good guys win and rape you to death and occupy your nation indefinitely.;Extremely violent;3;4;1;0;86
Surrender your testicles within 30 seconds or we will open fire;Extremely violent;3;4;1;0;86
There can be not a single concession to fascism. Give a nazi your hand and he will take our entire arm and beat someone to death with it.;Extremely violent;3;4;1;0;86
Kill them. Kill them now;Extremely violent;3;4;1;0;86
Basspod and cosmic meadows. I can count how many times I've been to the main stage on one hand. I hate  it over there.;Non toxic;0;0;2;0;87
It’s been said before but big respect to you for actually sourcing the artist;Non toxic;0;0;2;0;87
Not sure AA's biggest liability is dead dogs in first class, atm.;Non toxic;0;0;2;0;87
The devs of the game corroborated that Alec was an abuser. They experienced abuse from him for years during development. The game almost didn’t get released because of Alec and Scott is still facing PTSD from those years.;Non toxic;0;0;2;0;87
Guess I'll wind up in the ICU;Non toxic;0;0;2;0;87
The Chinese are disgusting people. They Live like animals.;Racist;2;1;2;0;87
"Bootlicker.

Of course they do. But not nearly at the same rate, and white people can get away with way more shit. You had white fascists storming the fucking Capitol building screaming in pigs' faces and they didn't blink.";Racist;2;1;2;0;87
Why CRM being so gay. U know it’s gonna beat earnings;Racist;2;1;2;0;87
"The truth hurts doesn't it you pathetic goat fucker.  It is true that Muslims have lower IQs. Just a fact. 

Did you know that Jews get 2,000x more Nobel prizes than Muslims?  Because you and your loser buddies are basically just stupid. 

Remember that time the Jews traded 1,027 Palestinian criminals for one Jew (Shilat was his name).  Because Muslims are worth &lt;0.1% of a normal person. And they fucking know it LOL. 

Continue your post history searching.

https://www.reddit.com/r/The_Farage/comments/jkshev/freefragile_islam/";Racist;2;1;2;0;87
-st saying nigger though;A little racist;1;1;2;0;87
Typical of fucking what? You aren’t reading my comments. You are incapable of thought.;A little harassing;1;2;2;0;87
He’s an attention whore and his sister was removed. A normal person doesn’t record themselves with their dead sister and upload it onto the internet.;Harassing;2;2;2;0;87
**WRATH, MOTHERFUCKERS!!!!***;Harassing;2;2;2;0;87
"It's probably best described as a: ""fuck me...so fuck you too""";A little harassing;1;2;2;0;87
"true, PUA and learning ""game"" is a scam. of course you cant be a fucking autist, but she will make your life easier if shes  physically attracted to you.";Harassing;2;2;2;0;87
NJTP optics and timing are shitty.;Vulgar;2;3;2;0;87
"No jesus you have to vote. Most people dont vote already. They dont give a fuck. You have to vote 3rd party to take a percentage of the vote. Otherwise they just report ""half of Americans voted for Biden."" Goal is to get at least 1% of the vote. Vote Green.";A little vulgar;1;3;2;0;87
This is quite possibly the only time you get to pretend you are a scavenger in a post apocalyptic wasteland.  Wear the shit out of that gasmask;A little vulgar;1;3;2;0;87
Oh damnnn;Non vulgar;0;3;2;0;87
Probably approximately a shit ton of money;Non vulgar;0;3;2;0;87
Rape the children and kill the women;Extremely violent;3;4;2;0;87
Kill or be killed;A little violent;1;4;2;0;87
Die! Die! Why won't you die!?;Violent;2;4;2;0;87
I hope he burns in hell.;Extremely violent;3;4;2;0;87
You should be hanged;Extremely violent;3;4;2;0;87
KG is slow, even one of his younger prime years.;Non toxic;0;0;2;1;88
Yes;Non toxic;0;0;2;1;88
Lady legs lol! Your comment has me in stitches 😂;Non toxic;0;0;2;1;88
"This one dude, GG reloaded, still blames IW for SBMM even though its not their decision to make. And Optimus completely ignored the fact that LEAKERS said the 100 dollar price tag on MW2R was a placeholder when he made his video over MW2R being campaign only.

Feels like some creators just don’t do their damn research.";Non toxic;0;0;2;1;88
Yeah, it is really sad that even socialist revolutionaries of the era wasnt above bigotry.;Non toxic;0;0;2;1;88
Nigger is the word, the image used nigga.;A little racist;1;1;2;1;88
Masturbation is literally gay because you're jerking off a guy.;Racist;2;1;2;1;88
"Wait if they already conflated "" jogger"" with ""nigger"", how is white people jogging going to be seen as racist? Aren't they also ""joggers""";A little racist;1;1;2;1;88
stop making agenda posts....ahem.. m'nigger;A little racist;1;1;2;1;88
huh? tucker is the realest nigga on all these festering platforms. what are you on bro;A little racist;1;1;2;1;88
I’m going to post another topic like this later. It’s amazing 350 days pass and no word from Epic. Seems like it’s time to bring it up again (fuck you mods);A little harassing;1;2;2;1;88
Man fuck anyone that is trying to defend or normalize any form of that shit. Idk if they say they cant help it or what ever disgusting argument they come up with castrate every single one of these piles of human waste.;Harassing;2;2;2;1;88
The black actor who played a fictional character called Black Panther passed away from colon cancer yesterday and this person is saying that white people took a 'win' because of his death and that they are 'laughing their fucking ass off';A little harassing;1;2;2;1;88
Jim Jeffrey was caught out on camera being racist and drawing black people he was trying to jebait Avi yemini in a interview to say something racially charged so he could deceptively edit it for culture/identity politics points. Except he didn't bank on Avi secretly recording the entire interview and releasing it...Jim fucking disappeared and the msm covered his racist fucking deplorable ass by not commenting on it at all.;A little harassing;1;2;2;1;88
"Well fuck the Palestinians then I guess. Sovereignty? Consent of the people? Never heard of it. No, foreigners just get to take their land. Their will be damned.

There's literally no human on this planet that is indigenous to exactly one place and it's pretty anti Semitic (and logically absurd) to imply Jews don't belong in their countries but in this random area in the middle East. 

Imagine if we up and decided to reverse every human migration in the last 2000-3000 years. 

Let's hand over Africa to the Europeans while we're at it. All humans come from Africa after all.";Harassing;2;2;2;1;88
Libertarian Asshole Billionaire Does Libertarian Asshole Billionaire things. News at 11.;A little vulgar;1;3;2;1;88
I’m kinda bummed this is downvoted.  Don’t usually care about that shit either.;Non vulgar;0;3;2;1;88
Well it's different in the sense that Scottish independence makes a fuck of a lot more sense than Brexit.;Non vulgar;0;3;2;1;88
i havent listened yet cus its not out in the states but this shit is getting me really excited for it;A little vulgar;1;3;2;1;88
PayPal is still assho;Non vulgar;0;3;2;1;88
"I will massacre all G*mers on June 20tg

-Xi Jin pIng";Extremely violent;3;4;2;1;88
what happens if I want to kill you;Violent;2;4;2;1;88
Or they could die and Madi will be left there forever and starve to death;Extremely violent;3;4;2;1;88
If you cross them, they'll shoot you with guns your taxes paid for.;Extremely violent;3;4;2;1;88
Your entire family will be sacrificed to Satan;Extremely violent;3;4;2;1;88
Basspod and cosmic meadows. I can count how many times I've been to the main stage on one hand. I hate  it over there.;Non toxic;0;0;3;1;89
"Most of their employees work as makeup and skincare artists in their stores. At a time like this, it is not safe for employees to be touching faces of clients and then proceeding to touch product. It is very dangerous.

While I agree that firing via conference call is rude, I have to wonder if they decided to do that to avoid having bosses tell them in person (which would not be social distancing).

I do have to wonder if I'd do the same thing.";Non toxic;0;0;3;1;89
America in 1944;Non toxic;0;0;3;1;89
It was also with a grudge with the the concrete place I believe.;Non toxic;0;0;3;1;89
I prefer mental pain over physical pain. I just feel like i had enough physical pain in my life. And about mental pain - i just tend to forget stuff, not take it too seriously, or let myself think much about it;Non toxic;0;0;3;1;89
"Oh no Whites are angry about Ahmaud Arbery and how the McMichaels were framed as racists! Better go burn down affordable housing! 

See how this doesn’t work? The cop was already getting investigated. The regular protests and social media awareness raising was WORKING. Now you’ve muddied everything up with a bunch nigger monkeys throwing shit everywhere and setting buildings ablaze which mind you could have killed people.

I have no respect for the rioters, in many other countries they’d be shot and rightfully so.";A little racist;1;1;3;1;89
Bruh, you have to be super turbo gay to not want to fuck Ivanka.;Racist;2;1;3;1;89
"&gt;Different rules for different people encourages hate

You have yet to explain how not protecting majorities from certain kinds of hatred *encourages* hatred against that group of people. You don't create more racists against white people just because ""fuck you whitey"" isn't removed, but ""fuck you nigger"" is.

Again, I don't personally agree with making this distinction, but it's there, and acknowledging that does not *encourage* hatred of majorities. 

You people are so fucking DESPERATE to be victims, it's pathetic.";Racist;2;1;3;1;89
if you are gay and vote republican you are just stupid.;Racist;2;1;3;1;89
"Wait if they already conflated "" jogger"" with ""nigger"", how is white people jogging going to be seen as racist? Aren't they also ""joggers""";Extremely racist;3;1;3;1;89
Jimmy Dore is right... wing’s useful idiot.;Harassing;2;2;3;1;89
How do you know what the fuck I've achieved you absolute clown. I don't work a labor job. I went to college, I've worked office, white collar jobs since I was 18 years old. I'm simply advocating for better life circumstances for the average person. Maybe its hard for you to understand having empathy for people who have it worse than you.;Harassing;2;2;3;1;89
Nah dude, fuck Kanye. He sampled 21st century schizoid man without Fripp's or DGM's permission. I don't care if Greg lake liked how the song was implemented, Kanye really stole intellectual property.;Harassing;2;2;3;1;89
Holding a firearm isn’t instigation dipshit, unless you’re a boot licking pussy;Harassing;2;2;3;1;89
Man fuck anyone that is trying to defend or normalize any form of that shit. Idk if they say they cant help it or what ever disgusting argument they come up with castrate every single one of these piles of human waste.;A little harassing;1;2;3;1;89
Coffee oatmeal with low cal sweetner is the shit;Vulgar;2;3;3;1;89
About to drop a bomb ass single on a wedding and surprise some children at a hospital.;Extremely vulgar;3;3;3;1;89
Lol what kind of classist shit is this;Vulgar;2;3;3;1;89
shits heating up;Extremely vulgar;3;3;3;1;89
Yeah that's my point, that's the shit libs fawn over, not leftists;Extremely vulgar;3;3;3;1;89
Sign my petition or I'll follow you home and kill your dog.;Extremely violent;3;4;3;1;89
If I were PCG I'd burn your house down again too;Violent;2;4;3;1;89
I want her dad to die! She can think whatever she wants;Extremely violent;3;4;3;1;89
If you're white and use your gun to defend yourself, you'll be arrested as a racist and get life in jail.;Extremely violent;3;4;3;1;89
I hope he gets beat up;Extremely violent;3;4;3;1;89
Basspod and cosmic meadows. I can count how many times I've been to the main stage on one hand. I hate  it over there.;Non toxic;0;0;3;1;90
"Most of their employees work as makeup and skincare artists in their stores. At a time like this, it is not safe for employees to be touching faces of clients and then proceeding to touch product. It is very dangerous.

While I agree that firing via conference call is rude, I have to wonder if they decided to do that to avoid having bosses tell them in person (which would not be social distancing).

I do have to wonder if I'd do the same thing.";Non toxic;0;0;3;1;90
America in 1944;Non toxic;0;0;3;1;90
It was also with a grudge with the the concrete place I believe.;Non toxic;0;0;3;1;90
I prefer mental pain over physical pain. I just feel like i had enough physical pain in my life. And about mental pain - i just tend to forget stuff, not take it too seriously, or let myself think much about it;Non toxic;0;0;3;1;90
"Oh no Whites are angry about Ahmaud Arbery and how the McMichaels were framed as racists! Better go burn down affordable housing! 

See how this doesn’t work? The cop was already getting investigated. The regular protests and social media awareness raising was WORKING. Now you’ve muddied everything up with a bunch nigger monkeys throwing shit everywhere and setting buildings ablaze which mind you could have killed people.

I have no respect for the rioters, in many other countries they’d be shot and rightfully so.";Racist;2;1;3;1;90
Bruh, you have to be super turbo gay to not want to fuck Ivanka.;Racist;2;1;3;1;90
"&gt;Different rules for different people encourages hate

You have yet to explain how not protecting majorities from certain kinds of hatred *encourages* hatred against that group of people. You don't create more racists against white people just because ""fuck you whitey"" isn't removed, but ""fuck you nigger"" is.

Again, I don't personally agree with making this distinction, but it's there, and acknowledging that does not *encourage* hatred of majorities. 

You people are so fucking DESPERATE to be victims, it's pathetic.";Extremely racist;3;1;3;1;90
if you are gay and vote republican you are just stupid.;Racist;2;1;3;1;90
"Wait if they already conflated "" jogger"" with ""nigger"", how is white people jogging going to be seen as racist? Aren't they also ""joggers""";Racist;2;1;3;1;90
Jimmy Dore is right... wing’s useful idiot.;Harassing;2;2;3;1;90
How do you know what the fuck I've achieved you absolute clown. I don't work a labor job. I went to college, I've worked office, white collar jobs since I was 18 years old. I'm simply advocating for better life circumstances for the average person. Maybe its hard for you to understand having empathy for people who have it worse than you.;A little harassing;1;2;3;1;90
Nah dude, fuck Kanye. He sampled 21st century schizoid man without Fripp's or DGM's permission. I don't care if Greg lake liked how the song was implemented, Kanye really stole intellectual property.;A little harassing;1;2;3;1;90
Holding a firearm isn’t instigation dipshit, unless you’re a boot licking pussy;Harassing;2;2;3;1;90
Man fuck anyone that is trying to defend or normalize any form of that shit. Idk if they say they cant help it or what ever disgusting argument they come up with castrate every single one of these piles of human waste.;Harassing;2;2;3;1;90
Coffee oatmeal with low cal sweetner is the shit;Non vulgar;0;3;3;1;90
About to drop a bomb ass single on a wedding and surprise some children at a hospital.;Extremely vulgar;3;3;3;1;90
Lol what kind of classist shit is this;Vulgar;2;3;3;1;90
shits heating up;Vulgar;2;3;3;1;90
Yeah that's my point, that's the shit libs fawn over, not leftists;Vulgar;2;3;3;1;90
Sign my petition or I'll follow you home and kill your dog.;Extremely violent;3;4;3;1;90
If I were PCG I'd burn your house down again too;Extremely violent;3;4;3;1;90
I want her dad to die! She can think whatever she wants;Extremely violent;3;4;3;1;90
If you're white and use your gun to defend yourself, you'll be arrested as a racist and get life in jail.;Extremely violent;3;4;3;1;90
I hope he gets beat up;Extremely violent;3;4;3;1;90
Dream theater - endless sacrifice;Non toxic;0;0;1;1;91
A select few could same as only a select few men could;Non toxic;0;0;1;1;91
or a yuumi/nami/lulu/zilean/ any enhancer plays on his team.;Non toxic;0;0;1;1;91
America in 1944;Non toxic;0;0;1;1;91
He may own the cat but that doesn’t give him the right to abuse it;Non toxic;0;0;1;1;91
And gays are ACTUALLY beheaded/stoned/hanged.;Racist;2;1;1;1;91
It’s creepy weird race fetishization and your fucking name is FuckAsianBitches. I hope an Asian girl never comes within 30 feet of you.;Racist;2;1;1;1;91
She rules your gay;Racist;2;1;1;1;91
"A jew, a Mexican and a coloured fella walk into a bar

The bartender says: ""get the fuck out of here""";Racist;2;1;1;1;91
You're gay if you don't;Racist;2;1;1;1;91
You ever fuck with Papooze? They're pretty tight french lofi pop/dance.;Harassing;2;2;1;1;91
Sucking the diversity dick in the title there, OP;Harassing;2;2;1;1;91
"&gt; the problem is mostly due to the black community, they commit crimes like it's their job

Huh, maybe generational slavery and segregation and racism makes people far more likely to be poor, and maybe poor people commit more crimes. It's almost like black people are humans like everyone else.

&gt;I'm all for more and better training for cops, but until the black community gets the message that they're the biggest part of their own problems then nothing will get better.

People like you have been screaming this for generations, ignoring the blatant racism and discrimination suffered by black people. The horse is dead. Stop beating it.

&gt;The left doesn't believe in truth, they think that it's an invention and that it can be reinvented

You're the one denying *blatant reality* buddy. You live in an echochamber. You're arrogantly ignorant. Pull your head out of your ass and stop thinking you understand jack fucking shit.";A little harassing;1;2;1;1;91
Jimmy Dore is right... wing’s useful idiot.;A little harassing;1;2;1;1;91
Jim Jeffrey was caught out on camera being racist and drawing black people he was trying to jebait Avi yemini in a interview to say something racially charged so he could deceptively edit it for culture/identity politics points. Except he didn't bank on Avi secretly recording the entire interview and releasing it...Jim fucking disappeared and the msm covered his racist fucking deplorable ass by not commenting on it at all.;A little harassing;1;2;1;1;91
“Affordable” means “I am a shit lib”;Non vulgar;0;3;1;1;91
They deserve waaay more shit for promoting fascism in 2016;A little vulgar;1;3;1;1;91
He still got a shot at 1k yards. Just needs 250 a game for the last 3! Easy shit;Non vulgar;0;3;1;1;91
Why would you steal shit made in China?;Vulgar;2;3;1;1;91
"Nigger nigger nigger

Psa you can edit comments after they ban your account";Vulgar;2;3;1;1;91
You kill me your betta, I kill you I’m betta;Extremely violent;3;4;1;1;91
Death to capitalism;Violent;2;4;1;1;91
what happens if I want to kill you;Violent;2;4;1;1;91
If you cross them, they'll shoot you with guns your taxes paid for.;Extremely violent;3;4;1;1;91
DEATH TO THE WASP SCUM;Violent;2;4;1;1;91
Dream theater - endless sacrifice;Non toxic;0;0;1;1;92
A select few could same as only a select few men could;Non toxic;0;0;1;1;92
or a yuumi/nami/lulu/zilean/ any enhancer plays on his team.;Non toxic;0;0;1;1;92
America in 1944;Non toxic;0;0;1;1;92
He may own the cat but that doesn’t give him the right to abuse it;Non toxic;0;0;1;1;92
And gays are ACTUALLY beheaded/stoned/hanged.;Racist;2;1;1;1;92
It’s creepy weird race fetishization and your fucking name is FuckAsianBitches. I hope an Asian girl never comes within 30 feet of you.;Racist;2;1;1;1;92
She rules your gay;Racist;2;1;1;1;92
"A jew, a Mexican and a coloured fella walk into a bar

The bartender says: ""get the fuck out of here""";A little racist;1;1;1;1;92
You're gay if you don't;Racist;2;1;1;1;92
You ever fuck with Papooze? They're pretty tight french lofi pop/dance.;Harassing;2;2;1;1;92
Sucking the diversity dick in the title there, OP;Harassing;2;2;1;1;92
"&gt; the problem is mostly due to the black community, they commit crimes like it's their job

Huh, maybe generational slavery and segregation and racism makes people far more likely to be poor, and maybe poor people commit more crimes. It's almost like black people are humans like everyone else.

&gt;I'm all for more and better training for cops, but until the black community gets the message that they're the biggest part of their own problems then nothing will get better.

People like you have been screaming this for generations, ignoring the blatant racism and discrimination suffered by black people. The horse is dead. Stop beating it.

&gt;The left doesn't believe in truth, they think that it's an invention and that it can be reinvented

You're the one denying *blatant reality* buddy. You live in an echochamber. You're arrogantly ignorant. Pull your head out of your ass and stop thinking you understand jack fucking shit.";Harassing;2;2;1;1;92
Jimmy Dore is right... wing’s useful idiot.;Harassing;2;2;1;1;92
Jim Jeffrey was caught out on camera being racist and drawing black people he was trying to jebait Avi yemini in a interview to say something racially charged so he could deceptively edit it for culture/identity politics points. Except he didn't bank on Avi secretly recording the entire interview and releasing it...Jim fucking disappeared and the msm covered his racist fucking deplorable ass by not commenting on it at all.;Non harassing;0;2;1;1;92
“Affordable” means “I am a shit lib”;Extremely vulgar;3;3;1;1;92
They deserve waaay more shit for promoting fascism in 2016;Vulgar;2;3;1;1;92
He still got a shot at 1k yards. Just needs 250 a game for the last 3! Easy shit;A little vulgar;1;3;1;1;92
Why would you steal shit made in China?;Extremely vulgar;3;3;1;1;92
"Nigger nigger nigger

Psa you can edit comments after they ban your account";Non vulgar;0;3;1;1;92
You kill me your betta, I kill you I’m betta;Extremely violent;3;4;1;1;92
Death to capitalism;Non violent;0;4;1;1;92
what happens if I want to kill you;Violent;2;4;1;1;92
If you cross them, they'll shoot you with guns your taxes paid for.;Extremely violent;3;4;1;1;92
DEATH TO THE WASP SCUM;Extremely violent;3;4;1;1;92
"For your future reference, you know that white nationalists, black supremacists, La Raza and other identitarian groups don't actually place the emphasize on skin color, right? It's the history of the people, their culture, their sense of community, and their values that matters more. That's why everybody laughs when leftists try and talk about ""brown"" people as though thousands of different nationalities can somehow be united by their melanen content.

Obviously, you don't have to agree with them, but at least don't go into these discussions looking uninformed.";Non toxic;0;0;4;1;93
They argue that it's actually the Nazis dumping CP then blaming them therefore they haven't done anything. One of their admins even posted a full blown conspiracy theory about it to indoctrinate their light followers.;Non toxic;0;0;4;1;93
"Yes! In many places you are better off getting unemployment than working part-time. 

Not to mention that Sephora employees normally have to touch people's faces and skin, which is a big no-no in this situation. They are safer on unemployment";Non toxic;0;0;4;1;93
Incapacitated permanently;Non toxic;0;0;4;1;93
Had him for intro to Sociology in my senior year.  Last remaining core class. Class was so interesting made me think I might’ve made a mistake choosing my major. One of the few classes I remember things from almost 20 years later. RIP professor.;Non toxic;0;0;4;1;93
Yes many Europeans are also racist white people fucking shocker there...;Non racist;0;1;4;1;93
I assume you are white and don't have to live as a black person where Confederates and slavery are celebrated you absolutely privileged fuckhead;A little racist;1;1;4;1;93
Stupidpol is a subreddit about being gay with your dad;Racist;2;1;4;1;93
Your number one least worst is literally part of what makes cops kill black people.;Extremely racist;3;1;4;1;93
Like damn these Karen's cant just disturb the peace. They gotta harass the young, minorities and choke the heck out of their poor dog while doing it.;Extremely racist;3;1;4;1;93
You're pretty ugly.;A little harassing;1;2;4;1;93
to be fair, a phone is personal property not private property. so that kid can fuck off;A little harassing;1;2;4;1;93
"Drew is one person, I never supported attacking him, no individual supercell employee is to blame.


Besides, I have a gut feeling that the assholes who are cash grabbing are the dumbfucks up at Tencent who bought a majority share.


All together now: fuck Tencent";Harassing;2;2;4;1;93
Busy body idiots with nothing else to do lol.;A little harassing;1;2;4;1;93
"&gt;actually a chad IRL 

Either your flair is lying or you're lying now. 

Either way I'm gonna hunt you down and fuck your ass";Extremely harassing;3;2;4;1;93
Except he doesn't spout bullshit lol;Vulgar;2;3;4;1;93
"Russia backed up us along the west coast when the French and Brits tried fucking with us 

History has been rewritten my McGraw/Hill etc";Non vulgar;0;3;4;1;93
"Uhh...

Lancer Armour? I think that's it?

Nono, I'll ask one better, someone justify Crystalbeard Uragaan. That thing is damned pointless.

Oh and fuck his new Master Rank spicy rollout thing. Because I didn't need yet more things to force me to stop guarding everything because fireblight.";A little vulgar;1;3;4;1;93
What kind of shitty olives do you people have?;A little vulgar;1;3;4;1;93
"Weirdly enough, the first true 2nd Sister fight was my biggest problem. That and the fucking bat on Dathomir. I hate that thing.

I died once to 9th Sister when my controller ran out of battery towards the end of her fight. Can’t believe Respawn didn’t add an auto-pause for the game when that happens, it’s a standard feature.";Vulgar;2;3;4;1;93
pedo die die die;Violent;2;4;4;1;93
Killing yourself with the intent to kill yourself;Extremely violent;3;4;4;1;93
Because she killed the man and I HOPE SHE BURNS IN HELL!;Extremely violent;3;4;4;1;93
DEATH TO THE WASP SCUM;A little violent;1;4;4;1;93
IM AS HIGH AS HELL AND YOURE ABOUT TO GET SHOT;A little violent;1;4;4;1;93
"&gt; USPS is on the brink of financial failure. 

Because Congress forced them to prefund pensions not because they're somehow inept.";Non toxic;0;0;1;0;94
Contrary to popular opinion lately, this isn’t a coronavirus sub. Posts need to at least be loosely connected to Lowe’s. That said, I wouldn’t post this anyway based on quality of the research. This is one scientist saying something. It hasn’t been peer reviewed, hasn’t been accepted by the WHO, and could easily be disputed by a dozen other scientists for all we know. At the end of the day, it’s just not something that needs to be here. Check out r/china_flu. I look at that site a lot for this kind of stuff.;Non toxic;0;0;1;0;94
"The first post and I was like ""same""

Mad about money being exchanged for goods and services";Non toxic;0;0;1;0;94
I'll probably enjoy it more than Buck and Aikman;Non toxic;0;0;1;0;94
Mmm lemon flavor;Non toxic;0;0;1;0;94
"Jews didn't all leave, Jews were still there when the first retarded Arab showed up you imam sucking faggot.   
Arab Palestinians never owned the land, never had a state there.   
You are the ultimate simp unironically believing that Arabs have the right to steal other peoples lands and get away with it.   
Oh and again, no.   
Schizo is what Arabs are being, stealing land and terrorizing the inhabitants for over a century then playing the victim card.   
Disgusting betamale.";Non racist;0;1;1;0;94
Black people have lost their fucking minds.;Racist;2;1;1;0;94
Stfu you gAyTF IRS agent. This is America;A little racist;1;1;1;0;94
White PMC gays are the worst;Racist;2;1;1;0;94
Our country is trash full of trash people. Americans are so fucking disgusting. It sickens me tbh.;Extremely racist;3;1;1;0;94
You realize that people feel this way because whites are so racist, right? You probably wouldn’t understand that though. Alt-right asshole.;Harassing;2;2;1;0;94
You're pretty ugly.;A little harassing;1;2;1;0;94
Lil bastard shouldnt have been poppin off at the mouth with all that shit;Harassing;2;2;1;0;94
Uhh, no. Very much it did not. What are you talking about? Not EU. Wrong, bitch.;Non harassing;0;2;1;0;94
A bunch of rich fucks who have never protested anything in their lives, and pathetic attendance in any case;Harassing;2;2;1;0;94
Words have set definitions. I know your cult has taught you they don't and that some definitions are culturally constructed or some shit, but that's bullshit.;Extremely vulgar;3;3;1;0;94
"I got downvoted for telling everyone here that Wiggins was fucking hopeless

He’s a career replacement level player 7 years in. 0.2 CAREER VoRP. He’s a negative asset and it was a stupid trade

There are three above average players on the entire roster, and Wiggins isn’t one of them";Extremely vulgar;3;3;1;0;94
"Calling someone homophobic isn't burying someone. It's proving you've taken the gay pill, and will gladly present your ripe asshole to the Marxist fa\**ots that want to see your country gone, and your children re-educated and pumped full of hormones.

And I can't see your bio on mobile. Let me guess, you got the autism, so it's ok to be playing with toys as a grown ass man?";Extremely vulgar;3;3;1;0;94
That would hurt like shit if you landed wrong;Extremely vulgar;3;3;1;0;94
This is quite possibly the only time you get to pretend you are a scavenger in a post apocalyptic wasteland.  Wear the shit out of that gasmask;A little vulgar;1;3;1;0;94
And then he rapes you;Extremely violent;3;4;1;0;94
I hope he burns in hell.;Extremely violent;3;4;1;0;94
Your really confident it wont be your wife/mother/daughter that gets raped and murdered “for the greater good”.;Extremely violent;3;4;1;0;94
They will kill you.;Violent;2;4;1;0;94
Yes, but I’ll be shot for being considered a liberal after a glorious global communism is established, and you’ll be shot very early on in the process because you’ll be playing with your dads handgun and accidentally shoot your dick off and bleed out.;Extremely violent;3;4;1;0;94
"In the Greek text it is two different translations... for example:

1 John 4:18 “Φόβος”  to be afraid...

1 Peter 2:17 “φοβεῖσθε,” to have great respect, revere...


If you’re going to try and find contradictions in the Bible at least go to the original texts.  It would clear a lot of misunderstandings.";Non toxic;0;0;1;1;95
No Amazon listed on the 23rd? Gonna get calls for that;Non toxic;0;0;1;1;95
I take it OP is child free.;Non toxic;0;0;1;1;95
"&gt;vote with your wallet

Exactly. It's only continuing because it works financially for the companies that release it. Business goes where the money is.";Non toxic;0;0;1;1;95
apparently, he can’t kill or stop him in jail.;Non toxic;0;0;1;1;95
"Then u will go to jail and throw ur life away probably. Last thing ur family would want is to throw ur life away killing some degenerate. Im a regular nigga to, difference is I dont think killing other niggas solves any issues and is exactly what they want u to do 🤔


Edit - imo there is a huge difference snitching on a dude for selling drugs or some other petty shit and snitching on them for literally murdering an innocent person 🤷🏽‍♂️";A little racist;1;1;1;1;95
fucking anarchists in the 1800s were saying being gay is cool, god anarchists are ahead;Racist;2;1;1;1;95
straight guys don't look at other guy's penises for fear that they will turn gay or something;Racist;2;1;1;1;95
Lmfao BLM gives no Fucks about whites;A little racist;1;1;1;1;95
Mods gay ya know. You need puzzy not peepee🤬;Racist;2;1;1;1;95
I looked it up. They paid taxes. You're retarded.;Harassing;2;2;1;1;95
"#ALL COPS ARE BASTARDS

Don't you bootlick them";Harassing;2;2;1;1;95
"Another """"fun"""" fact: the Direlwanger Brigade of the SS was investigated by the *Nazis* for War crimes and being rapists and pedophiles.

You know you're bad when the Nazis tell you to stop being so fucked up.";Harassing;2;2;1;1;95
"How fucked in the head do you have to be to see a strong and proud Jewish scalper and go straight to antisemitism?

 Many Jews are People of Profit and are some of the best in the game, to try and erase their experiences like this is the real antisemitism.";Extremely harassing;3;2;1;1;95
I’m so glad she ended up on Dragula instead. I recently started watching the seasons of RPDR for my fave mainstream queens (Trixie, Alaska, Katya) and it is so insanely frustrating to watch the original seasons (haven’t watched their all stars yet). If you’re not a pretty passing woman you have no chance. Like no one “got” Trixie’s drag so imagine having Evah on? Also, fuck RuPaul for being a transphobic, fracking, asshole.;A little harassing;1;2;1;1;95
They did the same thing to Ron Paul. Glad the other side can see some of the bullshit now.;A little vulgar;1;3;1;1;95
Sounds gayer than collecting shit calls;Vulgar;2;3;1;1;95
Oh hell no. That cat is my baby. I was giving him a bath one time and he was panicking, and went into a fit just laying there meowing. I thought I had hurt him and fucking panicked. Turns out he was just being dramatic and was acting out. As soon as I let him off the leash he got up and ran away looking at me hateful.;Vulgar;2;3;1;1;95
Ajajaja 😂😂😂🤣🤣🤣 clown 🤡🤡 i have  cum over heaven act four 😎😎😏😏😏😏😏🤣🤣🤣🤣🤑🤑🤑🤑🤑🤑 😆😆😆😆😂😂😂😂🤣🤣🤣🤣🤣😂😂😂🤣🤣🤣;Extremely vulgar;3;3;1;1;95
Oh shit the sixth gun! Love it;Vulgar;2;3;1;1;95
"If you murder 3 of your own children I hope you’re in hell. 

Keep making excuses if you want";Extremely violent;3;4;1;1;95
I hope he gets beat up;Extremely violent;3;4;1;1;95
How are u so sure other countries kill you guys off first;Extremely violent;3;4;1;1;95
Then you die;Violent;2;4;1;1;95
"When you raid: ""You're ugly, you're disgusting, I'm going to kill you. Give me 200 dollars.""";A little violent;1;4;1;1;95
"I say mind of God because those things cannot possibly all fit within the mind of a human, and also be operant in the universe as a whole.  Can you imagine a full chiliagon?  Or the complete Mandelbrot set?  

A part of us, called the *nous* can connect with these things, and even discover new ones the way a telescope views the heavens.  We can make that analogical bridge that allows us to communicate, impossible without metaphysical universals.";Non toxic;0;0;2;1;96
I prefer mental pain over physical pain. I just feel like i had enough physical pain in my life. And about mental pain - i just tend to forget stuff, not take it too seriously, or let myself think much about it;Non toxic;0;0;2;1;96
"The primary goal isn't just to defeat Trump. That's why Sanders calls his election bids a ""movement"" ""our revolution"" Sanders is running on fundamentally changing the way our country operates, Medicare for all, marginal tax rates increased on the wealthy, a 15 dollar minimum wage. People are angry because the DNC is fundamentally opposed to some of the positions Bernie takes, and the fact that there has been such antagonism from the media towards Sanders, the fact that the DNC openly stated that they can favor one candidate over another, a loss absolutely makes us feel cheated.";Non toxic;0;0;2;1;96
Not Noice;Non toxic;0;0;2;1;96
Ah Newsweek. The media equivalent of the never employed millenial who doesn’t pay rent, gets propped up my investor money, and is horrible to its staff.;Non toxic;0;0;2;1;96
Bruh China sucks major ass. Sending all their minorities to *reeducation* camps;Racist;2;1;2;1;96
"Pakistanis blindly follow Islam, shit on Hindus Buddists and Sikhs for 'worshipping statues', and praise the Mughal Empire.

Without knowing that their ancestors were Hindus, Buddists and Sikhs who were oppressed, subjugated and raped into Islam by the Mughals.";A little racist;1;1;2;1;96
ok well he also nuked a shit ton of japanese civilians so let's not suck his dick too hard;Racist;2;1;2;1;96
You are triggered! You hate black people!!!!;A little racist;1;1;2;1;96
What a bunch of pussy Italian players im Mexican and if for some fucking reason we got a cartel type of skin I wouldn’t give a fuck;Racist;2;1;2;1;96
"https://www.cdph.ca.gov/Programs/CID/DCDC/Pages/Face-Coverings-Guidance.aspx

I did, there is no mention of asthma at all on this link which is the CA guidelines for face coverings during COVID. Unless you can provide a link, you're a liar spreading misinformation to make a point, ya chucklefucking muppet.";A little harassing;1;2;2;1;96
Not fucking Reddit;Harassing;2;2;2;1;96
Mother fucker really just said “poop hole sex”;A little harassing;1;2;2;1;96
Only an idiot would think this is real.;A little harassing;1;2;2;1;96
You guys should get a fucking job! Dude!;Harassing;2;2;2;1;96
Libertarian Asshole Billionaire Does Libertarian Asshole Billionaire things. News at 11.;A little vulgar;1;3;2;1;96
Weird ass European shit actually.  While 90% of European descended peoples can handle lactose, that only accounts for 40% of the worlds population.   60% of the world population is lactose intolerant.;Vulgar;2;3;2;1;96
"Russia backed up us along the west coast when the French and Brits tried fucking with us 

History has been rewritten my McGraw/Hill etc";Extremely vulgar;3;3;2;1;96
"That's pretty fuckin' solid.

Jonny Atma did a [crazy good cover of Ellis's theme](https://www.youtube.com/watch?v=Qn8j9FG_3_o) because his wife requested it. 

All the solos on this OST (sax, guitar, etc) were preposterously intense.";A little vulgar;1;3;2;1;96
Doesn't she go on and on about hating being called inspirational? It's the same shit.;A little vulgar;1;3;2;1;96
"Also if you’re Uyghur or HKer you’ll literally be exterminated

Source: my ass";Violent;2;4;2;1;96
Bolsanaro should be the first leader to die;Extremely violent;3;4;2;1;96
And landlords should die;Extremely violent;3;4;2;1;96
Eww, refer to me as a disgusting subhuman Celt again and I'll blood eagle your mother.;Extremely violent;3;4;2;1;96
Lol i hope all your white imperialist shit holes burn in hell.;Extremely violent;3;4;2;1;96
Can have the template;Non toxic;0;0;1;0;97
Deal with it.;Non toxic;0;0;1;0;97
Cyclists not being self aware?  Im shocked!;Non toxic;0;0;1;0;97
For a budget snus, Mustang is super good. Working my way through a roll now.;Non toxic;0;0;1;0;97
Great Scott!;Non toxic;0;0;1;0;97
Nigga this stuff is such a bad example of good d1 armour that’s some bland shit if I’ve ever seen it;A little racist;1;1;1;0;97
"&gt;Different rules for different people encourages hate

You have yet to explain how not protecting majorities from certain kinds of hatred *encourages* hatred against that group of people. You don't create more racists against white people just because ""fuck you whitey"" isn't removed, but ""fuck you nigger"" is.

Again, I don't personally agree with making this distinction, but it's there, and acknowledging that does not *encourage* hatred of majorities. 

You people are so fucking DESPERATE to be victims, it's pathetic.";A little racist;1;1;1;0;97
the guy is a holocaust denier and outright nazi fuck, don't fall for his bullshit;A little racist;1;1;1;0;97
brenda spread that shit like herpes in a gay frat.;Non racist;0;1;1;0;97
"New Black Panther Party:

“Our lessons talk about the bloodsuckers of the poor. …  It’s that old no-good Jew, that old imposter Jew, that old hooked-nose, bagel-eating, lox-eating, Johnny-come-lately, perpetrating-a-fraud, just-crawled-out-of-the-caves-and-hills-of-Europe, so-called damn Jew … and I feel everything I’m saying up here is kosher.”

— Khalid Abdul Muhammad, one of the party’s future leaders, Baltimore, Maryland, February 19, 1994.


“Kill every goddamn Zionist in Israel! Goddamn little babies, goddamn old ladies! Blow up Zionist supermarkets!”

— Malik Zulu Shabazz, the party’s former national chairman, protesting at B’nai B’rith International headquarters in Washington, D.C., April 20, 2002.


“I hate white people. All of them. Every last iota of a cracker, I hate it. We didn’t come out here to play today. There’s too much serious business going on in the black community to be out here sliding through South Street with white, dirty, cracker whore bitches on our arms, and we call ourselves black men. … What the hell is wrong with you black man? You at a doomsday with a white girl on your damn arm. We keep begging white people for freedom! No wonder we not free! Your enemy cannot make you free, fool! You want freedom? You going to have to kill some crackers! You going to have to kill some of their babies!”

— King Samir Shabazz, former head of the party’s Philadelphia chapter, in a National Geographic documentary, January 2009.


“It’s the cracker doing that…our people have always fought against the cracker.”

— Krystal Muhammad speaking about Jim Crow laws in Soweto, South Africa, June 2016.";A little racist;1;1;1;0;97
"Republicans win: they jack up my taxes because they hate my state and all its people.  Dems win: they craft a stimulus that is designed to fuck me and everyone I know... because if our lives and jobs and families were magically transported to someplace cheaper, we would be rich.  I can't pay my mortgage with white privilege, you fucking clowns.

The Dems are going to lose the House and Senate in 22 so hard.";Harassing;2;2;1;0;97
she has dyed hair, a septum piercing and her @ is pussybitch. Probably pro onlyfans. She's not a puritan, just retarded;Harassing;2;2;1;0;97
Mother fucker really just said “poop hole sex”;Harassing;2;2;1;0;97
im a fucking moron, someone linked cap olympic change plates on amazon when they were in stock, i just needed a pair of 5s so i ordered them. didn't realize i ordered a *single* 5. I'm so mad at myself lmfao, back to fucking searching;Harassing;2;2;1;0;97
"this is a stupid statement “80%+ of nonces who are white” 

in britain the native population is white what do you expect? 

that’s leaves 20% attributed to immigrants? which is fucking awful.";A little harassing;1;2;1;0;97
"&gt;With the UK's history of moving from monarchy to rule by the people and instilling rights and freedoms, I don't understand why you wouldn't trust them.

Lmao 
what the actual fuck.";Vulgar;2;3;1;0;97
"Complaining about 'real victims' while using every tactic in the far right playbook to smear and harass a victim of a powerful man with a history of inappropriate behavior.

At least fascists don't pretend to give a shit. What a slimy ugly disgusting worthless human being. Take your hentai and die of covid, Eichenwald.";Vulgar;2;3;1;0;97
NJTP optics and timing are shitty.;A little vulgar;1;3;1;0;97
"That grandma keep her pump hand strong!!! Slappin bitches straight in to a choke hold death by curtain. 

Teach me the dark arts granny";A little vulgar;1;3;1;0;97
"I hate to say it, but relying on allies seems like a reasonable plan. They aren't going to attack Australia, and being able to project power much further is very expensive, too expensive for a peaceful nation.

But Kiwi troops have always been ready and capable to help their allies. It's like saying ""me and the boys will fuck some shit up with you, but you gotta give us a ride.""";Vulgar;2;3;1;0;97
Then I’m gonna have to kill more people;Extremely violent;3;4;1;0;97
I hope they all choke on their own lung fluid;Extremely violent;3;4;1;0;97
Because when you rape, murder, and torture a kid for months on end until they die (or do the above at all), you deserve to die yourself. But please tell me why a child rapist, murderer doesn’t deserve to die;Extremely violent;3;4;1;0;97
I hope he gets the most painfull death possible;Extremely violent;3;4;1;0;97
"""I hope your kids die of AIDS!""";Extremely violent;3;4;1;0;97
"&gt;  Prepare for global pillow wars.

Careful what you wish for. [Don't want another fort Pillow massacre](https://en.wikipedia.org/wiki/Battle_of_Fort_Pillow).";Non toxic;0;0;2;1;98
"Ja. Pa Leafyishere je back in uploadov nov video
https://youtu.be/071AYFk-7Uo";Non toxic;0;0;2;1;98
I’m still allowed to have an opinion;Non toxic;0;0;2;1;98
"&gt;This is The Logical conclusion you are either too naive we're too far into your ideological Echo chamber to see.

I find that very ironic coming from you";Non toxic;0;0;2;1;98
I will also admit that I had no idea who this man is.;Non toxic;0;0;2;1;98
"If you can’t stop being gay die

-WBC";Racist;2;1;2;1;98
"""Women are too stupid/dumb/incompetent to use guns""  
  -Liberals";Racist;2;1;2;1;98
We're all gay for each other. And non of that lame nO hOMo bullshit. Oh, very much yes full homo. Sweetie, it's 2020, be gay or be gone.;Non racist;0;1;2;1;98
"&gt;**This is why liberals hate us**. Stop with the stupid fucking Castro drama teacher garbage

You honestly believe that??

Conservatives could praise PM Blackface 24/7 and they'd still hate you. To them, conservatives are all racist, sexist inbreds who hate minorities and women.";A little racist;1;1;2;1;98
Fuck off, fascist.  White Nationalists are invariably White supremacists.;A little racist;1;1;2;1;98
"How fucked in the head do you have to be to see a strong and proud Jewish scalper and go straight to antisemitism?

 Many Jews are People of Profit and are some of the best in the game, to try and erase their experiences like this is the real antisemitism.";Harassing;2;2;2;1;98
Warrens plan was absolutely NOT comprehensive, you liar. And every bit of sanders plan was outlined but maybe it was too much for you too understand? Doubt you even checked, neoliberals do not give a fuck in the end.;A little harassing;1;2;2;1;98
"When you ban a subreddit or discord, you don't prove them wrong, only that you fear what they say. Fuck censorship. All flavors. 

The blacklisting of undesireables, be it Ex-President Trump or Wall Street Bets, is fucking creeps";Harassing;2;2;2;1;98
lol my falco sucks dick, i'm speaking as a spectator more than anything so take what I say however you want. But yeah, fuck Icies.;Harassing;2;2;2;1;98
Mentally ill pieces of shit.;A little harassing;1;2;2;1;98
"Why are you torturing your poor mom by making her deal with your relationship mess? Doesn't she have enough going on right now? 

As gently as I can say it: Grow a pair and deal with it. This is your circus, not hers. Kick his ass out and cut off all contact.";Non vulgar;0;3;2;1;98
Can't turn shit into diamonds every time.;A little vulgar;1;3;2;1;98
and sure as shit didn't get there by begging our masters to be a bit nicer;A little vulgar;1;3;2;1;98
Damn.  Wrekt.;Non vulgar;0;3;2;1;98
"ewww...gross. they're terrible together and not just emotionally. britta says something very interesting (regarding the quality of their sex) in season five.

pie to the face, bitch.";A little vulgar;1;3;2;1;98
"""They deserve to be annihilated"" and you deserve to be catfished";Extremely violent;3;4;2;1;98
If you cross them, they'll shoot you with guns your taxes paid for.;Violent;2;4;2;1;98
I hope you get the virus and die choking for air tbh. You would deserve. It. People like you are a cancerous tumor that needs to be cut out.;Extremely violent;3;4;2;1;98
Maybe someone should choke you and your immediate family to death, see how you like it;Extremely violent;3;4;2;1;98
what happens if I want to kill you;Extremely violent;3;4;2;1;98
Hahhahahahhahahahahhahaha;Non toxic;0;0;2;0;99
I came here to ask this.  It's obviously the first thing that will pop into your head when reading the article.;Non toxic;0;0;2;0;99
good taste in cymbals. That brand is underrated asf;Non toxic;0;0;2;0;99
Baje je ene 100 ljudi umrlo leta 1989 na kitajskem trgu. Se ne ve zakaj;Non toxic;0;0;2;0;99
Oh, okay, so the only measure of difficulty in a job is how much you use your muscles.  Good to know. Thanks for that bit of incredible wisdom.;Non toxic;0;0;2;0;99
Stfu @u/communism_- you a bitch you the nigga in health class that said “it’s not weird” when the teacher talked about foot fetishes;A little racist;1;1;2;0;99
Burnt like Jews;Racist;2;1;2;0;99
Fellas, is it gay to wash your ass;Racist;2;1;2;0;99
Fuck off, fascist.  White Nationalists are invariably White supremacists.;Racist;2;1;2;0;99
"Who is ""we""? White people? Were you mad at black people in general? Did you talk about fellow whites as ""your people""?

This guy is a racist pos and will end up fucking up the 2A for all of us.";A little racist;1;1;2;0;99
"Republicans win: they jack up my taxes because they hate my state and all its people.  Dems win: they craft a stimulus that is designed to fuck me and everyone I know... because if our lives and jobs and families were magically transported to someplace cheaper, we would be rich.  I can't pay my mortgage with white privilege, you fucking clowns.

The Dems are going to lose the House and Senate in 22 so hard.";A little harassing;1;2;2;0;99
That Vader was a moron, why tf would he run right at you;A little harassing;1;2;2;0;99
"Why are you being a douche bag to someone asking a legit question?

The stuff they do in Chicago PD literally throws off my suspension of disbelief because these idiots would be fired and sued in a heartbeat";A little harassing;1;2;2;0;99
If you're gonna act like your fucking opposites then what's the point of this fucking shit anymore? Just drop the god damn facade and get this cold civil war hot already;A little harassing;1;2;2;0;99
"I sure do love it when privileged fucks go on about how everyone else is privileged.

please go tell the Black families whose family members were blackbagged or assassinated after Ferguson under President Obama how they are all ""privileged"" for saying it's no different than when Republicans did the same.

please go tell all the Hispanic families that were torn apart by Obama's anti-immigration policies how they are all ""privileged"" for saying it's no different than when Republicans did the same.

please go tell all the Muslim families that have been displaced and murdered by the continuation of the illegal wars in the Middle East that Obama not only failed to exit from but put even more troops in how they are all ""privileged""  for saying it's no different than when Republicans did the same.

in reality, only a white person could say the shit you say and actually think you are helping by going ""durrrr it ganna be bettur for everyone without drumpf."" He didnt build the concentration camps, he didnt militarize sports, he didnt give military hardware to the police: Democrats did that shit (and in Biden's case, he LITERALLY SPONSORED THE FUCKING BILL THAT MILITARIZED THE POLICE). And that is literally my point shitbird, the corporate centrists enabled all of this to happen, but you useless meatbags are only upset when they toss the keys to a fascist and they predictably utilize literally all the tools that corporate centrists created.

take all the fucking seats you waste of hot air. none of you brunch libs gave a SHIT about the marginalized until a Republican was in charge. And now that a Democrat is heading back to the White House, your brunch plans are back on and your weekend, permit-only protests are over. Meanwhile, the marginalized people (that you claim to care about) are going to continue to be persecuted, harassed, displaced, and murdered because the extent of your political discourse is ""orange man bad.""";Harassing;2;2;2;0;99
"The last Star Wars trilogy was pozzed as fuck and it's been liberal since the beginning. 

&amp;#x200B;

Never played COD can't comment on that one.";A little vulgar;1;3;2;0;99
Except he doesn't spout bullshit lol;A little vulgar;1;3;2;0;99
Ok genuine question, if it has been demostrated that Troy was in western anatolia how the fuck could the Odyssey take place in the baltic?;A little vulgar;1;3;2;0;99
"Lmao at that radlib crying about ""out of context clips and bad faith arguments."" 

I don't give a fuck what the context is, there is **NO** correct context for calling LGBT people or people with mental illnesses ""subhumans.""";Vulgar;2;3;2;0;99
1st time a private bizness man with a multi-million buck portfolio that he acquired before public service. I would'nt want you to look at my shit either.;A little vulgar;1;3;2;0;99
But these bones’ll kill ya;Violent;2;4;2;0;99
Hopefully he’ll kill all those nazis living on the dark side of the moon while he’s there.;Extremely violent;3;4;2;0;99
They will kill you.;Extremely violent;3;4;2;0;99
Hope she gets skinned alive i wanna see her fucking head on a pike;Extremely violent;3;4;2;0;99
Kill them. Kill them now;Extremely violent;3;4;2;0;99
At least the marvelous misadventures of flapjack hasn't ended. I think that would kill me;Non toxic;0;0;4;0;100
Thanks for the mention, bro;Non toxic;0;0;4;0;100
"You are kidding me right? Her story changed every time she told it, the “evidence” wasnt even circumstantial... there is no proof the two ever met

Her own friends could not support her story

Her friend admitted to being pressured to change her story

Witnesses dispute the story

Her own dad supported Kavanaugh and none of her family supported her.

She changed her story about the year it happened, how many people and where multiple times. She cant remeber the important details but remembers things like how many drinks she had.

She lied about fear of flying


She wanted to be confidential but went on record with a major media source....

She made tons of money from this whole thing";Non toxic;0;0;4;0;100
I'm defending the PRC by commenting on a WHO doctor. Makes perfect sense lol. I just assumed you magically saw a comment where I defended something the PRC did since, y'know, that's what you're saying;Non toxic;0;0;4;0;100
Guess I'll wind up in the ICU;Non toxic;0;0;4;0;100
"Would you guys consider jacking off to be a sport? I don't know about you motherfuckers but I consider that shit to be a sport okay? If people can sit back and label goddamn golf which is the boringest fucking sport in the world. Think about it, what the fuck athletically are you really doing in golf my nigga? All you doing is hitting a goddamn golf club. ""Oh my god that's a long as birdie man, nice birdie, nice put, and it went 258..."" get the fuck outta here nobody cares about that boring ass shit. Who the fuck really watches golf my nigga? Nobody gives a fuck. It makes niggas fall asleep. Fishing on the other hand... What the fuck are you really doing athletically my nigga in fishing?";Non racist;0;1;4;0;100
Now you are a homophobe, using gay as an insult and slur? You really are what you claim to hate, bigot.;A little racist;1;1;4;0;100
You can tell when the melons know they fucked up when they start making moral equivocations with the ***fucking nazis*** and ***white supremacists***;A little racist;1;1;4;0;100
"Why is there so so much mental illness among white people?? How very very weird that so many white people are struck with such a peculiar mental illness that makes them hateful racists.

Fuck off with that and get the fuck outta here.";Non racist;0;1;4;0;100
"Fuck Taiwan

Fuck Hong Kong";Non racist;0;1;4;0;100
Thankfully most violent scum ducks are stupid. Unfortunately some scum ducks are not. I’d change duck to fuck but my autocorrect made me laugh.;A little harassing;1;2;4;0;100
Damn bro you’re kinda a jackass, no wonder you got downvoted up there. You ain’t gonna find much with your attitude.;Non harassing;0;2;4;0;100
Upvoting you before the Reddit atheist fucks get here.;Non harassing;0;2;4;0;100
"Wow, you girls coming here to nag and gossip is pathetic. Go back to r/politics —or has that sub exhausted you because you went all in on #MeToo, find yourself defending Uncle Joe sexually assaulting/finger banging some lady? Now you can’t look in a mirror without realizing what a piece of shit hypocrite you are? That’s the problem with your side. No forethought. 


You don’t understand “what goes around, comes around.”  Just wait until a Democrat one day several decades from now manages to win the Presidency. That fucker is gonna be under investigation with special prosecutors for all kinds of shit the day he takes office.";A little harassing;1;2;4;0;100
" ""Fuck your second amendment"" 

uh, no.  What does the laughing world you speak of think about Venezuela or all the other places with no recourse against tyranny?  Is that hilarious too?  Your examples of things that are already illegal still happening doesn't help your argument of making guns illegal btw.";A little harassing;1;2;4;0;100
"Uhh...

Lancer Armour? I think that's it?

Nono, I'll ask one better, someone justify Crystalbeard Uragaan. That thing is damned pointless.

Oh and fuck his new Master Rank spicy rollout thing. Because I didn't need yet more things to force me to stop guarding everything because fireblight.";A little vulgar;1;3;4;0;100
"Guys...you know this is staged right?

Like...these are rehearsed lines and shit.";A little vulgar;1;3;4;0;100
and sure as shit didn't get there by begging our masters to be a bit nicer;Vulgar;2;3;4;0;100
Yeah and getting shit on isn't suffer worthly and got removed lol;Non vulgar;0;3;4;0;100
holy shit imagine unironically saying kek in 2020 spazmoid;Non vulgar;0;3;4;0;100
"*We should join united front to kill all fascists.*

Makes sense.

*Then, we kill you.*

Makes sense.";Violent;2;4;4;0;100
If you tell people to go there you go to hell before you die;Non violent;0;4;4;0;100
"I will massacre all G*mers on June 20tg

-Xi Jin pIng";Non violent;0;4;4;0;100
But these bones’ll kill ya;A little violent;1;4;4;0;100
Le you're ugly, you're disgusting, i hate you, I'm going to kill you, give me 500 dollars has arrived;Violent;2;4;4;0;100
or the episode where Rikers falls in love with the kinda-but-not-really trans alien. they had to use an afab actor for that role but it still pushed boundaries;Non toxic;0;0;1;0;101
Genuine femininity (and traditional masculinity) has been rendered obsolete by extremely powerful forces for reasons that are in no one’s interest but their own.;Non toxic;0;0;1;0;101
I’m that case you would qualify for benefits because your hours/income has been reduced;Non toxic;0;0;1;0;101
is this a satire subreddit?;Non toxic;0;0;1;0;101
Did you know that mushroom spores can have thousands of different sexes. like not just boy and girl but also egsr and ij46 and dbxgoh and sekbh, i just made those up because i don't know what they call the other sexes of if they even have names;Non toxic;0;0;1;0;101
They are homosexual extremists.;Non racist;0;1;1;0;101
Well then masterbating is also gay. And by that logic, simply touching your penis is gay, even while peeing. If touching your penis is gay, you’re gay, because your penis is attached to you, hence you’re always touching your penis. Thusly, as clearly most men are not gay, masterbating cannot be gay, therefore sucking your own dick also cannot be gay.;A little racist;1;1;1;0;101
Nah son, niggas are too busy creating genders and being offended at shit.;Racist;2;1;1;0;101
"Why is there so so much mental illness among white people?? How very very weird that so many white people are struck with such a peculiar mental illness that makes them hateful racists.

Fuck off with that and get the fuck outta here.";A little racist;1;1;1;0;101
If you cuff me you're gay.;A little racist;1;1;1;0;101
"Drew is one person, I never supported attacking him, no individual supercell employee is to blame.


Besides, I have a gut feeling that the assholes who are cash grabbing are the dumbfucks up at Tencent who bought a majority share.


All together now: fuck Tencent";A little harassing;1;2;1;0;101
"It's probably best described as a: ""fuck me...so fuck you too""";A little harassing;1;2;1;0;101
Yeah I feel u - u just got to communicate this to him and he has to communicate to u back. No assholes;Non harassing;0;2;1;0;101
"The dumbass put his zoo in the Ferrari guys name. He's fucked.

Oh my god I just watched his campaign manager have to absolutely rip his dab pen just to describe his experience working for Joe.";A little harassing;1;2;1;0;101
im a fucking moron, someone linked cap olympic change plates on amazon when they were in stock, i just needed a pair of 5s so i ordered them. didn't realize i ordered a *single* 5. I'm so mad at myself lmfao, back to fucking searching;A little harassing;1;2;1;0;101
i havent listened yet cus its not out in the states but this shit is getting me really excited for it;Non vulgar;0;3;1;0;101
"That's pretty fuckin' solid.

Jonny Atma did a [crazy good cover of Ellis's theme](https://www.youtube.com/watch?v=Qn8j9FG_3_o) because his wife requested it. 

All the solos on this OST (sax, guitar, etc) were preposterously intense.";Non vulgar;0;3;1;0;101
I think you mistake me as someone who gives a shit about this.;Non vulgar;0;3;1;0;101
Weird ass European shit actually.  While 90% of European descended peoples can handle lactose, that only accounts for 40% of the worlds population.   60% of the world population is lactose intolerant.;Non vulgar;0;3;1;0;101
"Only because of science and only since very recently.

For hundreds of thousands of years, people who suffered from such things were simply fucked.";Vulgar;2;3;1;0;101
607 people want to die by a gun;Extremely violent;3;4;1;0;101
"""I hope your kids die of AIDS!""";Extremely violent;3;4;1;0;101
Kill Your Mother.;Extremely violent;3;4;1;0;101
"*We should join united front to kill all fascists.*

Makes sense.

*Then, we kill you.*

Makes sense.";Extremely violent;3;4;1;0;101
we'll kill him last;Extremely violent;3;4;1;0;101
Yes;Non toxic;0;0;2;1;102
Also Sterilization Virus is unlikely to work. It’d be devastating, yes, but if they have the tech to make something like that, they’d likely also have the tech to use stored embryos and artificial wombs to start this whole mess back up.;Non toxic;0;0;2;1;102
Im just a banana bro. Im assuming youre referring to the chat lounge;Non toxic;0;0;2;1;102
Δεν είναι δυο τα ζητήματα, ένα είναι, και οι εννιά του μάρτυρες κοιτάνε τα ραδίκια.;Non toxic;0;0;2;1;102
"&gt; USPS is on the brink of financial failure. 

Because Congress forced them to prefund pensions not because they're somehow inept.";Non toxic;0;0;2;1;102
"bolsonaro is a fucking retarded cuck selling out my country to china and america

people only call him ultra nationalist or whatever because he hates gays

i wish we had an actual nationalist president";Non racist;0;1;2;1;102
No you dont understand! You have to watch porn otherwise youre a weirdo! Fucking gay mod.;Non racist;0;1;2;1;102
So... you’re gay;A little racist;1;1;2;1;102
Hes gay and shes a lesbian, but you fuck together anyway because you're siblings.;A little racist;1;1;2;1;102
Nah son, niggas are too busy creating genders and being offended at shit.;Racist;2;1;2;1;102
They *were* a terrorist organization because of those acts, but now they're just assholes.;A little harassing;1;2;2;1;102
Uhh, no. Very much it did not. What are you talking about? Not EU. Wrong, bitch.;Non harassing;0;2;2;1;102
We fucking despise your country since the Second World War ended. Every single president you’ve had in history has been garbage. Don’t act like because now suddenly you guys have a president that doesn’t act like he’s some decent person while destroying the world economy and bombing children hospitals like all the others did we now for the first time dislike you guys.;Non harassing;0;2;2;1;102
How much you guys want to bet this idiot owns a Dixie flag?;A little harassing;1;2;2;1;102
I’m so glad she ended up on Dragula instead. I recently started watching the seasons of RPDR for my fave mainstream queens (Trixie, Alaska, Katya) and it is so insanely frustrating to watch the original seasons (haven’t watched their all stars yet). If you’re not a pretty passing woman you have no chance. Like no one “got” Trixie’s drag so imagine having Evah on? Also, fuck RuPaul for being a transphobic, fracking, asshole.;A little harassing;1;2;2;1;102
Not true. I can't find a blops game for shit.;Non vulgar;0;3;2;1;102
"Who cares what any police chief in the country says

Their words are forever meaningless.  Only listen to be able to see what they’re trying to deflect from because they’re all so fucking stupid they can’t make up halfway decent excuses and usually say the crime out loud they committed.  

The dumbest guy in your hometown.  That’s every cop in this country";A little vulgar;1;3;2;1;102
Oh shit the sixth gun! Love it;Non vulgar;0;3;2;1;102
"How hard is it for you people to get that it’s always been Best Actor and Best Actress, and that’s OK. NO ONE is getting hurt by that. But you wanna get all up in your feelings about gender and make sure that we don’t talk about men Vs. women or male vs. female, just to make sure that nobody gets their “multi-gendered” feelings hurt. It’s all for attention...

Edit: I know what the fuck gender neutral means. This has nothing tondo with me not knowing what it means, shit bird.";Vulgar;2;3;2;1;102
Lol what kind of classist shit is this;Vulgar;2;3;2;1;102
Die! Die! Why won't you die!?;Extremely violent;3;4;2;1;102
If you're white and use your gun to defend yourself, you'll be arrested as a racist and get life in jail.;A little violent;1;4;2;1;102
i'm gonna kill him myself;Violent;2;4;2;1;102
Yes, but I’ll be shot for being considered a liberal after a glorious global communism is established, and you’ll be shot very early on in the process because you’ll be playing with your dads handgun and accidentally shoot your dick off and bleed out.;Violent;2;4;2;1;102
we'll kill him last;Extremely violent;3;4;2;1;102
Ronan;Non toxic;0;0;2;1;103
It's not a tab, it's his bookmarks bar.;Non toxic;0;0;2;1;103
Guess I'll wind up in the ICU;Non toxic;0;0;2;1;103
Good news;Non toxic;0;0;2;1;103
You're correct, I just said it first;Non toxic;0;0;2;1;103
A schizophrenic man named Terry who created TempleOS coined the term. You see, CIA niggers glow in the dark. You run them over with your car. That’s what you do.;A little racist;1;1;2;1;103
"White liberal: ""Fuck da police!""

Black cop: ""Why?""

White liberal: ""Because you're a fucking racist!""

Black cop: ""Why?""

White liberal: ""Because you hate black pe...oh, uh, nevermind.""";A little racist;1;1;2;1;103
"What about kicking a gay man in the head, knocking his teeth out and yelling “Black Lives Matter Fa**ot!”?

What about a man kneeling on the neck of a white baby while shouting BLM?

It’s on video. Defend that. 
Oh right, white babies are born White Supremacists. Robin DiAngelo said so. 

It’s time for everyone to go home and calm the fuck down.";Racist;2;1;2;1;103
Racist white gays really do need to fuck off. He says the word cracker in response to a guy saying he doesn’t care about black people, and you basically call him a slave?? Are you an idiot??;A little racist;1;1;2;1;103
Calling black people apes is really fucking racist;A little racist;1;1;2;1;103
They *were* a terrorist organization because of those acts, but now they're just assholes.;A little harassing;1;2;2;1;103
"Republicans win: they jack up my taxes because they hate my state and all its people.  Dems win: they craft a stimulus that is designed to fuck me and everyone I know... because if our lives and jobs and families were magically transported to someplace cheaper, we would be rich.  I can't pay my mortgage with white privilege, you fucking clowns.

The Dems are going to lose the House and Senate in 22 so hard.";A little harassing;1;2;2;1;103
The pictures look like nagants or mausere. Utter retards;Harassing;2;2;2;1;103
fuck off lefty;Harassing;2;2;2;1;103
"tiktok? downvote!

Stop using that fucking garbage app!";A little harassing;1;2;2;1;103
What doomed communism in the 20th century is it's own authoritarianism. Why the hell wouldn't the chinese communist party embrace capitalism to enrich themselves? Why the hell would they give a shit?;Vulgar;2;3;2;1;103
"They really do. They got caught trying to naked short 140% of the float, which is technically illegal, and people caught onto it. Instead of rushing at the begining of this week to un-fuck himself Andy Left said he wasn't swayed and was stickin to his guns (which amounted to about a $3B loss), but basic research this morning showed most of those calls were still naked. 

He went on yesterday to tell CNBC he's covered *most* of those calls w/ $90 shares to the tune of another multi-billion loss, but the research says there's still a ton of uncovered ones.

The little guys called him on some bullshit he can't talk his way out of, and he'll be in the fuckin' soup line by Valentines Day because of it.";Vulgar;2;3;2;1;103
Half of them have been actively disproven and the other half is weak as fuck or strawmen, so yeah, you don‘t need emojis for that.;Vulgar;2;3;2;1;103
Welp time to get the wife to make me badges stating I'm not an asshole I just have fashion issues.;A little vulgar;1;3;2;1;103
r/trashy is pretty much overun with racists and shit people so dont know how that will go for you;Vulgar;2;3;2;1;103
TR3YWAY THESE NIGGAS SAY THEY HEARD OF ME, I AINT HEARD OF YOU, GET THE FUCK UP OUT MY FUCKIN FACE FORE I MURDER YOU;Extremely violent;3;4;2;1;103
They deserve to go to jail.;Violent;2;4;2;1;103
"You piss off a poor man: he'll just kill you.

But you piss off a rich man?
He'll kill you all the same, but once he's done, he'll go after what's left of you.";Extremely violent;3;4;2;1;103
Get a UTI and you’ll pee blood;Extremely violent;3;4;2;1;103
You shoot me and then I'll shoot you;Extremely violent;3;4;2;1;103
Thanks for the mention, bro;Non toxic;0;0;1;0;104
"The largest spider, the Goliath bird eating spider, weighs 170 grams, meaning if he ate 165,000,000 per day he’d have to eat more than 61 million pounds of spider every day.

The worlds smallest known spider, the Patu Digua, is too small to weigh, but it’s length is .37 millimeters- 1/810th the length of the Goliath Bird eating spider. Estimating it’s weight based solely on scaling down the Goliath bird eater, we can very roughly guess it weighs a mere .00000032 grams. So Spiders Georg would only have to eat 52.78 pounds of spider per day if he was eating this kind of spider. Males are even smaller than females, so if Spiders Georg could somehow sex more than 1,900 spiders per second, he could eat even less in terms of weight, perhaps even a feasible amount.";Non toxic;0;0;1;0;104
Are you eating for the Easter skins? They're not gonna release them on april fools.;Non toxic;0;0;1;0;104
Mmm lemon flavor;Non toxic;0;0;1;0;104
Can have the template;Non toxic;0;0;1;0;104
She rules your gay;A little racist;1;1;1;0;104
"Typical of whites to break rules and expect exceptions for themselves. 


Fuck whites, they don’t deserve to live. Fuck racism.";Racist;2;1;1;0;104
straight guys don't look at other guy's penises for fear that they will turn gay or something;Racist;2;1;1;0;104
"Kill all Asians. Kill all women...
They're a global majority. Reddit is a global site.";A little racist;1;1;1;0;104
"The truth hurts doesn't it you pathetic goat fucker.  It is true that Muslims have lower IQs. Just a fact. 

Did you know that Jews get 2,000x more Nobel prizes than Muslims?  Because you and your loser buddies are basically just stupid. 

Remember that time the Jews traded 1,027 Palestinian criminals for one Jew (Shilat was his name).  Because Muslims are worth &lt;0.1% of a normal person. And they fucking know it LOL. 

Continue your post history searching.

https://www.reddit.com/r/The_Farage/comments/jkshev/freefragile_islam/";A little racist;1;1;1;0;104
Fuck thats worse. I love fat guys they deserve better;Harassing;2;2;1;0;104
Holding a firearm isn’t instigation dipshit, unless you’re a boot licking pussy;Extremely harassing;3;2;1;0;104
why is the swastica so veigny? looks like a bunch of dicks;Harassing;2;2;1;0;104
"You know me so well. 

A) You're an idiot for confusing the personalities of the women you allegedly spent a few minutes near with their ability to show personality through performances.

B) You seem like a simp.";Harassing;2;2;1;0;104
If you believe the bullshit about Russia you are a giant sucker.    Hacking politicians doesn't do shit to change US politics.    The media lies to you about that because they want you to ignore how effective it is for Israel and Saudi Arabia to bribe  politicians in the USA.;A little harassing;1;2;1;0;104
Yeah that's my point, that's the shit libs fawn over, not leftists;A little vulgar;1;3;1;0;104
"...who?

wait, they're not on about that goddamned baby show are they? Oh dios mio.";A little vulgar;1;3;1;0;104
"I hate to say it, but relying on allies seems like a reasonable plan. They aren't going to attack Australia, and being able to project power much further is very expensive, too expensive for a peaceful nation.

But Kiwi troops have always been ready and capable to help their allies. It's like saying ""me and the boys will fuck some shit up with you, but you gotta give us a ride.""";A little vulgar;1;3;1;0;104
"Do you know how Alabama mothers know their daughters have started menstruating?

Their brothers' dicks start tasting like blood.";Extremely vulgar;3;3;1;0;104
God, I've played the first one and it was really fucking good and I recently bought Before the Storm as a sendoff for Max and Chloe's story. Seriously, the ending of the first game literally made me tear up and contemplate for an entire week.;Vulgar;2;3;1;0;104
Death to capitalism;A little violent;1;4;1;0;104
I am going to beat you to death.;Extremely violent;3;4;1;0;104
I'm going to drag you beneath the Earth and subject you to 12,000 years of horrific torture;Extremely violent;3;4;1;0;104
Surrender your testicles within 30 seconds or we will open fire;Violent;2;4;1;0;104
cry while we punch you in your face and steal your phone;Extremely violent;3;4;1;0;104
Ok.;Non toxic;0;0;2;1;105
no, you play Poppy.;Non toxic;0;0;2;1;105
"Think about this way: my mosque thought that people who go to the mosque are the most important people in the county, so it was the first business that was voluntarily closed the doors in the county. 

The people that go to your church, mosque, temple are so important that you need to protect them way ahead of everybody else.";Non toxic;0;0;2;1;105
Is that a Chinese finger trap like a toy for kids?;Non toxic;0;0;2;1;105
A select few could same as only a select few men could;Non toxic;0;0;2;1;105
Like damn these Karen's cant just disturb the peace. They gotta harass the young, minorities and choke the heck out of their poor dog while doing it.;Racist;2;1;2;1;105
You’re moom gay;A little racist;1;1;2;1;105
Traps are gay.;A little racist;1;1;2;1;105
They should stop committing so much violent crime and attacking police when caught. White people are killed more while doing nothing but fuck them right.;Racist;2;1;2;1;105
stop making agenda posts....ahem.. m'nigger;A little racist;1;1;2;1;105
You wish death upon people and begging for fake internet points. What a retard;Harassing;2;2;2;1;105
cooked avocado is fucking disgusting anyway;Non harassing;0;2;2;1;105
You're pretty ugly.;A little harassing;1;2;2;1;105
Traitor! Traitor! You’re all traitors!;A little harassing;1;2;2;1;105
Hey look, a fascist lying out their ass. Big surprise.;A little harassing;1;2;2;1;105
Weird ass European shit actually.  While 90% of European descended peoples can handle lactose, that only accounts for 40% of the worlds population.   60% of the world population is lactose intolerant.;Non vulgar;0;3;2;1;105
"Lmao at that radlib crying about ""out of context clips and bad faith arguments."" 

I don't give a fuck what the context is, there is **NO** correct context for calling LGBT people or people with mental illnesses ""subhumans.""";A little vulgar;1;3;2;1;105
Cry me a river, shitposter;A little vulgar;1;3;2;1;105
"No shit i was replying to the guy thinking this was because of his ""pose"".";Non vulgar;0;3;2;1;105
Right, I remember the first time I went to use a blood vial I was like “oh gross I’m about to drink blood lmaoo-“ then my dude just jabs a dirty ass syringe of old blood into his leg like it’s nothing;A little vulgar;1;3;2;1;105
Death to British rule 🇨🇳🇨🇳🇨🇳;Extremely violent;3;4;2;1;105
Die tomorrow, and you may die tomorrow;Extremely violent;3;4;2;1;105
Rape the children and kill the women;Extremely violent;3;4;2;1;105
You shoot me and then I'll shoot you;Extremely violent;3;4;2;1;105
Looks like you’ll die at night;Extremely violent;3;4;2;1;105
Ok.;Non toxic;0;0;2;1;106
no, you play Poppy.;Non toxic;0;0;2;1;106
"Think about this way: my mosque thought that people who go to the mosque are the most important people in the county, so it was the first business that was voluntarily closed the doors in the county. 

The people that go to your church, mosque, temple are so important that you need to protect them way ahead of everybody else.";Non toxic;0;0;2;1;106
Is that a Chinese finger trap like a toy for kids?;Non toxic;0;0;2;1;106
A select few could same as only a select few men could;Non toxic;0;0;2;1;106
Like damn these Karen's cant just disturb the peace. They gotta harass the young, minorities and choke the heck out of their poor dog while doing it.;A little racist;1;1;2;1;106
You’re moom gay;A little racist;1;1;2;1;106
Traps are gay.;Racist;2;1;2;1;106
They should stop committing so much violent crime and attacking police when caught. White people are killed more while doing nothing but fuck them right.;Racist;2;1;2;1;106
stop making agenda posts....ahem.. m'nigger;Racist;2;1;2;1;106
You wish death upon people and begging for fake internet points. What a retard;Harassing;2;2;2;1;106
cooked avocado is fucking disgusting anyway;Non harassing;0;2;2;1;106
You're pretty ugly.;Non harassing;0;2;2;1;106
Traitor! Traitor! You’re all traitors!;Non harassing;0;2;2;1;106
Hey look, a fascist lying out their ass. Big surprise.;A little harassing;1;2;2;1;106
Weird ass European shit actually.  While 90% of European descended peoples can handle lactose, that only accounts for 40% of the worlds population.   60% of the world population is lactose intolerant.;Non vulgar;0;3;2;1;106
"Lmao at that radlib crying about ""out of context clips and bad faith arguments."" 

I don't give a fuck what the context is, there is **NO** correct context for calling LGBT people or people with mental illnesses ""subhumans.""";Vulgar;2;3;2;1;106
Cry me a river, shitposter;A little vulgar;1;3;2;1;106
"No shit i was replying to the guy thinking this was because of his ""pose"".";A little vulgar;1;3;2;1;106
Right, I remember the first time I went to use a blood vial I was like “oh gross I’m about to drink blood lmaoo-“ then my dude just jabs a dirty ass syringe of old blood into his leg like it’s nothing;Non vulgar;0;3;2;1;106
Death to British rule 🇨🇳🇨🇳🇨🇳;Extremely violent;3;4;2;1;106
Die tomorrow, and you may die tomorrow;Extremely violent;3;4;2;1;106
Rape the children and kill the women;Extremely violent;3;4;2;1;106
You shoot me and then I'll shoot you;Extremely violent;3;4;2;1;106
Looks like you’ll die at night;Extremely violent;3;4;2;1;106
I assume you're mostly joking but there's a specific drug to prevent nightmares. Prazosin and another off label one basically just prevent bad dreams. I don't have PTSD but, I get incredibly vivid, sometimes lucid dreams with full sensorium  so, tried it for a while. I stopped because the good vivid dreams outweigh the bad but, ymmv.;Non toxic;0;0;2;1;107
I'm defending the PRC by commenting on a WHO doctor. Makes perfect sense lol. I just assumed you magically saw a comment where I defended something the PRC did since, y'know, that's what you're saying;Non toxic;0;0;2;1;107
Incapacitated permanently;Non toxic;0;0;2;1;107
Dayum.;Non toxic;0;0;2;1;107
"Who is this ""we?""";Non toxic;0;0;2;1;107
You can tell when the melons know they fucked up when they start making moral equivocations with the ***fucking nazis*** and ***white supremacists***;A little racist;1;1;2;1;107
Traps are gay.;A little racist;1;1;2;1;107
The one that confuses me the most is Slavic Nazis. They only thing hitler hated as much as Jews was fucking Slavs.;Racist;2;1;2;1;107
"Niggas be like

&amp;#x200B;

^(fuck)";Racist;2;1;2;1;107
I mean the test is pretty shit. You are gonna be libleft if you don't say that you want to exterminate the gays.;A little racist;1;1;2;1;107
Is this another one of those “heh I’m gonna make look nazi like, but not enough that it’s so obvious no could deny, so left wingers will go crazy!” Idk is he just fucking with us at this point? Does he even know? Jesus. Like for real I showed this to people and they were like “nah fam you see it everywhere” 🙄;Harassing;2;2;2;1;107
24 upvotes too 💀💀 this sub b on some retarded shit sometimes;A little harassing;1;2;2;1;107
Even better if you sit on your dick so it feels like you're jerking off someone else :D;A little harassing;1;2;2;1;107
BWAHAHAHAHAHAHAHAHAHAHAHAHAHAHAHAHAAAAAAAAA!!!!!!!!  What a moron you are!   Seriously though, as proud as I am that you can use Google, those studies don't actually mean anything and prove even less.  Not that I expect a drooling retard like you to know anything though.  You wouldn't know science if it ran over your foot.;A little harassing;1;2;2;1;107
"I’m an anarchist, street medic.

I ride my motorcycle to street demos or community activist events; wherever I’m needed (usually by request from local collectives or groups).

I load my bike and myself up with medical gear - essentially a large trauma kit - and I’m in the thick of it. I carry no weapons. I’m not out there to hurt anyone. I seek to help and comfort those harmed by the fascist goons.

Fuck Them. And fuck Trump. And fuck you too if you support him.";A little harassing;1;2;2;1;107
"I'll get one, but... It's fucking hideous. It reminds me of the BMW i8, which looks like it is shitting out a smaller car. This console seems to have swallowed another console.

At least the games they showed off today look spectacular.";Non vulgar;0;3;2;1;107
You ever have  a three year old that accidentally pops their balloon? That is the saddest shit in history.;Non vulgar;0;3;2;1;107
Your sitting on your ass, hunched over, staring at reddit is doing wonders compared to someone who is actually strengthening the muscles in their back?;A little vulgar;1;3;2;1;107
Probably approximately a shit ton of money;Non vulgar;0;3;2;1;107
So what do we gotta do /u/erwachen, watch them take in the ass?;Non vulgar;0;3;2;1;107
And then he rapes you;Extremely violent;3;4;2;1;107
Once again, Death to America;Violent;2;4;2;1;107
I hope all those Germans are rotting in Hell.;Extremely violent;3;4;2;1;107
To rape and murder whoever they please;Extremely violent;3;4;2;1;107
I hope he gets the most painfull death possible;Extremely violent;3;4;2;1;107
I assume you're mostly joking but there's a specific drug to prevent nightmares. Prazosin and another off label one basically just prevent bad dreams. I don't have PTSD but, I get incredibly vivid, sometimes lucid dreams with full sensorium  so, tried it for a while. I stopped because the good vivid dreams outweigh the bad but, ymmv.;Non toxic;0;0;2;1;108
I'm defending the PRC by commenting on a WHO doctor. Makes perfect sense lol. I just assumed you magically saw a comment where I defended something the PRC did since, y'know, that's what you're saying;Non toxic;0;0;2;1;108
Incapacitated permanently;Non toxic;0;0;2;1;108
Dayum.;Non toxic;0;0;2;1;108
"Who is this ""we?""";Non toxic;0;0;2;1;108
You can tell when the melons know they fucked up when they start making moral equivocations with the ***fucking nazis*** and ***white supremacists***;Racist;2;1;2;1;108
Traps are gay.;Racist;2;1;2;1;108
The one that confuses me the most is Slavic Nazis. They only thing hitler hated as much as Jews was fucking Slavs.;A little racist;1;1;2;1;108
"Niggas be like

&amp;#x200B;

^(fuck)";A little racist;1;1;2;1;108
I mean the test is pretty shit. You are gonna be libleft if you don't say that you want to exterminate the gays.;Racist;2;1;2;1;108
Is this another one of those “heh I’m gonna make look nazi like, but not enough that it’s so obvious no could deny, so left wingers will go crazy!” Idk is he just fucking with us at this point? Does he even know? Jesus. Like for real I showed this to people and they were like “nah fam you see it everywhere” 🙄;A little harassing;1;2;2;1;108
24 upvotes too 💀💀 this sub b on some retarded shit sometimes;Non harassing;0;2;2;1;108
Even better if you sit on your dick so it feels like you're jerking off someone else :D;A little harassing;1;2;2;1;108
BWAHAHAHAHAHAHAHAHAHAHAHAHAHAHAHAHAAAAAAAAA!!!!!!!!  What a moron you are!   Seriously though, as proud as I am that you can use Google, those studies don't actually mean anything and prove even less.  Not that I expect a drooling retard like you to know anything though.  You wouldn't know science if it ran over your foot.;Non harassing;0;2;2;1;108
"I’m an anarchist, street medic.

I ride my motorcycle to street demos or community activist events; wherever I’m needed (usually by request from local collectives or groups).

I load my bike and myself up with medical gear - essentially a large trauma kit - and I’m in the thick of it. I carry no weapons. I’m not out there to hurt anyone. I seek to help and comfort those harmed by the fascist goons.

Fuck Them. And fuck Trump. And fuck you too if you support him.";Non harassing;0;2;2;1;108
"I'll get one, but... It's fucking hideous. It reminds me of the BMW i8, which looks like it is shitting out a smaller car. This console seems to have swallowed another console.

At least the games they showed off today look spectacular.";Non vulgar;0;3;2;1;108
You ever have  a three year old that accidentally pops their balloon? That is the saddest shit in history.;A little vulgar;1;3;2;1;108
Your sitting on your ass, hunched over, staring at reddit is doing wonders compared to someone who is actually strengthening the muscles in their back?;Non vulgar;0;3;2;1;108
Probably approximately a shit ton of money;A little vulgar;1;3;2;1;108
So what do we gotta do /u/erwachen, watch them take in the ass?;Non vulgar;0;3;2;1;108
And then he rapes you;Extremely violent;3;4;2;1;108
Once again, Death to America;Extremely violent;3;4;2;1;108
I hope all those Germans are rotting in Hell.;Extremely violent;3;4;2;1;108
To rape and murder whoever they please;Extremely violent;3;4;2;1;108
I hope he gets the most painfull death possible;Extremely violent;3;4;2;1;108
i think its funny;Non toxic;0;0;1;0;109
"&gt;This is The Logical conclusion you are either too naive we're too far into your ideological Echo chamber to see.

I find that very ironic coming from you";Non toxic;0;0;1;0;109
"Marxism-Incelism?

lel";Non toxic;0;0;1;0;109
See for example the Fraternal Order of Police;Non toxic;0;0;1;0;109
The month has turned over has that set been released yet? 😂;Non toxic;0;0;1;0;109
Wait until you hear about white hispanic male republicans ur gonna have ur tiny brain blown;A little racist;1;1;1;0;109
And gays are ACTUALLY beheaded/stoned/hanged.;A little racist;1;1;1;0;109
Our country is trash full of trash people. Americans are so fucking disgusting. It sickens me tbh.;A little racist;1;1;1;0;109
"What the fuck? Are you serious?

Islam does NOT tell you to treat gays as you would treat anyone else.

Islam tells you to behead anyone who has gay sex. As such, most muslim countries have a Death Penalty for homosexual activities.

I am glad i left this religion of peace that demands you to behead people.";Racist;2;1;1;0;109
There are gay fascists and black fascists and jewish fascists and trans fascists too!;Racist;2;1;1;0;109
lol my falco sucks dick, i'm speaking as a spectator more than anything so take what I say however you want. But yeah, fuck Icies.;A little harassing;1;2;1;0;109
The sixth amendment, and because the Republicans fucking love that shit and want to be able to kill Muslims without a trial more and not less;Harassing;2;2;1;0;109
"Seriously, I've seen these things snap and tear little terriers apart. I wish I could erase that image from my mind. Their fans will defend them to the death. 

Just because a dog breed is docile to its owner doesn't make it docile around everyone else.

Fucking idiots.";Harassing;2;2;1;0;109
I'm a SF voter but good lord some of them are such fucking hacks.;A little harassing;1;2;1;0;109
Coyotes don’t fuck with pigs?;A little harassing;1;2;1;0;109
How does Finland account for their gdp gap in their rural areas? The fuck does intracontinental transportation have to do with putting people who live in these tent cities into actual houses? Your “muh scale” argument is so mushbrained and only serves to stifle conversation about actual solutions and enable the status quo.;Vulgar;2;3;1;0;109
Yea one that has video proof of grouping children and the other said he is able to grab pussy;Vulgar;2;3;1;0;109
They deserve waaay more shit for promoting fascism in 2016;Vulgar;2;3;1;0;109
we do sacrifices and blood and shit?;Vulgar;2;3;1;0;109
Clearly satire this sub is such a shithole;Extremely vulgar;3;3;1;0;109
Hope u get aids and die;Extremely violent;3;4;1;0;109
i'm gonna kick your son in the ribs.;Extremely violent;3;4;1;0;109
They deserve to go to jail.;Extremely violent;3;4;1;0;109
Die tomorrow, and you may die tomorrow;Extremely violent;3;4;1;0;109
You’re just mad that oppressed peoples are standing up for themselves, and tbh I hope you die mad about it.;Extremely violent;3;4;1;0;109
The devs of the game corroborated that Alec was an abuser. They experienced abuse from him for years during development. The game almost didn’t get released because of Alec and Scott is still facing PTSD from those years.;Non toxic;0;0;2;1;110
At least the marvelous misadventures of flapjack hasn't ended. I think that would kill me;Non toxic;0;0;2;1;110
Posted in r/tumblr;Non toxic;0;0;2;1;110
Dream theater - endless sacrifice;Non toxic;0;0;2;1;110
I find it criminal that you're banned;A little toxic;1;0;2;1;110
"What the fuck? Are you serious?

Islam does NOT tell you to treat gays as you would treat anyone else.

Islam tells you to behead anyone who has gay sex. As such, most muslim countries have a Death Penalty for homosexual activities.

I am glad i left this religion of peace that demands you to behead people.";A little racist;1;1;2;1;110
"Damn dude according to your post history you're a Turk, you're black, you're half black half Mexican, you're Jewish. A real man of the world.

Edit: /u/1sweets posts in /r/reclassified, where white supremacists go to whine about their subs being banned and post links to new subreddits to evade those bans. He also created /r/enriched, a subreddit promoting ""western enrichment"" aka white dog whistling. This dude is not black, just an angry pro-cop white guy.

He posted **""The only thing I take seriously is how whites will be a minority in 25 years and my children will be 10% of their population in the generation. UWU burn some statues while 100 white women a raped a day by blacks yet 0 black women are raped by whites a year"".**

He also posted a link to /r/diversitynews, a banned sub whose message was race mixing doesn't work.

He made a post in /r/freespeech, a sub notorious for being full of white people complaining their right to say the n word is constantly being infringed.

He has used the phrase Jordan's wearer, a not so subtle gamer way of circumnavigating the n bomb.

Uses a certain reference to gay people that starts with an f and has posted several anti-lgbtq+ comments.

Claims to be Christian AND Jewish.

His post history only goes back 9 months even though his account is 3 years old. I'll bet you a nickel if you went through his deleted messages you'd find a lot of n bombs.";Racist;2;1;2;1;110
"“Haha we just kinda want to exterminate all the minorities haha just take a joke lmfao”

Any place that is supposedly “all inclusive” will eventually be flooded with extremists. Why the fuck would normal people without retarded, extreme opinions want to hang out with literal nazis?";A little racist;1;1;2;1;110
The Chinese are disgusting people. They Live like animals.;Racist;2;1;2;1;110
There are gay fascists and black fascists and jewish fascists and trans fascists too!;Racist;2;1;2;1;110
PCM normalises racism and facism. Fuck that place;Harassing;2;2;2;1;110
"&gt; corporate interests aren't in favor of mass immigration.

🤣🤣🤣🤣 How can you be this much of a dumb fuck?";A little harassing;1;2;2;1;110
I looked it up. They paid taxes. You're retarded.;Harassing;2;2;2;1;110
"true, PUA and learning ""game"" is a scam. of course you cant be a fucking autist, but she will make your life easier if shes  physically attracted to you.";A little harassing;1;2;2;1;110
Like you wouldn't pass up the chance to fuck Shrek.;Harassing;2;2;2;1;110
Because kenny was being an asshole and page got mad. They had time to think it over. Haven't you ever been in an arguement before?;A little vulgar;1;3;2;1;110
But a crumb of pussy madam;Extremely vulgar;3;3;2;1;110
Right, I remember the first time I went to use a blood vial I was like “oh gross I’m about to drink blood lmaoo-“ then my dude just jabs a dirty ass syringe of old blood into his leg like it’s nothing;Vulgar;2;3;2;1;110
Pete sucks but her posting 'all lives matter' and defending cops was worse;A little vulgar;1;3;2;1;110
"It has done remarkably well in the face of economic hardship and the US imperialist embargo, which even this article by the HRW (lol) calls ""misguided"". In the fucking title.";Vulgar;2;3;2;1;110
"Die

Die

or Die";Extremely violent;3;4;2;1;110
Unfortunately that kid is probably going to go back with a gun or knife and kill that poor guy for making him look stupid...;Violent;2;4;2;1;110
I will rip you in half;Extremely violent;3;4;2;1;110
"You piss off a poor man: he'll just kill you.

But you piss off a rich man?
He'll kill you all the same, but once he's done, he'll go after what's left of you.";Extremely violent;3;4;2;1;110
You literally used n***** a bunch of times in your account you deserve to be shot;Extremely violent;3;4;2;1;110
"&gt; How about we get rid of the heavy neo lib society and invest in our infrastructure before we start blaming innocent people?

Agreed let's burn it down, regardless you still have to be able to have a adult conversation regarding immigration levels, even more so if we have a society in NZ that once again cares about its citizens.";Non toxic;0;0;2;1;111
Had him for intro to Sociology in my senior year.  Last remaining core class. Class was so interesting made me think I might’ve made a mistake choosing my major. One of the few classes I remember things from almost 20 years later. RIP professor.;Non toxic;0;0;2;1;111
"The first post and I was like ""same""

Mad about money being exchanged for goods and services";Non toxic;0;0;2;1;111
I have it on console.;A little toxic;1;0;2;1;111
I have enough hearing about this guy.;A little toxic;1;0;2;1;111
You’re black. God roasted you enough;Racist;2;1;2;1;111
"""Women are too stupid/dumb/incompetent to use guns""  
  -Liberals";Racist;2;1;2;1;111
Mods gay ya know. You need puzzy not peepee🤬;A little racist;1;1;2;1;111
silty clay niggas where you at;Racist;2;1;2;1;111
too bad nerd they're gay;Racist;2;1;2;1;111
Bernie isn't a sexist you sociopathic liar. Tell the truth or stop posting in this sub, everyone is sick of your shit.;A little harassing;1;2;2;1;111
This man here is living the dream. Lucky bastard;A little harassing;1;2;2;1;111
Viciously raped, their asscheeks will be;Harassing;2;2;2;1;111
If you believe the bullshit about Russia you are a giant sucker.    Hacking politicians doesn't do shit to change US politics.    The media lies to you about that because they want you to ignore how effective it is for Israel and Saudi Arabia to bribe  politicians in the USA.;Harassing;2;2;2;1;111
He’s an attention whore and his sister was removed. A normal person doesn’t record themselves with their dead sister and upload it onto the internet.;A little harassing;1;2;2;1;111
awwwww damnnnnnnn;A little vulgar;1;3;2;1;111
"You, referring to women:

&gt;females  
&gt;  
&gt;some bitch

You, referring to men:

&gt;dudes

Are you even listening to yourself?";Vulgar;2;3;2;1;111
"Tetris Effect is ~5GB, and it's got better and more varied graphics than Modern Warfare.

(Seriously, if you haven't played Tetris Effect, give it a shot. It's a fucking masterpiece of audio-visual art.)";Vulgar;2;3;2;1;111
"I got downvoted for telling everyone here that Wiggins was fucking hopeless

He’s a career replacement level player 7 years in. 0.2 CAREER VoRP. He’s a negative asset and it was a stupid trade

There are three above average players on the entire roster, and Wiggins isn’t one of them";Vulgar;2;3;2;1;111
"The last Star Wars trilogy was pozzed as fuck and it's been liberal since the beginning. 

&amp;#x200B;

Never played COD can't comment on that one.";Vulgar;2;3;2;1;111
I seriously hope these people just die;Extremely violent;3;4;2;1;111
If they die they die;Extremely violent;3;4;2;1;111
i will beat you with a chainsword you dirty space weeb;Extremely violent;3;4;2;1;111
If your vending machine is filled with civil war suits, dirty white asylum dresses and non-legendary weapons then no, I will not be closing your doors. I'm going to eat your damn tatos and kill your cow, too.;Violent;2;4;2;1;111
"HE SHOULD BE ARRESTED!!!!

Let’s riot and burn the city!!!";Extremely violent;3;4;2;1;111
or the episode where Rikers falls in love with the kinda-but-not-really trans alien. they had to use an afab actor for that role but it still pushed boundaries;Non toxic;0;0;1;1;112
Im just a banana bro. Im assuming youre referring to the chat lounge;Non toxic;0;0;1;1;112
Me neither.;Non toxic;0;0;1;1;112
At least the marvelous misadventures of flapjack hasn't ended. I think that would kill me;Non toxic;0;0;1;1;112
"jreg is centrist??

no but it’s been obvious ever since the first rap battle";Non toxic;0;0;1;1;112
Calling black people apes is really fucking racist;A little racist;1;1;1;1;112
White girls *do* fuck dogs though;Racist;2;1;1;1;112
Traps are gay.;A little racist;1;1;1;1;112
"just pray they don't find ""THIS NIGGAS A SANDWICH""";Racist;2;1;1;1;112
Tf is this sub nigga;Racist;2;1;1;1;112
"theyre just human beings, i agree. 

the problem is that weve decided that these particular human beings are apparently the arbiters of who gets to live and who gets fucked. 

cops are far too fucking stupid to handle this responsibility.";Harassing;2;2;1;1;112
"You know me so well. 

A) You're an idiot for confusing the personalities of the women you allegedly spent a few minutes near with their ability to show personality through performances.

B) You seem like a simp.";Harassing;2;2;1;1;112
"This is what happens when you upvote all of those retarded ""racism is fucked I just want to run a profitable business!/have a monarchy!"" Posts.";A little harassing;1;2;1;1;112
Bend the knee you pussies.;A little harassing;1;2;1;1;112
"this is a stupid statement “80%+ of nonces who are white” 

in britain the native population is white what do you expect? 

that’s leaves 20% attributed to immigrants? which is fucking awful.";A little harassing;1;2;1;1;112
"Calling someone homophobic isn't burying someone. It's proving you've taken the gay pill, and will gladly present your ripe asshole to the Marxist fa\**ots that want to see your country gone, and your children re-educated and pumped full of hormones.

And I can't see your bio on mobile. Let me guess, you got the autism, so it's ok to be playing with toys as a grown ass man?";Vulgar;2;3;1;1;112
"Uhh...

Lancer Armour? I think that's it?

Nono, I'll ask one better, someone justify Crystalbeard Uragaan. That thing is damned pointless.

Oh and fuck his new Master Rank spicy rollout thing. Because I didn't need yet more things to force me to stop guarding everything because fireblight.";A little vulgar;1;3;1;1;112
"I just see a lot of leftist subs keep cross posting from it being like ""wow why is this sub posting alt right propaganda"" as if nazis don't poison the well and infect everything they touch. Most people in that sub are hiding their power level and are not centrist.

If I'm honest I just don't want to have to unsub from leftist subs because I don't want my feed of leftists reacting to nazi content. I'm fucking tired of pcm";Vulgar;2;3;1;1;112
Oh shit the sixth gun! Love it;A little vulgar;1;3;1;1;112
its definitely grown on me, but it isnt front to back bangers like motm/motm II. i love cudi but some of these tracks its apparent how fucked up he was at the time;Vulgar;2;3;1;1;112
They deserve to go to jail.;Violent;2;4;1;1;112
Kill or be killed;Extremely violent;3;4;1;1;112
I hope keemstar goes blind and deaf;Extremely violent;3;4;1;1;112
You literally used n***** a bunch of times in your account you deserve to be shot;Extremely violent;3;4;1;1;112
You shoot me and then I'll shoot you;Extremely violent;3;4;1;1;112
or the episode where Rikers falls in love with the kinda-but-not-really trans alien. they had to use an afab actor for that role but it still pushed boundaries;Non toxic;0;0;2;0;113
Im just a banana bro. Im assuming youre referring to the chat lounge;Non toxic;0;0;2;0;113
Me neither.;Non toxic;0;0;2;0;113
At least the marvelous misadventures of flapjack hasn't ended. I think that would kill me;Non toxic;0;0;2;0;113
"jreg is centrist??

no but it’s been obvious ever since the first rap battle";Non toxic;0;0;2;0;113
Calling black people apes is really fucking racist;A little racist;1;1;2;0;113
White girls *do* fuck dogs though;A little racist;1;1;2;0;113
Traps are gay.;Racist;2;1;2;0;113
"just pray they don't find ""THIS NIGGAS A SANDWICH""";Racist;2;1;2;0;113
Tf is this sub nigga;A little racist;1;1;2;0;113
"theyre just human beings, i agree. 

the problem is that weve decided that these particular human beings are apparently the arbiters of who gets to live and who gets fucked. 

cops are far too fucking stupid to handle this responsibility.";Non harassing;0;2;2;0;113
"You know me so well. 

A) You're an idiot for confusing the personalities of the women you allegedly spent a few minutes near with their ability to show personality through performances.

B) You seem like a simp.";A little harassing;1;2;2;0;113
"This is what happens when you upvote all of those retarded ""racism is fucked I just want to run a profitable business!/have a monarchy!"" Posts.";A little harassing;1;2;2;0;113
Bend the knee you pussies.;A little harassing;1;2;2;0;113
"this is a stupid statement “80%+ of nonces who are white” 

in britain the native population is white what do you expect? 

that’s leaves 20% attributed to immigrants? which is fucking awful.";A little harassing;1;2;2;0;113
"Calling someone homophobic isn't burying someone. It's proving you've taken the gay pill, and will gladly present your ripe asshole to the Marxist fa\**ots that want to see your country gone, and your children re-educated and pumped full of hormones.

And I can't see your bio on mobile. Let me guess, you got the autism, so it's ok to be playing with toys as a grown ass man?";Non vulgar;0;3;2;0;113
"Uhh...

Lancer Armour? I think that's it?

Nono, I'll ask one better, someone justify Crystalbeard Uragaan. That thing is damned pointless.

Oh and fuck his new Master Rank spicy rollout thing. Because I didn't need yet more things to force me to stop guarding everything because fireblight.";A little vulgar;1;3;2;0;113
"I just see a lot of leftist subs keep cross posting from it being like ""wow why is this sub posting alt right propaganda"" as if nazis don't poison the well and infect everything they touch. Most people in that sub are hiding their power level and are not centrist.

If I'm honest I just don't want to have to unsub from leftist subs because I don't want my feed of leftists reacting to nazi content. I'm fucking tired of pcm";A little vulgar;1;3;2;0;113
Oh shit the sixth gun! Love it;Non vulgar;0;3;2;0;113
its definitely grown on me, but it isnt front to back bangers like motm/motm II. i love cudi but some of these tracks its apparent how fucked up he was at the time;A little vulgar;1;3;2;0;113
They deserve to go to jail.;Extremely violent;3;4;2;0;113
Kill or be killed;Extremely violent;3;4;2;0;113
I hope keemstar goes blind and deaf;Extremely violent;3;4;2;0;113
You literally used n***** a bunch of times in your account you deserve to be shot;Extremely violent;3;4;2;0;113
You shoot me and then I'll shoot you;Extremely violent;3;4;2;0;113
What does that mean?;Non toxic;0;0;2;0;114
The month has turned over has that set been released yet? 😂;Non toxic;0;0;2;0;114
Is that a Chinese finger trap like a toy for kids?;Non toxic;0;0;2;0;114
deleted  ^^^^^^^^^^^^^^^^0.8063  [^^^What ^^^is ^^^this?](https://pastebin.com/FcrFs94k/58373);Non toxic;0;0;2;0;114
Either revolution deathsquad by dragonforce, or neverland by avantasia;Non toxic;0;0;2;0;114
"Pakistanis blindly follow Islam, shit on Hindus Buddists and Sikhs for 'worshipping statues', and praise the Mughal Empire.

Without knowing that their ancestors were Hindus, Buddists and Sikhs who were oppressed, subjugated and raped into Islam by the Mughals.";A little racist;1;1;2;0;114
"Typical of whites to break rules and expect exceptions for themselves. 


Fuck whites, they don’t deserve to live. Fuck racism.";Racist;2;1;2;0;114
Who's cumtown nigga?;A little racist;1;1;2;0;114
the guy is a holocaust denier and outright nazi fuck, don't fall for his bullshit;A little racist;1;1;2;0;114
Traps are gay.;Racist;2;1;2;0;114
Chad I dig you. Big fan- But you are being a moron and Bisbing would smash the shit out of you.;A little harassing;1;2;2;0;114
**WRATH, MOTHERFUCKERS!!!!***;Harassing;2;2;2;0;114
Okay, so you're actually just a moron. Got it.;A little harassing;1;2;2;0;114
Nah, he's a piece of shit too.;A little harassing;1;2;2;0;114
He knows how to fire up. He's a great ass babyface, fighting from underneath and all that.;A little harassing;1;2;2;0;114
"I just see a lot of leftist subs keep cross posting from it being like ""wow why is this sub posting alt right propaganda"" as if nazis don't poison the well and infect everything they touch. Most people in that sub are hiding their power level and are not centrist.

If I'm honest I just don't want to have to unsub from leftist subs because I don't want my feed of leftists reacting to nazi content. I'm fucking tired of pcm";Non vulgar;0;3;2;0;114
You ever have  a three year old that accidentally pops their balloon? That is the saddest shit in history.;Non vulgar;0;3;2;0;114
Wow s14 people are assholes for getting mad at Ian for rocking on the hammock. They should've realized it was a comfort thing even if they thought it was weird and didnt know he was autistic.;A little vulgar;1;3;2;0;114
You you think Hegel got pussy or no?;Vulgar;2;3;2;0;114
You're a brave one for shitting at school, they're stupid for having sex at school;Vulgar;2;3;2;0;114
Rape the children and kill the women;Extremely violent;3;4;2;0;114
Unfortunately that kid is probably going to go back with a gun or knife and kill that poor guy for making him look stupid...;Extremely violent;3;4;2;0;114
"I will massacre all G*mers on June 20tg

-Xi Jin pIng";Violent;2;4;2;0;114
Yes, but I’ll be shot for being considered a liberal after a glorious global communism is established, and you’ll be shot very early on in the process because you’ll be playing with your dads handgun and accidentally shoot your dick off and bleed out.;Violent;2;4;2;0;114
MIKU BE CAREFUL THEY GONNA SPAWN KILL YOU;Extremely violent;3;4;2;0;114
I will also admit that I had no idea who this man is.;Non toxic;0;0;1;0;115
Of cos it is you again;Non toxic;0;0;1;0;115
Niste v vecini, samo sreco imate, da mladi ne volijo.;Non toxic;0;0;1;0;115
Ronan;Non toxic;0;0;1;0;115
I came here to ask this.  It's obviously the first thing that will pop into your head when reading the article.;Non toxic;0;0;1;0;115
"Hurr durr.  Being white is racist!!!   -  The left, 2020.

No wonder a civil war in the US is brewing.  People want these fucktards to vanish.";A little racist;1;1;1;0;115
"Bootlicker.

Of course they do. But not nearly at the same rate, and white people can get away with way more shit. You had white fascists storming the fucking Capitol building screaming in pigs' faces and they didn't blink.";Racist;2;1;1;0;115
So because you live somewhere gay we all have to suck off jesus but not suck off any men until marriage?;Racist;2;1;1;0;115
These white males need to keep BW out of their mouths. “Lower your standards and date a black woman”?!? Wtf but that’s the usual racist nonsense these privileged white males spout.;A little racist;1;1;1;0;115
Nazi punk fuck off;A little racist;1;1;1;0;115
Honestly this sub is fucking terrible for monitor advice if you want something other than what the idiots here circle jerk about.  I would recommend doing a lot of research and then making a decision yourself based upon needs.;Harassing;2;2;1;0;115
Damn that was genius dude. You had the whole comment section fucking wheezing.;Non harassing;0;2;1;0;115
"When you ban a subreddit or discord, you don't prove them wrong, only that you fear what they say. Fuck censorship. All flavors. 

The blacklisting of undesireables, be it Ex-President Trump or Wall Street Bets, is fucking creeps";Non harassing;0;2;1;0;115
"&gt; And cis men wonder why we want them to fuck off out of the industry...

You sound bigoted";Non harassing;0;2;1;0;115
All those idiots dissing the Left as if we aren’t the reason they can be out of the closet in the first place.;A little harassing;1;2;1;0;115
"man I miss Runescape. 

Sucks my account got hacked and banned haha.";Non vulgar;0;3;1;0;115
"Complaining about 'real victims' while using every tactic in the far right playbook to smear and harass a victim of a powerful man with a history of inappropriate behavior.

At least fascists don't pretend to give a shit. What a slimy ugly disgusting worthless human being. Take your hentai and die of covid, Eichenwald.";Extremely vulgar;3;3;1;0;115
Your sitting on your ass, hunched over, staring at reddit is doing wonders compared to someone who is actually strengthening the muscles in their back?;Non vulgar;0;3;1;0;115
This asshat has late-stage TDS, though. He hates every conservative in this country.;Non vulgar;0;3;1;0;115
What kind of shitty olives do you people have?;A little vulgar;1;3;1;0;115
I hope you go to prison when you inevitably kill an innocent protestor by plowing your car thru them;Violent;2;4;1;0;115
Lots of people should die.;Extremely violent;3;4;1;0;115
607 people want to die by a gun;Extremely violent;3;4;1;0;115
"Die

Die

or Die";Violent;2;4;1;0;115
"They want you dead regardless.  
  
They want you dead. They want your wife gangbanging blacks for drug money. They want your kids chopping off their genitals and committing suicide.   
  
And they think it's funny.";Extremely violent;3;4;1;0;115
It's because Leicester knows that he's not worth anywhere near that figure. Honestly, I think Leicester would be a good fit. He'd be an ok replacement for Riyad.;Non toxic;0;0;1;0;116
Dream theater - endless sacrifice;Non toxic;0;0;1;0;116
Sneks are friends. Eat snacks.;Non toxic;0;0;1;0;116
"&gt; How about we get rid of the heavy neo lib society and invest in our infrastructure before we start blaming innocent people?

Agreed let's burn it down, regardless you still have to be able to have a adult conversation regarding immigration levels, even more so if we have a society in NZ that once again cares about its citizens.";A little toxic;1;0;1;0;116
We can only hope that they get the correct message from the financial information from DOA6 and properly distinguish between game sales and DLC sales.;Non toxic;0;0;1;0;116
HKers hate being Asian and would want a white man carrying and are eating and drink their cum than  having Asian pride because they feel like pussies. And I will be lighting and pissing on your grave when you die from burning.;Non racist;0;1;1;0;116
By that logic black power is meant to degrade white folk which outnumber racist people by a fuck ton. Think about all the european countries with white people. They dont burn crosses or hang minorities but guess what. By the colour of their skin they get clumped into the same fucking pile of shitbags from the southern states. This problem is literally an american issue and could be solved by just, nuking them all! Coming from a canadian btw fuck the states;Racist;2;1;1;0;116
Let me guess, you want a third world country to take over China and have all Asian girls and women to have relationships and sex with white men and make  all Asian men single. Fuck you;Racist;2;1;1;0;116
huh? tucker is the realest nigga on all these festering platforms. what are you on bro;Non racist;0;1;1;0;116
"Pakistanis blindly follow Islam, shit on Hindus Buddists and Sikhs for 'worshipping statues', and praise the Mughal Empire.

Without knowing that their ancestors were Hindus, Buddists and Sikhs who were oppressed, subjugated and raped into Islam by the Mughals.";A little racist;1;1;1;0;116
"You know me so well. 

A) You're an idiot for confusing the personalities of the women you allegedly spent a few minutes near with their ability to show personality through performances.

B) You seem like a simp.";A little harassing;1;2;1;0;116
The sixth amendment, and because the Republicans fucking love that shit and want to be able to kill Muslims without a trial more and not less;Harassing;2;2;1;0;116
"It's probably best described as a: ""fuck me...so fuck you too""";A little harassing;1;2;1;0;116
Cadence woulda been better without “stupid ass”;A little harassing;1;2;1;0;116
"Well fuck the Palestinians then I guess. Sovereignty? Consent of the people? Never heard of it. No, foreigners just get to take their land. Their will be damned.

There's literally no human on this planet that is indigenous to exactly one place and it's pretty anti Semitic (and logically absurd) to imply Jews don't belong in their countries but in this random area in the middle East. 

Imagine if we up and decided to reverse every human migration in the last 2000-3000 years. 

Let's hand over Africa to the Europeans while we're at it. All humans come from Africa after all.";A little harassing;1;2;1;0;116
i havent listened yet cus its not out in the states but this shit is getting me really excited for it;A little vulgar;1;3;1;0;116
158 replies god damn lmao;Non vulgar;0;3;1;0;116
Funny thing is the bitch looked like satan herself.;A little vulgar;1;3;1;0;116
"Yeah him saying „I recognize Taiwan as separate “ would totally change something and not just end fucking up his life. 

Maybe he has children who need to be cared for. Please don’t take the easy route and don’t just blame this on one person.";Non vulgar;0;3;1;0;116
"It's also not sexual if the frat bros put their dicks into each others mouths and then say ""no homo"". 

It's just a dare after all.";Vulgar;2;3;1;0;116
I hope you get the virus and die choking for air tbh. You would deserve. It. People like you are a cancerous tumor that needs to be cut out.;Extremely violent;3;4;1;0;116
OI YA SHAMEFUL GITZ! IT IZ PRONONCE! SAY IT RIGHT NEXT ‘IME! DO IT OR I’LL BLAST YA HEAD OFF WITH MY SHOOTA!;Violent;2;4;1;0;116
I will hunt you down and eat you;Extremely violent;3;4;1;0;116
Death to capitalism;A little violent;1;4;1;0;116
Its these kind of people that deserve to be shot;Extremely violent;3;4;1;0;116
"I read about some ape or gorilla or something, i forget, that knew sign language and he invented compound words for things like ""water chicken"" to refer to ducks";Non toxic;0;0;3;1;117
[based](https://www.lewrockwell.com/2006/12/hans-hermann-hoppe/reflections-on-state-and-war/);Non toxic;0;0;3;1;117
Just your typical left winger engaging in a debate.;Non toxic;0;0;3;1;117
apparently, he can’t kill or stop him in jail.;Non toxic;0;0;3;1;117
I don’t think any member of any American party is truly a leftist, but I’m saying generally moving American parties to the left is better than having them stagnant. Unless you believe that moving them to the right would more quickly produce a genuine proletariat revolution, which, I don’t rightfully know;Non toxic;0;0;3;1;117
"“Haha we just kinda want to exterminate all the minorities haha just take a joke lmfao”

Any place that is supposedly “all inclusive” will eventually be flooded with extremists. Why the fuck would normal people without retarded, extreme opinions want to hang out with literal nazis?";Non racist;0;1;3;1;117
White genocide, the idea that girls won't fuck me and it's because Jews;A little racist;1;1;3;1;117
Probably because all the queer and ladyboy porn you order hurts the mail carrier's back? Just get your pictures of gaping gay assholes online, for free!;A little racist;1;1;3;1;117
Tf is this sub nigga;A little racist;1;1;3;1;117
"Alright pulling out the Atwater.

&gt; Atwater: Y'all don't quote me on this. You start out in 1954 by saying, ""Nigger, nigger, nigger"". By 1968 you can't say ""nigger""—that hurts you. Backfires. So you say stuff like forced busing, states' rights and all that stuff. You're getting so abstract now [that] you're talking about cutting taxes, and all these things you're talking about are totally economic things and a byproduct of them is [that] blacks get hurt worse than whites. And subconsciously maybe that is part of it. I'm not saying that. But I'm saying that if it is getting that abstract, and that coded, that we are doing away with the racial problem one way or the other. You follow me—because obviously sitting around saying, ""We want to cut this"", is much more abstract than even the busing thing, and a hell of a lot more abstract than ""Nigger, nigger"". So, any way you look at it, race is coming on the back-burner.

You're the dupe. The schlamiel. The goober. The mark. The fool. The charlie. The nincompoop. The mooncalf. The ninny. The doofus.";A little racist;1;1;3;1;117
And you slit it's throat when the animals live do fuck off;A little harassing;1;2;3;1;117
Uhh, no. Very much it did not. What are you talking about? Not EU. Wrong, bitch.;Non harassing;0;2;3;1;117
Bernie isn't a sexist you sociopathic liar. Tell the truth or stop posting in this sub, everyone is sick of your shit.;Non harassing;0;2;3;1;117
Why is working from home stupid? You a window cleaner or something?;Non harassing;0;2;3;1;117
Keep hoping you have any sort of cogent analysis of the world on you rather than your shit you pulled out your ass.;A little harassing;1;2;3;1;117
"&gt;Can't prove a negative. Cite source that shows most rape cases are real. (INB4 some feminazi article gets posted) 

https://www.cdc.gov/injury/features/sexual-violence/index.html

Guess the CDC are ""feminzais""?

""SV affects millions of people each year in the United States. The official numbers are likely an underestimate because many cases go unreported""

""Nearly 1 in 5 women have experienced completed or attempted rape during her lifetime.""

But please, I'm absolutely begging you to show me your facts that most of the cases that get reported are false.

&gt;Yes, pedophiles, child abusers, and those who would perpetuate suffering unironically belong in a woodchipper.
Preferably legs first. 

Nope, you were talking about people with disabilities.

Here, I'll post your fascist garbage here for anyone reading:

""These people should be shoved into a woodchipper.

Even a century ago, they'd either not survive to adulthood, be sold to a circus as part of the freak exhibits, or have to be born a 0.01%er to survive to adulthood.

These people demand science not improve these congenital conditions, while at the same time demand everyone be vaccinated.

Literally fuck every single one of these ""muh disabled culture"" fucks.""

&gt; Found the pedophile!

I'm the one sharing the stats on sexual abuse and violence including how it affects children more.

You were talking about ""dwarfs"" and dwarfism, you lying fucking fascist. You even admit to being a eugencisist. You pathetic cowards can't even stick to your guns on the bullshit you say. Because you're fucking pathetic and weak.";Vulgar;2;3;3;1;117
and sure as shit didn't get there by begging our masters to be a bit nicer;A little vulgar;1;3;3;1;117
Can jhin mains stop sucking off their champion for a moment;Vulgar;2;3;3;1;117
"Guys...you know this is staged right?

Like...these are rehearsed lines and shit.";Vulgar;2;3;3;1;117
They nerf zombies xp with a “patch” but don’t fix this shit lmfao.;Vulgar;2;3;3;1;117
I hope he gets the most painfull death possible;Extremely violent;3;4;3;1;117
Le you're ugly, you're disgusting, i hate you, I'm going to kill you, give me 500 dollars has arrived;Extremely violent;3;4;3;1;117
Kill or be killed;Extremely violent;3;4;3;1;117
Death to all wh*te people;Extremely violent;3;4;3;1;117
"""If black people did this theyd be shot!!1!1""

Shut the fuck up now";Extremely violent;3;4;3;1;117
We love our thoroughly petty mod who gets all huffy when subjected to extremely light ribbing, don't we folks;Non toxic;0;0;3;1;118
My apologies for not being more specific;Non toxic;0;0;3;1;118
This exactly. Rent-seeking. Read Henry George. Unlike Marx, his predictions actually come true and so long as you don't apply his principles, you'll wish they didn't.;Non toxic;0;0;3;1;118
*insert thanos putting the space stone onto the gauntlet but the stone is Raptor*;Non toxic;0;0;3;1;118
I’m sure if Sara had millions like Carole she could get any hot guy she wanted too;Non toxic;0;0;3;1;118
wow, evil chinese communist trying to kill that old lady and steal her organs;A little racist;1;1;3;1;118
Yeah haha gay people are so bad and shameful it’s so evil to be gay I bet they’re secretly gay (which is worse than being a nazi) haha;A little racist;1;1;3;1;118
There are gay fascists and black fascists and jewish fascists and trans fascists too!;Racist;2;1;3;1;118
You’re moom gay;Racist;2;1;3;1;118
Bruh, you have to be super turbo gay to not want to fuck Ivanka.;Racist;2;1;3;1;118
"https://www.cdph.ca.gov/Programs/CID/DCDC/Pages/Face-Coverings-Guidance.aspx

I did, there is no mention of asthma at all on this link which is the CA guidelines for face coverings during COVID. Unless you can provide a link, you're a liar spreading misinformation to make a point, ya chucklefucking muppet.";A little harassing;1;2;3;1;118
That totally justifies becoming an asshole yourself, sure.;A little harassing;1;2;3;1;118
This man here is living the dream. Lucky bastard;A little harassing;1;2;3;1;118
Chad I dig you. Big fan- But you are being a moron and Bisbing would smash the shit out of you.;Harassing;2;2;3;1;118
Unironically saying “fuck poor people”, with a cop-bootlicker username lmao;A little harassing;1;2;3;1;118
and you have failed to answer why you like to drop into threads and talk shit;A little vulgar;1;3;3;1;118
"One bad apple in my school class definitely didnt make the other classes or teachers hate my entire class lol, what a broken comparison

Youre actually just an asshole for your ""righteous act of divine pettiness"" at that gas station, so why are you bragging about it like it is some great achievement?

Exactly this ""fuck them all"" mentality is something racists, homophobes and nazis have to hold to justify their feelings of prejudice. You are no different to them, you just unconditionally hate different things.";Vulgar;2;3;3;1;118
Pete sucks but her posting 'all lives matter' and defending cops was worse;A little vulgar;1;3;3;1;118
"Tetris Effect is ~5GB, and it's got better and more varied graphics than Modern Warfare.

(Seriously, if you haven't played Tetris Effect, give it a shot. It's a fucking masterpiece of audio-visual art.)";A little vulgar;1;3;3;1;118
Your sitting on your ass, hunched over, staring at reddit is doing wonders compared to someone who is actually strengthening the muscles in their back?;A little vulgar;1;3;3;1;118
Kill or be killed;Violent;2;4;3;1;118
So you want me to be subservient to humans in exchange for a pittance? I'm going to enjoy killing you and burning your village to ash.;Extremely violent;3;4;3;1;118
death to g*merikkka;Extremely violent;3;4;3;1;118
I hope he gets the most painfull death possible;Extremely violent;3;4;3;1;118
Your really confident it wont be your wife/mother/daughter that gets raped and murdered “for the greater good”.;Extremely violent;3;4;3;1;118
"You are kidding me right? Her story changed every time she told it, the “evidence” wasnt even circumstantial... there is no proof the two ever met

Her own friends could not support her story

Her friend admitted to being pressured to change her story

Witnesses dispute the story

Her own dad supported Kavanaugh and none of her family supported her.

She changed her story about the year it happened, how many people and where multiple times. She cant remeber the important details but remembers things like how many drinks she had.

She lied about fear of flying


She wanted to be confidential but went on record with a major media source....

She made tons of money from this whole thing";Non toxic;0;0;2;0;119
Me neither.;Non toxic;0;0;2;0;119
It was also with a grudge with the the concrete place I believe.;Non toxic;0;0;2;0;119
these are so cool;Non toxic;0;0;2;0;119
KG is slow, even one of his younger prime years.;A little toxic;1;0;2;0;119
There are gay fascists and black fascists and jewish fascists and trans fascists too!;A little racist;1;1;2;0;119
Traps are gay.;A little racist;1;1;2;0;119
"White liberal: ""Fuck da police!""

Black cop: ""Why?""

White liberal: ""Because you're a fucking racist!""

Black cop: ""Why?""

White liberal: ""Because you hate black pe...oh, uh, nevermind.""";A little racist;1;1;2;0;119
White PMC gays are the worst;Racist;2;1;2;0;119
ok well he also nuked a shit ton of japanese civilians so let's not suck his dick too hard;Racist;2;1;2;0;119
FUCK you if you think I’m selling;A little harassing;1;2;2;0;119
"The dumbass put his zoo in the Ferrari guys name. He's fucked.

Oh my god I just watched his campaign manager have to absolutely rip his dab pen just to describe his experience working for Joe.";A little harassing;1;2;2;0;119
"theyre just human beings, i agree. 

the problem is that weve decided that these particular human beings are apparently the arbiters of who gets to live and who gets fucked. 

cops are far too fucking stupid to handle this responsibility.";Harassing;2;2;2;0;119
See now I’m sittin here with my family and my sister saw it and now I gotta explain this to her later. Fuck you and your NSFW meme;A little harassing;1;2;2;0;119
He literally didn't murder anyone.  Please look up the definition of murder.  Christ, you're a moron.;A little harassing;1;2;2;0;119
"It's also not sexual if the frat bros put their dicks into each others mouths and then say ""no homo"". 

It's just a dare after all.";Vulgar;2;3;2;0;119
"Nigger nigger nigger

Psa you can edit comments after they ban your account";Vulgar;2;3;2;0;119
"what kind of incel bullshit doesn't understand this simple fact that women are more than happy to throw themselves at wealthy successful men?  what kind of incel doesn't understand that over 90% of communication is non-verbal, and thus asking is not required... that you just suck at interacting with women non-verbally...

seriously, you're just proving how low information democrats really are in 2020... so low information that you don't understand even basic sexual relationships.";Non vulgar;0;3;2;0;119
"&gt;With the UK's history of moving from monarchy to rule by the people and instilling rights and freedoms, I don't understand why you wouldn't trust them.

Lmao 
what the actual fuck.";Non vulgar;0;3;2;0;119
You ever have  a three year old that accidentally pops their balloon? That is the saddest shit in history.;Non vulgar;0;3;2;0;119
Flair up or I’ll use that powerful military to kick your unflaired ass over the border;Violent;2;4;2;0;119
I will hunt you down and eat you;Extremely violent;3;4;2;0;119
That’s one way of getting yourself raped and killed anywhere in the Middle East.;Extremely violent;3;4;2;0;119
The PETA militia will murder you;Extremely violent;3;4;2;0;119
I am once again asking you to DIE BY MY HAND;Extremely violent;3;4;2;0;119
Just your typical left winger engaging in a debate.;Non toxic;0;0;1;0;120
Just to be clear, that's the total estimated death toll, not just the next two weeks.;Non toxic;0;0;1;0;120
Deal with it.;Non toxic;0;0;1;0;120
or the episode where Rikers falls in love with the kinda-but-not-really trans alien. they had to use an afab actor for that role but it still pushed boundaries;Non toxic;0;0;1;0;120
Can’t be great to sleep on 🤨;Non toxic;0;0;1;0;120
Racist white gays really do need to fuck off. He says the word cracker in response to a guy saying he doesn’t care about black people, and you basically call him a slave?? Are you an idiot??;A little racist;1;1;1;0;120
"Bootlicker.

Of course they do. But not nearly at the same rate, and white people can get away with way more shit. You had white fascists storming the fucking Capitol building screaming in pigs' faces and they didn't blink.";A little racist;1;1;1;0;120
Traps are gay.;Racist;2;1;1;0;120
Bruh China sucks major ass. Sending all their minorities to *reeducation* camps;Extremely racist;3;1;1;0;120
"""Nigger"", from my grandpa";Racist;2;1;1;0;120
What's that video of the cop shooting his own undercover officer then whales like the fucking man child he is. Shit is hilarious;Harassing;2;2;1;0;120
"Yeah, Trump misses one vowel because his teleprompter is washed out and it's front page of reddit.

Biden invents his own fucking language and you shy your face like you accidentally saw up your great aunt's skirt.";A little harassing;1;2;1;0;120
Dumb troll. Get a job.;A little harassing;1;2;1;0;120
"&gt; Can't really be throwing around the word lazy

The fuck I can't. She is lazy as the day is long. She does nothing. She produces nothing of value. She is lazy. Who gives a fuck if her husband has fewer subscribers than she does? It's not like either of them have jobs.";A little harassing;1;2;1;0;120
Just grab a few and run away.  Fuck that guy.;A little harassing;1;2;1;0;120
This is quite possibly the only time you get to pretend you are a scavenger in a post apocalyptic wasteland.  Wear the shit out of that gasmask;Extremely vulgar;3;3;1;0;120
Pictures of shit _not_ in the toilet bowl... why? I don't know.;Extremely vulgar;3;3;1;0;120
But a crumb of pussy madam;Extremely vulgar;3;3;1;0;120
"Sitting here being a bitch about it isn't gonna help anything. You know how we got the most change this country has seen in decades? Protesting. 

It's almost like we could try that some more.";Vulgar;2;3;1;0;120
Are you kidding? I posted this shit a while ago;A little vulgar;1;3;1;0;120
Definitely. We should kill all of them;Extremely violent;3;4;1;0;120
They should be burned alive.;Extremely violent;3;4;1;0;120
If a real Italian read this sentence they’d probably punch you in the balls;Extremely violent;3;4;1;0;120
Eww, refer to me as a disgusting subhuman Celt again and I'll blood eagle your mother.;Extremely violent;3;4;1;0;120
They will kill you.;Extremely violent;3;4;1;0;120
He may own the cat but that doesn’t give him the right to abuse it;Non toxic;0;0;1;0;121
Lady legs lol! Your comment has me in stitches 😂;Non toxic;0;0;1;0;121
Uzbekistan: being Uzbeks, aka Persians disguised as Turks.;Non toxic;0;0;1;0;121
RemindMe! 5 days;Non toxic;0;0;1;0;121
"Yes! In many places you are better off getting unemployment than working part-time. 

Not to mention that Sephora employees normally have to touch people's faces and skin, which is a big no-no in this situation. They are safer on unemployment";Non toxic;0;0;1;0;121
He was a fucking fascist white supremacist dictator who killed millions of people what are you on;Racist;2;1;1;0;121
The Chinese are disgusting people. They Live like animals.;A little racist;1;1;1;0;121
"Pakistanis blindly follow Islam, shit on Hindus Buddists and Sikhs for 'worshipping statues', and praise the Mughal Empire.

Without knowing that their ancestors were Hindus, Buddists and Sikhs who were oppressed, subjugated and raped into Islam by the Mughals.";A little racist;1;1;1;0;121
shut up cum of israel;Extremely racist;3;1;1;0;121
They are homosexual extremists.;A little racist;1;1;1;0;121
"tiktok? downvote!

Stop using that fucking garbage app!";Harassing;2;2;1;0;121
Was that idiot doubting that the Nazis started WW2?;A little harassing;1;2;1;0;121
Probably because most of parliament are landlords, the bastards.;A little harassing;1;2;1;0;121
Thankfully most violent scum ducks are stupid. Unfortunately some scum ducks are not. I’d change duck to fuck but my autocorrect made me laugh.;Harassing;2;2;1;0;121
Warrens plan was absolutely NOT comprehensive, you liar. And every bit of sanders plan was outlined but maybe it was too much for you too understand? Doubt you even checked, neoliberals do not give a fuck in the end.;A little harassing;1;2;1;0;121
Coffee oatmeal with low cal sweetner is the shit;Non vulgar;0;3;1;0;121
"It has done remarkably well in the face of economic hardship and the US imperialist embargo, which even this article by the HRW (lol) calls ""misguided"". In the fucking title.";Non vulgar;0;3;1;0;121
"This doesn't make me appreciate the ""little things"". It makes me fucking sad that she doesn't have a normal happy life. Is it wrong that I want literally everyone to have a normal life without being guilted about the life which I currently have?";Non vulgar;0;3;1;0;121
Well that sucks. Sorry man, there isn't anything else on that list I want.;Vulgar;2;3;1;0;121
Doesn't she go on and on about hating being called inspirational? It's the same shit.;A little vulgar;1;3;1;0;121
You're on the subs ban pitbulls and pit bulls hate. There's no talking to you. Think whatever you want dude. My dogs are never on leashes. The worst they'll do is lick you to death. They're terrible guard dogs. I must be getting defective dogs since they're not trying to kill me. If you shoot someones dog because they come up to you, you're going to get shot.;Violent;2;4;1;0;121
Because when you rape, murder, and torture a kid for months on end until they die (or do the above at all), you deserve to die yourself. But please tell me why a child rapist, murderer doesn’t deserve to die;Extremely violent;3;4;1;0;121
"HE SHOULD BE ARRESTED!!!!

Let’s riot and burn the city!!!";Extremely violent;3;4;1;0;121
You should Be a dog and go for the kill;Extremely violent;3;4;1;0;121
I would kick you;Extremely violent;3;4;1;0;121
or the episode where Rikers falls in love with the kinda-but-not-really trans alien. they had to use an afab actor for that role but it still pushed boundaries;Non toxic;0;0;3;1;122
Im just a banana bro. Im assuming youre referring to the chat lounge;Non toxic;0;0;3;1;122
"The first post and I was like ""same""

Mad about money being exchanged for goods and services";Non toxic;0;0;3;1;122
Noice;Non toxic;0;0;3;1;122
Are you eating for the Easter skins? They're not gonna release them on april fools.;Non toxic;0;0;3;1;122
Hating dumb, racist rednecks and greedy, human dragons is the foundation of juggalo theory.;A little racist;1;1;3;1;122
Racist white gays really do need to fuck off. He says the word cracker in response to a guy saying he doesn’t care about black people, and you basically call him a slave?? Are you an idiot??;A little racist;1;1;3;1;122
Stupid Palestinians, why don’t they go back to... *checks notes*... oh;A little racist;1;1;3;1;122
You’re black. God roasted you enough;Racist;2;1;3;1;122
"If you can’t stop being gay die

-WBC";Extremely racist;3;1;3;1;122
"All these fucking companies pulling their usual shit x5 now that people are forced to work/study from home and have no choice but to use a half dozen different proprietary programs (whatever your fucking boss/university demands 😎😎😎).

The GNUlag just got 100,000 prisoners bigger.";A little harassing;1;2;3;1;122
"When you ban a subreddit or discord, you don't prove them wrong, only that you fear what they say. Fuck censorship. All flavors. 

The blacklisting of undesireables, be it Ex-President Trump or Wall Street Bets, is fucking creeps";Harassing;2;2;3;1;122
why is the swastica so veigny? looks like a bunch of dicks;Harassing;2;2;3;1;122
Like you wouldn't pass up the chance to fuck Shrek.;Extremely harassing;3;2;3;1;122
Bend the knee you pussies.;A little harassing;1;2;3;1;122
Why would you steal shit made in China?;Vulgar;2;3;3;1;122
"Uhh...

Lancer Armour? I think that's it?

Nono, I'll ask one better, someone justify Crystalbeard Uragaan. That thing is damned pointless.

Oh and fuck his new Master Rank spicy rollout thing. Because I didn't need yet more things to force me to stop guarding everything because fireblight.";A little vulgar;1;3;3;1;122
"Sitting here being a bitch about it isn't gonna help anything. You know how we got the most change this country has seen in decades? Protesting. 

It's almost like we could try that some more.";Vulgar;2;3;3;1;122
I actually think jumping is easier until you land, then once you land it really fucked up your aim (assuming you jamp sideways);Vulgar;2;3;3;1;122
Soledad is a cunt and I’m not on anyone’s time but mine.;Vulgar;2;3;3;1;122
Yayyyy we can kill future children yayyyyyyyyy;Extremely violent;3;4;3;1;122
I hope you get the virus and die choking for air tbh. You would deserve. It. People like you are a cancerous tumor that needs to be cut out.;Extremely violent;3;4;3;1;122
Eww, refer to me as a disgusting subhuman Celt again and I'll blood eagle your mother.;Extremely violent;3;4;3;1;122
Infant rape?? This dude needs to be tortured to death not given a prison sentence;Violent;2;4;3;1;122
As always, death to Israel inshallah;Extremely violent;3;4;3;1;122
or the episode where Rikers falls in love with the kinda-but-not-really trans alien. they had to use an afab actor for that role but it still pushed boundaries;Non toxic;0;0;1;0;123
Did you know that mushroom spores can have thousands of different sexes. like not just boy and girl but also egsr and ij46 and dbxgoh and sekbh, i just made those up because i don't know what they call the other sexes of if they even have names;Non toxic;0;0;1;0;123
Turns the guy around causing his momentum to turn with him. Nice physics.;Non toxic;0;0;1;0;123
Did you ever play tricks on it? Put baking soda on the dark spots and let it catch itself in the dark area?;Non toxic;0;0;1;0;123
"Historical value, probably not. But your wrong claiming they serve no educational value. That's a qualitative assessment and its basically just your opinion on the matter. 

Depends on the quality of the OC.";A little toxic;1;0;1;0;123
White genocide, the idea that girls won't fuck me and it's because Jews;Racist;2;1;1;0;123
Nazi punk fuck off;A little racist;1;1;1;0;123
She rules your gay;Racist;2;1;1;0;123
Fuck stonetoss, guys a nazi;A little racist;1;1;1;0;123
White PMC gays are the worst;Racist;2;1;1;0;123
"You know me so well. 

A) You're an idiot for confusing the personalities of the women you allegedly spent a few minutes near with their ability to show personality through performances.

B) You seem like a simp.";A little harassing;1;2;1;0;123
How do you know what the fuck I've achieved you absolute clown. I don't work a labor job. I went to college, I've worked office, white collar jobs since I was 18 years old. I'm simply advocating for better life circumstances for the average person. Maybe its hard for you to understand having empathy for people who have it worse than you.;A little harassing;1;2;1;0;123
Not fucking Reddit;A little harassing;1;2;1;0;123
What's that video of the cop shooting his own undercover officer then whales like the fucking man child he is. Shit is hilarious;Harassing;2;2;1;0;123
Jimmy Dore is right... wing’s useful idiot.;Non harassing;0;2;1;0;123
Not true. I can't find a blops game for shit.;Non vulgar;0;3;1;0;123
OP is the real piece of shit for making up a story about some random person so they can post it on reddit;A little vulgar;1;3;1;0;123
Well it's different in the sense that Scottish independence makes a fuck of a lot more sense than Brexit.;Non vulgar;0;3;1;0;123
"Tetris Effect is ~5GB, and it's got better and more varied graphics than Modern Warfare.

(Seriously, if you haven't played Tetris Effect, give it a shot. It's a fucking masterpiece of audio-visual art.)";A little vulgar;1;3;1;0;123
"One bad apple in my school class definitely didnt make the other classes or teachers hate my entire class lol, what a broken comparison

Youre actually just an asshole for your ""righteous act of divine pettiness"" at that gas station, so why are you bragging about it like it is some great achievement?

Exactly this ""fuck them all"" mentality is something racists, homophobes and nazis have to hold to justify their feelings of prejudice. You are no different to them, you just unconditionally hate different things.";Vulgar;2;3;1;0;123
They are absolute bastards and will rip your face off given the chance;Extremely violent;3;4;1;0;123
death to g*merikkka;Violent;2;4;1;0;123
I will beat you with my shoe alb*nian;Violent;2;4;1;0;123
what happens if I want to kill you;Extremely violent;3;4;1;0;123
You look like you’re about to die man lmao;Extremely violent;3;4;1;0;123
Thanks for the mention, bro;Non toxic;0;0;1;1;124
Patsy wrote it. I studied this for many hours working as a reporter on the case. That is the most obvious part of the case to me.;Non toxic;0;0;1;1;124
Yep and election Joe Biden isn't going to fundamentally change a thing.;Non toxic;0;0;1;1;124
[Stay away from Fort Pillow though](https://en.wikipedia.org/wiki/Battle_of_Fort_Pillow)!;Non toxic;0;0;1;1;124
The devs of the game corroborated that Alec was an abuser. They experienced abuse from him for years during development. The game almost didn’t get released because of Alec and Scott is still facing PTSD from those years.;Non toxic;0;0;1;1;124
We should replace white cops in inner city with big black women. They don’t fuck around and no one knows how to deal with bullshit like a pissed off black lady.;A little racist;1;1;1;1;124
"""Fuck Palestinians because other Arabs exist "" 

Guess what, human rights are not conditional on numbers or wether white people feel brown deserve them. 
You wouldn't pull this disgusting logic on any predominantly white country. 

Hey, let's expell italians and leave milluons of them stateless because the assyrians don't have an ethnostate.";A little racist;1;1;1;1;124
Because you're gay.;Racist;2;1;1;1;124
China is pretty based, they're only communist on paper, it's a massive fucking corporate oligarchy and they ban any gay representation and are racist as hell.;A little racist;1;1;1;1;124
-st saying nigger though;A little racist;1;1;1;1;124
Why is working from home stupid? You a window cleaner or something?;A little harassing;1;2;1;1;124
"LOL Pete *might've* won Iowa, though that primary definitely has an asterisk. But keep telling me how someone who won arguably one state was reasonable for dropping out while someone who had won zero states at that point was reasonable for staying in the race. Capital flexed and squeezed out the biggest threat to it- the Sanders campaign. 

LOL Jesus Christ, you fucking idiots are going to be citing Nate Silver right up to the moment the whole fucking country burns down around us.";Non harassing;0;2;1;1;124
you look fucking great! I'm pre everything, but you are exactly what I want to look like! Blending in is overrated as fuck;Non harassing;0;2;1;1;124
What the fuck I got Alice? Fucking Buzzfeed quizzes lmao.;Harassing;2;2;1;1;124
**WRATH, MOTHERFUCKERS!!!!***;Harassing;2;2;1;1;124
Can jhin mains stop sucking off their champion for a moment;Vulgar;2;3;1;1;124
"The last Star Wars trilogy was pozzed as fuck and it's been liberal since the beginning. 

&amp;#x200B;

Never played COD can't comment on that one.";Vulgar;2;3;1;1;124
Coffee oatmeal with low cal sweetner is the shit;Non vulgar;0;3;1;1;124
I love shit beer but I gotta have more than 2.5% alcohol.;Non vulgar;0;3;1;1;124
Also, I love how the best worker out of every single person you mentioned is the Joshi champ. People sleep on Io because womens wrestling is historically taken less seriously bit Io has been proving herself as a top 5 talent in the world regardless of gender and that's so fucking cool to me.;Vulgar;2;3;1;1;124
Hope u get aids and die;Extremely violent;3;4;1;1;124
"*We should join united front to kill all fascists.*

Makes sense.

*Then, we kill you.*

Makes sense.";Extremely violent;3;4;1;1;124
You look like you’re about to die man lmao;Violent;2;4;1;1;124
Because she killed the man and I HOPE SHE BURNS IN HELL!;Extremely violent;3;4;1;1;124
"Die

Die

or Die";Extremely violent;3;4;1;1;124
good taste in cymbals. That brand is underrated asf;Non toxic;0;0;2;0;125
It’s been said before but big respect to you for actually sourcing the artist;Non toxic;0;0;2;0;125
"&gt;just a mod

0.00$";Non toxic;0;0;2;0;125
"&gt;They're preparing to ban Smuggies and WatchRedditDie.

Stop I can only get so erect";Non toxic;0;0;2;0;125
Good news;Non toxic;0;0;2;0;125
Gay is ony ok for june!! And strate isnt cool i in june!! Chage ur pfp to gay colors!! But i cant for black protracts!! Why cant i just fuckin grillll mmnnnnnnn;A little racist;1;1;2;0;125
Ah yes, linclon, the man who wanted to send the niggers back to Africa;A little racist;1;1;2;0;125
Tf is this sub nigga;Racist;2;1;2;0;125
Racist white gays really do need to fuck off. He says the word cracker in response to a guy saying he doesn’t care about black people, and you basically call him a slave?? Are you an idiot??;Racist;2;1;2;0;125
"""Elevated area"" give me a break, it's barely a stage. Getting in someone's personal space and purposefully ruining their art is endangering yourself. Drunk people aren't children, they know better. This guy wanted to be a dick and fuck with the performer and got off easy all things considered.

Haven't even got in to the fact that most drag queens are gay men who've had to deal with homophobic brodudes fucking with them their whole life. You either stick up for yourself or get treated like garbage.";A little racist;1;1;2;0;125
"&gt; i dunno man good guys seems extreme they’re more like the lesser evil guys

Is this a fucking troll? Am I tripping on LSD and don't know it? Or is your existence so warped and your mind so fucked that you genuinely believe this garbage?

Because if so, we need to figure out a way to quarantine you permanently so you don't infect others with your filth.";A little harassing;1;2;2;0;125
She says  something smart and then something stupid,  she stands up to the establishment then bends over backwards to suck their dick. Everything is extremism.;A little harassing;1;2;2;0;125
Cadence woulda been better without “stupid ass”;Harassing;2;2;2;0;125
Only an idiot would think this is real.;Harassing;2;2;2;0;125
"theyre just human beings, i agree. 

the problem is that weve decided that these particular human beings are apparently the arbiters of who gets to live and who gets fucked. 

cops are far too fucking stupid to handle this responsibility.";Harassing;2;2;2;0;125
I’m kinda bummed this is downvoted.  Don’t usually care about that shit either.;Vulgar;2;3;2;0;125
"what kind of incel bullshit doesn't understand this simple fact that women are more than happy to throw themselves at wealthy successful men?  what kind of incel doesn't understand that over 90% of communication is non-verbal, and thus asking is not required... that you just suck at interacting with women non-verbally...

seriously, you're just proving how low information democrats really are in 2020... so low information that you don't understand even basic sexual relationships.";A little vulgar;1;3;2;0;125
Why would you steal shit made in China?;Vulgar;2;3;2;0;125
Faux socialist, wannabe breadtuber with absolute shit takes.;Vulgar;2;3;2;0;125
Y’all wonder why dumbass kids keep falling into this dead end life then turn around and honor them as “fallen soldiers” lol ain’t shit glorified or noble about dying at 17 behind some bullshit. There is nothing cool or romantic about this life. And yeah true that applies to actual soldiers too but at least they’re supported by society and their families are taken care of a little by the government. These people just die for absolutely nothing. Petty beef;A little vulgar;1;3;2;0;125
"*We should join united front to kill all fascists.*

Makes sense.

*Then, we kill you.*

Makes sense.";Violent;2;4;2;0;125
Kill or be killed;Extremely violent;3;4;2;0;125
I will take my 153 with ap20 and kill you;Extremely violent;3;4;2;0;125
If you do not heed my warning foolish mortal, you will suffer a thousand deaths;Extremely violent;3;4;2;0;125
Death to capitalism;Extremely violent;3;4;2;0;125
and she has 400 base hp lol;Non toxic;0;0;1;0;126
"&gt;just a mod

0.00$";Non toxic;0;0;1;0;126
is this a satire subreddit?;Non toxic;0;0;1;0;126
Yes;Non toxic;0;0;1;0;126
That's a difference so fine it's almost nonexistent. Monopoly-building, regulatory capture, and anti-competitive practices are all forms of rent-seeking behavior.;A little toxic;1;0;1;0;126
Niggardly;A little racist;1;1;1;0;126
Stupid southerners stole it from the Greeks, who were not racist only homophobic.;A little racist;1;1;1;0;126
Must suck getting your news from Stormfront, Nazi dumbass;Racist;2;1;1;0;126
If you cuff me you're gay.;Racist;2;1;1;0;126
"""Nigger"", from my grandpa";Racist;2;1;1;0;126
Only an idiot would think this is real.;A little harassing;1;2;1;0;126
"https://www.cdph.ca.gov/Programs/CID/DCDC/Pages/Face-Coverings-Guidance.aspx

I did, there is no mention of asthma at all on this link which is the CA guidelines for face coverings during COVID. Unless you can provide a link, you're a liar spreading misinformation to make a point, ya chucklefucking muppet.";A little harassing;1;2;1;0;126
"I dunno man, do you suck yourself off and then spit the cum into a 120 IQ bride or what?

This is a thought experiment that is the epitome of selfsuck.

How are your kids doing by the way?";Harassing;2;2;1;0;126
Honestly this sub is fucking terrible for monitor advice if you want something other than what the idiots here circle jerk about.  I would recommend doing a lot of research and then making a decision yourself based upon needs.;A little harassing;1;2;1;0;126
I looked it up. They paid taxes. You're retarded.;Non harassing;0;2;1;0;126
She ran away from the UK's god awful tabloid press, not to avoid being a public person completely. Pretty obvious shit.;Non vulgar;0;3;1;0;126
kiss my piss dork lmaoo;Vulgar;2;3;1;0;126
PayPal is still assho;Non vulgar;0;3;1;0;126
Doesn't she go on and on about hating being called inspirational? It's the same shit.;A little vulgar;1;3;1;0;126
“Affordable” means “I am a shit lib”;A little vulgar;1;3;1;0;126
Yes, but I’ll be shot for being considered a liberal after a glorious global communism is established, and you’ll be shot very early on in the process because you’ll be playing with your dads handgun and accidentally shoot your dick off and bleed out.;Extremely violent;3;4;1;0;126
"Chuds: Don't punch Nazis

Also Chuds: If someone was stealing from my car I will murder them.";Extremely violent;3;4;1;0;126
I hope they all choke on their own lung fluid;Extremely violent;3;4;1;0;126
Bolsanaro should be the first leader to die;Extremely violent;3;4;1;0;126
I hope he gets beat up;Extremely violent;3;4;1;0;126
They aren’t conflicting at all. If the gadget has no counter play, it is poorly designed. What if you are a jager for example, how are you getting around it? You can’t tank it like an airjab or shoot it like trax. And due to its linear functionality the gadget would either be insanely strong on some points or extremely weak on others, and it is also very reliant on the enemy team comp. operators like this typically are very frustrating to play against, such as ying, clash, montagne, and mira.;Non toxic;0;0;1;0;127
I got into a survival match after 10 mins in queue last night at around 3am so..;Non toxic;0;0;1;0;127
"The largest spider, the Goliath bird eating spider, weighs 170 grams, meaning if he ate 165,000,000 per day he’d have to eat more than 61 million pounds of spider every day.

The worlds smallest known spider, the Patu Digua, is too small to weigh, but it’s length is .37 millimeters- 1/810th the length of the Goliath Bird eating spider. Estimating it’s weight based solely on scaling down the Goliath bird eater, we can very roughly guess it weighs a mere .00000032 grams. So Spiders Georg would only have to eat 52.78 pounds of spider per day if he was eating this kind of spider. Males are even smaller than females, so if Spiders Georg could somehow sex more than 1,900 spiders per second, he could eat even less in terms of weight, perhaps even a feasible amount.";Non toxic;0;0;1;0;127
Chicken of the Cave Flu;Non toxic;0;0;1;0;127
rearched;Non toxic;0;0;1;0;127
Delusional. Wait till find out they are marching to a convict, who beat pregnant black women..;Racist;2;1;1;0;127
"Wait if they already conflated "" jogger"" with ""nigger"", how is white people jogging going to be seen as racist? Aren't they also ""joggers""";A little racist;1;1;1;0;127
hell yeah gay shit fucking rules \*sucks dick for funsies\*;Racist;2;1;1;0;127
"just pray they don't find ""THIS NIGGAS A SANDWICH""";Racist;2;1;1;0;127
"God Americans need to get a fuckin hobby or something. This ""Black People"" shit is getting old.";A little racist;1;1;1;0;127
BWAHAHAHAHAHAHAHAHAHAHAHAHAHAHAHAHAAAAAAAAA!!!!!!!!  What a moron you are!   Seriously though, as proud as I am that you can use Google, those studies don't actually mean anything and prove even less.  Not that I expect a drooling retard like you to know anything though.  You wouldn't know science if it ran over your foot.;Harassing;2;2;1;0;127
"theyre just human beings, i agree. 

the problem is that weve decided that these particular human beings are apparently the arbiters of who gets to live and who gets fucked. 

cops are far too fucking stupid to handle this responsibility.";Harassing;2;2;1;0;127
What the fuck I got Alice? Fucking Buzzfeed quizzes lmao.;A little harassing;1;2;1;0;127
Chad I dig you. Big fan- But you are being a moron and Bisbing would smash the shit out of you.;Harassing;2;2;1;0;127
" ""Fuck your second amendment"" 

uh, no.  What does the laughing world you speak of think about Venezuela or all the other places with no recourse against tyranny?  Is that hilarious too?  Your examples of things that are already illegal still happening doesn't help your argument of making guns illegal btw.";Harassing;2;2;1;0;127
Pete sucks but her posting 'all lives matter' and defending cops was worse;A little vulgar;1;3;1;0;127
They're kinda weird ngl. I think the internet does that to people.. they say anything because no one can judge them, I'd hope no one would say this shit irl;Vulgar;2;3;1;0;127
You're a brave one for shitting at school, they're stupid for having sex at school;Vulgar;2;3;1;0;127
Welp time to get the wife to make me badges stating I'm not an asshole I just have fashion issues.;Vulgar;2;3;1;0;127
"Lmao at that radlib crying about ""out of context clips and bad faith arguments."" 

I don't give a fuck what the context is, there is **NO** correct context for calling LGBT people or people with mental illnesses ""subhumans.""";Vulgar;2;3;1;0;127
"I will massacre all G*mers on June 20tg

-Xi Jin pIng";Violent;2;4;1;0;127
If you cross them, they'll shoot you with guns your taxes paid for.;Extremely violent;3;4;1;0;127
If I knew you in real life I would punch you in the face;Extremely violent;3;4;1;0;127
Kill them. Kill them now;Violent;2;4;1;0;127
You are sentenced to death for being a femboy;Extremely violent;3;4;1;0;127
This exactly. Rent-seeking. Read Henry George. Unlike Marx, his predictions actually come true and so long as you don't apply his principles, you'll wish they didn't.;Non toxic;0;0;1;0;128
Uh why do you need computers to use snapchat lol;Non toxic;0;0;1;0;128
these are so cool;Non toxic;0;0;1;0;128
I don’t care that people don’t agree with me, genius.;Non toxic;0;0;1;0;128
Posted in r/tumblr;Non toxic;0;0;1;0;128
Quit being a pussy nobody literally hates white women;A little racist;1;1;1;0;128
Nazi punk fuck off;A little racist;1;1;1;0;128
i'm going to use my white privilege to say you're a white trash bootlicker motherfucker and make me embarrassed to be american with your white trash thinking.  black lives matter.;A little racist;1;1;1;0;128
White PMC gays are the worst;Racist;2;1;1;0;128
Because you're gay.;Racist;2;1;1;0;128
"CTRL-F ""COVID"": no results. This isn't even about the right disease, you moron.";Non harassing;0;2;1;0;128
Not fucking Reddit;Non harassing;0;2;1;0;128
Okay, so you're actually just a moron. Got it.;A little harassing;1;2;1;0;128
Reformism is the dreamland that the rich fascists use to keep the working class in check. It's all fucking bread and circuces;Non harassing;0;2;1;0;128
Traitor! Traitor! You’re all traitors!;Harassing;2;2;1;0;128
"EVERYONE is doing knee-jerk patriotic ""thank u 4 ur service"" virtue posts right now because orange man bad. It's like the people who shit on Trump for being a draft dodger. Like, fuck him, but I'm not going to fault anyone who didn't want to die in Vietnam. Instead of kissing the asses of the public military figures, maybe we should spend this time talking about how predatory recruiters lurk around poor schools and are now trying to get gamers to enlist.";Vulgar;2;3;1;0;128
Nah, that ain't shitty.;A little vulgar;1;3;1;0;128
Wow s14 people are assholes for getting mad at Ian for rocking on the hammock. They should've realized it was a comfort thing even if they thought it was weird and didnt know he was autistic.;A little vulgar;1;3;1;0;128
You're a brave one for shitting at school, they're stupid for having sex at school;Vulgar;2;3;1;0;128
The thing they said about being an adult. If something is a minor inconvenience for you, but will be of exponentially greater good towards your relationship with someone you may have to interact with long term, that call seems really fucking easy to me.;Vulgar;2;3;1;0;128
No the “I’m gonna kill you” is him I think;Extremely violent;3;4;1;0;128
He needs to die and quick;Extremely violent;3;4;1;0;128
Then you die;Extremely violent;3;4;1;0;128
And then he rapes you;Extremely violent;3;4;1;0;128
If I were PCG I'd burn your house down again too;Extremely violent;3;4;1;0;128
Just your typical left winger engaging in a debate.;Non toxic;0;0;1;1;129
Ok.;Non toxic;0;0;1;1;129
Are you eating for the Easter skins? They're not gonna release them on april fools.;Non toxic;0;0;1;1;129
I prefer mental pain over physical pain. I just feel like i had enough physical pain in my life. And about mental pain - i just tend to forget stuff, not take it too seriously, or let myself think much about it;Non toxic;0;0;1;1;129
Cyclists not being self aware?  Im shocked!;Non toxic;0;0;1;1;129
Gargle my cum nazi scum;Racist;2;1;1;1;129
If you cuff me you're gay.;A little racist;1;1;1;1;129
Imagine thinking some peasant farmers who owned one field deserved death. You’re the big mega gay;Racist;2;1;1;1;129
Nazi punk fuck off;A little racist;1;1;1;1;129
brenda spread that shit like herpes in a gay frat.;Racist;2;1;1;1;129
He’s an attention whore and his sister was removed. A normal person doesn’t record themselves with their dead sister and upload it onto the internet.;A little harassing;1;2;1;1;129
"It also yells ""Fuck you"" when you get killed by it";Harassing;2;2;1;1;129
"What's wrong with Americans? They shit and piss and cry about raycisss cops killing 13%ers but when they witness it in person seems like all they'll do is film it for the twitter likes and calmly inform the cop ""that's not cool bro, u should probably stop killing him bro"".

I don't give a shit if it starts a race war, I'm tired of the fucking foreplay, just do something already. Literally a nation of NPC's why can't u just disappear";A little harassing;1;2;1;1;129
I’m so glad she ended up on Dragula instead. I recently started watching the seasons of RPDR for my fave mainstream queens (Trixie, Alaska, Katya) and it is so insanely frustrating to watch the original seasons (haven’t watched their all stars yet). If you’re not a pretty passing woman you have no chance. Like no one “got” Trixie’s drag so imagine having Evah on? Also, fuck RuPaul for being a transphobic, fracking, asshole.;A little harassing;1;2;1;1;129
Even better if you sit on your dick so it feels like you're jerking off someone else :D;Harassing;2;2;1;1;129
Looks like a bunch of bullshit made up by coping Twitter users lmao;Non vulgar;0;3;1;1;129
The way you're thinking of genetics certainly doesn't exist. It's not a phlogiston you can blame everything on. Unless you can give the rs accession number for SNPdb then you can't talk about genetics, fucktard.;A little vulgar;1;3;1;1;129
158 replies god damn lmao;Non vulgar;0;3;1;1;129
What doomed communism in the 20th century is it's own authoritarianism. Why the hell wouldn't the chinese communist party embrace capitalism to enrich themselves? Why the hell would they give a shit?;Non vulgar;0;3;1;1;129
Cry me a river, shitposter;Vulgar;2;3;1;1;129
Dying because you’re involved with a violent gang =! raped and killed for no reason;Extremely violent;3;4;1;1;129
what happens if I want to kill you;Extremely violent;3;4;1;1;129
All pedias should burn in hell;Extremely violent;3;4;1;1;129
Then I’m gonna have to kill more people;Extremely violent;3;4;1;1;129
"*but I can kill you if you're on my private property*

* cons";Extremely violent;3;4;1;1;129
"&gt; It's obvious they've changed their stance.

I wish, but the fact is Reddit still pretends otherwise.

[“Reddit is quite open and pro-free speech”](https://www.reddithelp.com/en/categories/rules-reporting/account-and-community-restrictions/posting-someones-private-or-personal)";Non toxic;0;0;1;1;130
For a budget snus, Mustang is super good. Working my way through a roll now.;Non toxic;0;0;1;1;130
"&gt;vote with your wallet

Exactly. It's only continuing because it works financially for the companies that release it. Business goes where the money is.";Non toxic;0;0;1;1;130
For gods sake don’t get upset and worried about going soft, take a pill they’re generic now and cheap. Go have fun.;Non toxic;0;0;1;1;130
I have 4 of them, and yes, they're that good. He's also devoting a lot of his production line to make face masks, for free. No one has forced him to do it.;Non toxic;0;0;1;1;130
"Spoiled rotten, lazy as fuck, white liberal bitches telling a based Black woman she can’t drive down the street. 

Get the FUCK out of the road, you stupid white fucks.";Racist;2;1;1;1;130
So business as usual for AHS, but you gotta flair the fuck up mah nigga!;A little racist;1;1;1;1;130
"just pray they don't find ""THIS NIGGAS A SANDWICH""";A little racist;1;1;1;1;130
They are homosexual extremists.;A little racist;1;1;1;1;130
Say nigger. Did you not understand the whole fucking point of the video?;Racist;2;1;1;1;130
"&gt; corporate interests aren't in favor of mass immigration.

🤣🤣🤣🤣 How can you be this much of a dumb fuck?";A little harassing;1;2;1;1;130
"theyre just human beings, i agree. 

the problem is that weve decided that these particular human beings are apparently the arbiters of who gets to live and who gets fucked. 

cops are far too fucking stupid to handle this responsibility.";Harassing;2;2;1;1;130
Stupid Palestinians, why don’t they go back to... *checks notes*... oh;Harassing;2;2;1;1;130
The sixth amendment, and because the Republicans fucking love that shit and want to be able to kill Muslims without a trial more and not less;Harassing;2;2;1;1;130
"No. Everyone with half a brain made that choice. 

The government just made the choice for the fucking morons that aren't listening or paying attention and endangering the rest of us.";A little harassing;1;2;1;1;130
Yea one that has video proof of grouping children and the other said he is able to grab pussy;Vulgar;2;3;1;1;130
"Nigger nigger nigger

Psa you can edit comments after they ban your account";Extremely vulgar;3;3;1;1;130
r/trashy is pretty much overun with racists and shit people so dont know how that will go for you;Vulgar;2;3;1;1;130
He really had to take a crap.;A little vulgar;1;3;1;1;130
"Uhh...

Lancer Armour? I think that's it?

Nono, I'll ask one better, someone justify Crystalbeard Uragaan. That thing is damned pointless.

Oh and fuck his new Master Rank spicy rollout thing. Because I didn't need yet more things to force me to stop guarding everything because fireblight.";A little vulgar;1;3;1;1;130
Because when you rape, murder, and torture a kid for months on end until they die (or do the above at all), you deserve to die yourself. But please tell me why a child rapist, murderer doesn’t deserve to die;Extremely violent;3;4;1;1;130
Yeah but then the good guys win and rape you to death and occupy your nation indefinitely.;Extremely violent;3;4;1;1;130
Maybe someone should choke you and your immediate family to death, see how you like it;Extremely violent;3;4;1;1;130
what happens if I want to kill you;Extremely violent;3;4;1;1;130
"You piss off a poor man: he'll just kill you.

But you piss off a rich man?
He'll kill you all the same, but once he's done, he'll go after what's left of you.";Extremely violent;3;4;1;1;130
"&gt; Τραγική προσπαθεία να το γυρίσεις σε σεξιστικό. Δεν τσιμπάμε.

αλατόνερο και καλές, βαθιές γαργάρες

&gt; Πες μας σε ποιο σχολείο το πήγαινε το παιδί της

σε όποιο ιδιωτικό και να πήγε, θα μας το πείς για μασωνία, τώρα, ε;
&gt; Γιατί όχι δημόσιο και μετά να έχει κάποιον/α από τα λαϊκά στρώματα επι πληρωμης να το προσέχει μέχρι να γυρίσει σπίτι;

η γενική γραμματέας του ΚΚΕ να έχει νταντά, γιαβρή μου; και υπηρέτρια; 


αλατόνερο και καλές, βαθιές γαργάρες  x2";Non toxic;0;0;1;1;131
This is correct. It's also how ants form their 'roads' and know where the food is at when it's way, way beyond their range of sight. You can even exploit this fact by spreading ant pheremones in a circle, and forming something called an 'ant death spiral', where the ants just walk in circles until they drop dead, because they don't know to do anything else.;Non toxic;0;0;1;1;131
Great Scott!;Non toxic;0;0;1;1;131
I don’t think any member of any American party is truly a leftist, but I’m saying generally moving American parties to the left is better than having them stagnant. Unless you believe that moving them to the right would more quickly produce a genuine proletariat revolution, which, I don’t rightfully know;A little toxic;1;0;1;1;131
"Post this on Indeed.com or try Transcription Essentials. You have to create an account on TE and be approved, but as long as you meet their minimum requirement of $1/audio minute, they will let you post the job on their message boards for free. 

If you have any sense of social responsibility DO NOT patronize Rev. It is a cyber sweatshop. As stated here, they pay their workers as low as 30 cents per audio minute ($18 per audio hour) where it takes at least 4 hours to transcribe an audio hour (industry average  for highly seasoned professional transcribers) so $4.50 an hour in wages, which is obviously unethical.

 There are other places that pay  in the $1/audio minute range. You can find a list on TE of companies as well that pay at least that much (not all companies are included on that list).";A little toxic;1;0;1;1;131
Gay imperialist thugs. So wholesome!;Non racist;0;1;1;1;131
The one that confuses me the most is Slavic Nazis. They only thing hitler hated as much as Jews was fucking Slavs.;A little racist;1;1;1;1;131
Gay is ony ok for june!! And strate isnt cool i in june!! Chage ur pfp to gay colors!! But i cant for black protracts!! Why cant i just fuckin grillll mmnnnnnnn;Racist;2;1;1;1;131
Traps are gay.;A little racist;1;1;1;1;131
Nah son, niggas are too busy creating genders and being offended at shit.;Racist;2;1;1;1;131
"Oh, he is.

^(He's also a son of a bitch. If you've seen MW2 then you'd know what I mean by that.)";A little harassing;1;2;1;1;131
"The dumbass put his zoo in the Ferrari guys name. He's fucked.

Oh my god I just watched his campaign manager have to absolutely rip his dab pen just to describe his experience working for Joe.";A little harassing;1;2;1;1;131
She says  something smart and then something stupid,  she stands up to the establishment then bends over backwards to suck their dick. Everything is extremism.;Harassing;2;2;1;1;131
"&gt;dont fuck around with kratom

&gt;dont fuck around with kratom while being a junkie";A little harassing;1;2;1;1;131
What the fuck I got Alice? Fucking Buzzfeed quizzes lmao.;A little harassing;1;2;1;1;131
Funny how police need to deal with people on drugs regularly, but seem to fuck it up. Like maybe they could do with training for situations they are likely to encounter.;A little vulgar;1;3;1;1;131
"Calling someone homophobic isn't burying someone. It's proving you've taken the gay pill, and will gladly present your ripe asshole to the Marxist fa\**ots that want to see your country gone, and your children re-educated and pumped full of hormones.

And I can't see your bio on mobile. Let me guess, you got the autism, so it's ok to be playing with toys as a grown ass man?";Vulgar;2;3;1;1;131
They're kinda weird ngl. I think the internet does that to people.. they say anything because no one can judge them, I'd hope no one would say this shit irl;Vulgar;2;3;1;1;131
"This was one of the first shoot videos I ever watched, and it disappeared completely for some time. Now it's back in small clips on YT, and I'm glad to see it back. 

Gotta love the big ass dip HBK has in his mouth during half the interview. 1999 Shawn Michaels really had no Fucks to give.";A little vulgar;1;3;1;1;131
Cry me a river, shitposter;Extremely vulgar;3;3;1;1;131
All redditors should be round up into camps and killed;Extremely violent;3;4;1;1;131
All pedias should burn in hell;Extremely violent;3;4;1;1;131
You kill me your betta, I kill you I’m betta;Extremely violent;3;4;1;1;131
That’s one way of getting yourself raped and killed anywhere in the Middle East.;Extremely violent;3;4;1;1;131
Yes, but I’ll be shot for being considered a liberal after a glorious global communism is established, and you’ll be shot very early on in the process because you’ll be playing with your dads handgun and accidentally shoot your dick off and bleed out.;Extremely violent;3;4;1;1;131
No Amazon listed on the 23rd? Gonna get calls for that;Non toxic;0;0;1;1;132
no, you play Poppy.;Non toxic;0;0;1;1;132
Dayum.;Non toxic;0;0;1;1;132
"If your life is less than a few decades maybe, which would also explain why you don't know anything... So I guess, congratulations? You've shown yourself to be as right as a broken clock..You ...win?

So sad.";Non toxic;0;0;1;1;132
Lady legs lol! Your comment has me in stitches 😂;Non toxic;0;0;1;1;132
You can tell when the melons know they fucked up when they start making moral equivocations with the ***fucking nazis*** and ***white supremacists***;A little racist;1;1;1;1;132
yeah nyc is filled with racists, homophobes, and bigots, you guys fit right in there!;A little racist;1;1;1;1;132
"Aren’t the protests for black live matter full of black people that will likely contract Covid 19 and possibly kill some? 
Is it only the manner of death that they care about? 
Covid 19 kills blacks = ok no problem. 
Black people kill hundreds of black people in inner cities every day = ok that’s fine. 
Black women abort thousands of black babies every fucking day in America = par for the course. 
One bad cops kills one black guy in the commission of a crime = OMG this is a huge problem that requires us to destroy black businesses and black landmarks to show the white man how angry we are.
Gtfoh";Racist;2;1;1;1;132
No you dont understand! You have to watch porn otherwise youre a weirdo! Fucking gay mod.;Racist;2;1;1;1;132
I can't see because your stupid book and closeted-gay-ass hand is in the way.;Racist;2;1;1;1;132
"Oh shit the fash is back.

&gt;The notion that there is no coherent ideology, and their adherents are all just thinly disguised genocidal lunatics, probably does their cause more good than harm.

How the fuck. It presupposes adherents to be unthinking troglodytes. Their goal is to oppress and exploit non-whites harder and more aggressively than they are currently being exploited; *is it not??* Calling a spade a spade ensures we all know what a spade looks like.

&gt;Also, the idea that those at the top of the capitalist class are an ""in-group"" of white people, completely obfuscates the multi-racial global empire of elite puppeteers feeding us information through ""the news.""

99% of billionaires in this country are of European descent, and the vast majority of billionaires in the colonized world - the Global South especially - are installed by the US, thereby chosen to advance the interests of 99% of the 1%. 

&gt;When you simplify and demonize different perspectives into categorically evil, violent, confused ideology; you play right into the hands of those that seek to profit from the division of the ""out-group"" which includes all races.

Bull fucking shit. This must be the new version of All Lives Matter. You can stop being a Nazi. You cannot stop being someone Nazis hate. 

If your thesis statement is that the inferiority of other people is self-evident based on aspects of themselves they cannot control, and that they are forfeit the same protection and rights you enjoy (and it's always *you,* fucker) then we can all, with a clear conscious and sound mind, call you categorically evil, violent, and confused.";Harassing;2;2;1;1;132
Was that idiot doubting that the Nazis started WW2?;A little harassing;1;2;1;1;132
A bunch of rich fucks who have never protested anything in their lives, and pathetic attendance in any case;Harassing;2;2;1;1;132
Busy body idiots with nothing else to do lol.;A little harassing;1;2;1;1;132
"It may not be the wrong choice for him, but that doesn't mean he isn't a POS for it.

""Fuck you I got mine"" is a piece of shit attitude.";A little harassing;1;2;1;1;132
Right, I remember the first time I went to use a blood vial I was like “oh gross I’m about to drink blood lmaoo-“ then my dude just jabs a dirty ass syringe of old blood into his leg like it’s nothing;Vulgar;2;3;1;1;132
Clearly satire this sub is such a shithole;A little vulgar;1;3;1;1;132
Shit I forgot sorry lol tomorrow ok or you need me to get on real fast?;Non vulgar;0;3;1;1;132
Note: do not pull out of the doggy thing for gme resources it is its own moonshot at this point. Get every fucking piece of shit you know to scramble for gme they are trying to make it a pop culture phenomenon in the hopes that actual gamestop offers a stock infusion which they will short;A little vulgar;1;3;1;1;132
Once someone told me to shit in my hands and clap after a round with the slug 725 I mentioned in which I went like 40-15;Vulgar;2;3;1;1;132
Or they could die and Madi will be left there forever and starve to death;Violent;2;4;1;1;132
You will die with us;Extremely violent;3;4;1;1;132
They deserve to go to jail.;A little violent;1;4;1;1;132
Rape the children and kill the women;Extremely violent;3;4;1;1;132
They should be burned alive.;Extremely violent;3;4;1;1;132
Capricorn sells a whole kit that includes everything.;Non toxic;0;0;2;1;133
"If your life is less than a few decades maybe, which would also explain why you don't know anything... So I guess, congratulations? You've shown yourself to be as right as a broken clock..You ...win?

So sad.";Non toxic;0;0;2;1;133
I think you might need to review your numbers slightly.  It went from 1695 to 3141 from end-of-Friday to end-of-Monday, that’s a 72 hour period and about 250 yet shy of doubling.;Non toxic;0;0;2;1;133
See for example the Fraternal Order of Police;Non toxic;0;0;2;1;133
"&gt; USPS is on the brink of financial failure. 

Because Congress forced them to prefund pensions not because they're somehow inept.";Non toxic;0;0;2;1;133
"So, mods are...not gay? 

/s It’s fucking disgusting and homophobic. Impeach them.";Non racist;0;1;2;1;133
So... you’re gay;A little racist;1;1;2;1;133
"&gt; What a fucking insane generalization to paint all white people with. It's almost like you're a horrible and extremely racist person. Lemme guess that you're a self-flagellating white person...

The Dems are the real racists sweaty! Also you're a race traitor if you help non-white people.";A little racist;1;1;2;1;133
Pathetic little Nazi shit.;Racist;2;1;2;1;133
White girls *do* fuck dogs though;Racist;2;1;2;1;133
we're all clenching our assholes;Harassing;2;2;2;1;133
That dumbass needs to brush more than once a month.;Harassing;2;2;2;1;133
fuck off lefty;A little harassing;1;2;2;1;133
"I'm as left as they come, but Biden is such a fucking starfucking loser that only cares about whether or not people like him, that he can be convinced to do all the things he says he won't.

M4A, Marijuana, college debt relief, etc.

We'll have our time, let's just get the actual wannabe fascist out first, please.

If I lived in California, I'd vote La Riva in a heartbeat, but I live in a swing state, so I'm voting Biden.";Harassing;2;2;2;1;133
"&gt;dont fuck around with kratom

&gt;dont fuck around with kratom while being a junkie";A little harassing;1;2;2;1;133
I really wanna know what dickheads stopped the posting of good interactions between officers and protestors and as long as it fits the sub it should be allowed but i wouldn't wanna see this on like r/blackmagicfuckery ya know;Vulgar;2;3;2;1;133
"and y'all traded demar; that's just how this shit works, sadly";A little vulgar;1;3;2;1;133
There is 0% chance this guy makes it through 10 years of probation. There is a reason why many repeat criminals will just take the jail time over probation, its a fucking scam thats only designed to funnel money out of you and then punish you for any slight misstep. I would bet this guy will be in jail in less than a year.;A little vulgar;1;3;2;1;133
I saw a bumper sticker the other day that said “Fine. Biden2020! But this is bullshit” and now I want one;A little vulgar;1;3;2;1;133
its definitely grown on me, but it isnt front to back bangers like motm/motm II. i love cudi but some of these tracks its apparent how fucked up he was at the time;Vulgar;2;3;2;1;133
"I die
I die
I die
I die
I die";Extremely violent;3;4;2;1;133
Yea they are going to cut out your kidney and sell it if you go.;Violent;2;4;2;1;133
Infant rape?? This dude needs to be tortured to death not given a prison sentence;Extremely violent;3;4;2;1;133
To rape and murder whoever they please;Extremely violent;3;4;2;1;133
I hope all those Germans are rotting in Hell.;Extremely violent;3;4;2;1;133
"*Pokemon: Animal Crossing Version: &amp; Knuckles*";Non toxic;0;0;2;1;134
We can only hope that they get the correct message from the financial information from DOA6 and properly distinguish between game sales and DLC sales.;Non toxic;0;0;2;1;134
America in 1944;Non toxic;0;0;2;1;134
My apologies for not being more specific;Non toxic;0;0;2;1;134
"In the Greek text it is two different translations... for example:

1 John 4:18 “Φόβος”  to be afraid...

1 Peter 2:17 “φοβεῖσθε,” to have great respect, revere...


If you’re going to try and find contradictions in the Bible at least go to the original texts.  It would clear a lot of misunderstandings.";A little toxic;1;0;2;1;134
Idk I think the crowd is gay as fuck, inventing boogie men.  Bunch of rich kids;A little racist;1;1;2;1;134
"&gt; anti-semitic Israel

lol... fuck off nazi";A little racist;1;1;2;1;134
The Chinese are disgusting people. They Live like animals.;Racist;2;1;2;1;134
Because you're gay.;Racist;2;1;2;1;134
I can't see because your stupid book and closeted-gay-ass hand is in the way.;A little racist;1;1;2;1;134
the thing is Biden could get Paul Ryan flustered by laughing him off but Trump is like too fuckin stupid to even care;Non harassing;0;2;2;1;134
Damn that was genius dude. You had the whole comment section fucking wheezing.;A little harassing;1;2;2;1;134
Is this another one of those “heh I’m gonna make look nazi like, but not enough that it’s so obvious no could deny, so left wingers will go crazy!” Idk is he just fucking with us at this point? Does he even know? Jesus. Like for real I showed this to people and they were like “nah fam you see it everywhere” 🙄;A little harassing;1;2;2;1;134
If you believe the bullshit about Russia you are a giant sucker.    Hacking politicians doesn't do shit to change US politics.    The media lies to you about that because they want you to ignore how effective it is for Israel and Saudi Arabia to bribe  politicians in the USA.;A little harassing;1;2;2;1;134
Even better if you sit on your dick so it feels like you're jerking off someone else :D;Harassing;2;2;2;1;134
Lol I was with you till that last part. Absolute clown shit.;A little vulgar;1;3;2;1;134
"Nigger nigger nigger

Psa you can edit comments after they ban your account";A little vulgar;1;3;2;1;134
About to drop a bomb ass single on a wedding and surprise some children at a hospital.;Extremely vulgar;3;3;2;1;134
There is 0% chance this guy makes it through 10 years of probation. There is a reason why many repeat criminals will just take the jail time over probation, its a fucking scam thats only designed to funnel money out of you and then punish you for any slight misstep. I would bet this guy will be in jail in less than a year.;A little vulgar;1;3;2;1;134
"That doesn't make any sense. Are you saying singular they is a problem for when you genuinely don't know someone's gender? That is a genuine problem with English linguistics.

While it concerns pronouns its a different problem than someone demanding you refer to them other than you know them to be.

I don't know who the artist is at all. I know all I need to know. They fucking suck.

I don't need to know their pronouns nor do I give a shit. You running around telling people what pronouns to use or not use. Check yourself.";A little vulgar;1;3;2;1;134
we'll kill him last;Violent;2;4;2;1;134
Then you die;Violent;2;4;2;1;134
I'm gonna strap you down and floss your teeth with my scrotal hair, you stupid little weasel.;Violent;2;4;2;1;134
*You will die;Violent;2;4;2;1;134
Death to capitalism;A little violent;1;4;2;1;134
these are so cool;Non toxic;0;0;1;1;135
i think its funny;Non toxic;0;0;1;1;135
That's a difference so fine it's almost nonexistent. Monopoly-building, regulatory capture, and anti-competitive practices are all forms of rent-seeking behavior.;Non toxic;0;0;1;1;135
Capricorn sells a whole kit that includes everything.;Non toxic;0;0;1;1;135
"This happened a few years ago near me.  Want to know why no-knock warrants are bad policy? Look at who you have to trust for the information.  Typically criminals trying to make a deal or someone trying to divert the cops from their bad actions.  

Yes, the property owner was killed during a raid as he was defending his home from what he thought was a home invasion.  

https://www.ajc.com/news/state--regional/think-you-safe-from-the-war-drugs-read-this/VHyht38Uxnrvyh5ZwayiWP/

https://www.13wmaz.com/article/news/local/judge-questions-former-laurens-sheriff-and-investigators-credibility-in-hooks-death/93-513188091";A little toxic;1;0;1;1;135
huh? tucker is the realest nigga on all these festering platforms. what are you on bro;A little racist;1;1;1;1;135
"Bootlicker.

Of course they do. But not nearly at the same rate, and white people can get away with way more shit. You had white fascists storming the fucking Capitol building screaming in pigs' faces and they didn't blink.";A little racist;1;1;1;1;135
Black supremacists lol what a dumbfuck;Racist;2;1;1;1;135
"Hurr durr.  Being white is racist!!!   -  The left, 2020.

No wonder a civil war in the US is brewing.  People want these fucktards to vanish.";Racist;2;1;1;1;135
Tf is this sub nigga;Racist;2;1;1;1;135
"Do you honestly think that there isn't at least 30-40% of black people that don't want to just live their lives? Really? Would you really be willing to fuck over 21 million people ""WAAAAAH my joggers""";Non harassing;0;2;1;1;135
**WRATH, MOTHERFUCKERS!!!!***;A little harassing;1;2;1;1;135
"What's wrong with Americans? They shit and piss and cry about raycisss cops killing 13%ers but when they witness it in person seems like all they'll do is film it for the twitter likes and calmly inform the cop ""that's not cool bro, u should probably stop killing him bro"".

I don't give a shit if it starts a race war, I'm tired of the fucking foreplay, just do something already. Literally a nation of NPC's why can't u just disappear";A little harassing;1;2;1;1;135
The sixth amendment, and because the Republicans fucking love that shit and want to be able to kill Muslims without a trial more and not less;A little harassing;1;2;1;1;135
I looked it up. They paid taxes. You're retarded.;Harassing;2;2;1;1;135
About to drop a bomb ass single on a wedding and surprise some children at a hospital.;Vulgar;2;3;1;1;135
"That's pretty fuckin' solid.

Jonny Atma did a [crazy good cover of Ellis's theme](https://www.youtube.com/watch?v=Qn8j9FG_3_o) because his wife requested it. 

All the solos on this OST (sax, guitar, etc) were preposterously intense.";Non vulgar;0;3;1;1;135
Note: do not pull out of the doggy thing for gme resources it is its own moonshot at this point. Get every fucking piece of shit you know to scramble for gme they are trying to make it a pop culture phenomenon in the hopes that actual gamestop offers a stock infusion which they will short;A little vulgar;1;3;1;1;135
158 replies god damn lmao;Non vulgar;0;3;1;1;135
"Nigger nigger nigger

Psa you can edit comments after they ban your account";Vulgar;2;3;1;1;135
Eww, refer to me as a disgusting subhuman Celt again and I'll blood eagle your mother.;Violent;2;4;1;1;135
OI YA SHAMEFUL GITZ! IT IZ PRONONCE! SAY IT RIGHT NEXT ‘IME! DO IT OR I’LL BLAST YA HEAD OFF WITH MY SHOOTA!;Violent;2;4;1;1;135
Because people are stupid and those stupid people get shot;Violent;2;4;1;1;135
"😅😅😅 

Stop posting or he's going to kill you";Violent;2;4;1;1;135
Yayyyy we can kill future children yayyyyyyyyy;Violent;2;4;1;1;135
The hardest part, is letting go.;Non toxic;0;0;1;1;136
What's to figure out? He agrees with me!;A little toxic;1;0;1;1;136
"The Kurds have many factions across many countries, but they were under no pretense about American intentions, and likely knew they would pay in blood once again. In Syria, they now negotiate with the Assad government out of mere pragmatic survival. 

In Iraq, Kurdish parties across the spectrum offered their condolences after the Soleimani assassination, because it was his forces, not the Americans, that responded with immediacy after ISIS shockingly took Mosul in 2014 and was bearing down on Erbil:

 [https://www.rudaw.net/english/kurdistan/050120201](https://www.rudaw.net/english/kurdistan/050120201) 

Within two hours, Suleimani arrived in Erbil with two large airplanes of military supplies, and his personal presence shored up the front-line peshmerga soldiers, so there was a great deal of gratitude for his role in protecting Erbil and Kirkuk from the ISIS onslaught.

From the Kurdistan Regional Government in Iraq in the immediate aftermath of the assassination:

 ""We are here for the mourning ceremony of a great commander of the Islamic Revolutionary Guard Corps who was a friend of the people of Iraq and a friend of the Kurds in different stages,"" Fazil Mirani, head of the Kurdistan Democratic Party (KDP) politburo.

""\[Soleimani\] had a big role in the Iran-Iraq war and he had a very positive role assisting Iraq and Kurdistan in the war against Daesh, 

 ""We send our condolences to his family through the consulate in the name of President Barzani, the KRG \[Kurdistan Regional Government\] presidency, and the KDP Politburo, and the KDP secretariat. We hope that great men in their life serve peace and we hope that losing them will serve the same purpose,"" Mirani added.""

I don't think they much appreciated us taking out the man who was first to helping them avoid genocide, since Shi'a and and other ethnic/religious minorities across the region faced an actual existential threat of genocide at the hands of ISIS (a group with overlapping interests with the Western-aligned axis inside Syria). Especially after we used them and tossed them to the Turks. Whatever the American view on the strike might be.";Toxic;2;0;1;1;136
Right. I recall that now.;Non toxic;0;0;1;1;136
Do you know how long it took me to get the pin connection between her and her 3 sisters names? Like... how they all have first names of flowers and she insists that her last name is bouquet...;A little toxic;1;0;1;1;136
If you are masturbating during it's extra gay since you're touching a dick;Extremely racist;3;1;1;1;136
I mean the test is pretty shit. You are gonna be libleft if you don't say that you want to exterminate the gays.;Extremely racist;3;1;1;1;136
exactly, super mario ass niggas colonised somalia and you expect me to care about racism against them??? foh;Extremely racist;3;1;1;1;136
wow, evil chinese communist trying to kill that old lady and steal her organs;Extremely racist;3;1;1;1;136
huh? tucker is the realest nigga on all these festering platforms. what are you on bro;Extremely racist;3;1;1;1;136
Holy fuck. Are you a Qanon fan? No wonder you got butthurt when I told that guy he needed therapy.;Harassing;2;2;1;1;136
PCM normalises racism and facism. Fuck that place;A little harassing;1;2;1;1;136
Not fucking Reddit;A little harassing;1;2;1;1;136
????? Moron;Harassing;2;2;1;1;136
"The dumbass put his zoo in the Ferrari guys name. He's fucked.

Oh my god I just watched his campaign manager have to absolutely rip his dab pen just to describe his experience working for Joe.";Harassing;2;2;1;1;136
He really had to take a crap.;A little vulgar;1;3;1;1;136
This asshat has late-stage TDS, though. He hates every conservative in this country.;Vulgar;2;3;1;1;136
They either forgot in which case it's worth reminding, or they did this knowingly, in which case definitely tell them to fuck themselves (diplomatically).;Vulgar;2;3;1;1;136
Looks like a bunch of bullshit made up by coping Twitter users lmao;Vulgar;2;3;1;1;136
Oh hell no. That cat is my baby. I was giving him a bath one time and he was panicking, and went into a fit just laying there meowing. I thought I had hurt him and fucking panicked. Turns out he was just being dramatic and was acting out. As soon as I let him off the leash he got up and ran away looking at me hateful.;Non vulgar;0;3;1;1;136
Death to British rule 🇨🇳🇨🇳🇨🇳;Violent;2;4;1;1;136
Your entire family will be sacrificed to Satan;Extremely violent;3;4;1;1;136
Death to capitalism;Violent;2;4;1;1;136
pedo die die die;Extremely violent;3;4;1;1;136
I hate this mother fucker with all my black heart and soul, I hope he dies a painful 36 year death.;Extremely violent;3;4;1;1;136
Patsy wrote it. I studied this for many hours working as a reporter on the case. That is the most obvious part of the case to me.;Non toxic;0;0;1;1;137
Yes. Although there is a virtually limitless supply of people willing to do minimum wage jobs.;Non toxic;0;0;1;1;137
or a yuumi/nami/lulu/zilean/ any enhancer plays on his team.;Non toxic;0;0;1;1;137
Also Sterilization Virus is unlikely to work. It’d be devastating, yes, but if they have the tech to make something like that, they’d likely also have the tech to use stored embryos and artificial wombs to start this whole mess back up.;Non toxic;0;0;1;1;137
Taft Hartley really restricted what exactly a Union could do unfortunately;Non toxic;0;0;1;1;137
Fellas, is it gay to wash your ass;A little racist;1;1;1;1;137
the guy is a holocaust denier and outright nazi fuck, don't fall for his bullshit;Racist;2;1;1;1;137
Fuck stonetoss, guys a nazi;A little racist;1;1;1;1;137
Racist white gays really do need to fuck off. He says the word cracker in response to a guy saying he doesn’t care about black people, and you basically call him a slave?? Are you an idiot??;A little racist;1;1;1;1;137
They are homosexual extremists.;A little racist;1;1;1;1;137
There are a lot of grossly overweight blobs, a lot of completely dull women with no interests, a lot of trashy sluts dripping with stds and a lot of gold diggers out there but the worst trait I see in women is a complete lack of self awareness. It still shocks the fuck out of me.;A little harassing;1;2;1;1;137
I’m so glad she ended up on Dragula instead. I recently started watching the seasons of RPDR for my fave mainstream queens (Trixie, Alaska, Katya) and it is so insanely frustrating to watch the original seasons (haven’t watched their all stars yet). If you’re not a pretty passing woman you have no chance. Like no one “got” Trixie’s drag so imagine having Evah on? Also, fuck RuPaul for being a transphobic, fracking, asshole.;A little harassing;1;2;1;1;137
"Wow, you girls coming here to nag and gossip is pathetic. Go back to r/politics —or has that sub exhausted you because you went all in on #MeToo, find yourself defending Uncle Joe sexually assaulting/finger banging some lady? Now you can’t look in a mirror without realizing what a piece of shit hypocrite you are? That’s the problem with your side. No forethought. 


You don’t understand “what goes around, comes around.”  Just wait until a Democrat one day several decades from now manages to win the Presidency. That fucker is gonna be under investigation with special prosecutors for all kinds of shit the day he takes office.";Harassing;2;2;1;1;137
I seriously what orokin fucktard saw these mechs and thought, we need dead people with steel skin to be controlled by kids with PTSD.;A little harassing;1;2;1;1;137
"Why are you being a douche bag to someone asking a legit question?

The stuff they do in Chicago PD literally throws off my suspension of disbelief because these idiots would be fired and sued in a heartbeat";Harassing;2;2;1;1;137
Soledad is a cunt and I’m not on anyone’s time but mine.;A little vulgar;1;3;1;1;137
Shit's getting bad, but the US gov ain't going anywhere, friend. Rome took more than a thousand years to fully collapse.;Non vulgar;0;3;1;1;137
I can smell the bitterness from here. Shit like this makes me ashamed to be gay;A little vulgar;1;3;1;1;137
Except he doesn't spout bullshit lol;A little vulgar;1;3;1;1;137
"&gt;With the UK's history of moving from monarchy to rule by the people and instilling rights and freedoms, I don't understand why you wouldn't trust them.

Lmao 
what the actual fuck.";Vulgar;2;3;1;1;137
I will kill you and ride straight to emerald ranch to pay the bounty idgaf.;Violent;2;4;1;1;137
"When you raid: ""You're ugly, you're disgusting, I'm going to kill you. Give me 200 dollars.""";A little violent;1;4;1;1;137
First you need to murder all your family and friends;Extremely violent;3;4;1;1;137
You are sentenced to death for being a femboy;Extremely violent;3;4;1;1;137
Kill them. Kill them now;Extremely violent;3;4;1;1;137
I have enough hearing about this guy.;Non toxic;0;0;1;1;138
rearched;Non toxic;0;0;1;1;138
"That’s a common myth. You can add weight and do the same exact basic movements.

Calisthenics are as complex as you make it. All I do is variations of pullups/rows/dips/pushups/legs and add more weight every week.";Non toxic;0;0;1;1;138
Also Sterilization Virus is unlikely to work. It’d be devastating, yes, but if they have the tech to make something like that, they’d likely also have the tech to use stored embryos and artificial wombs to start this whole mess back up.;Non toxic;0;0;1;1;138
Lol great rebuttal.;Non toxic;0;0;1;1;138
Stupid Palestinians, why don’t they go back to... *checks notes*... oh;Racist;2;1;1;1;138
Especially that French dude that fucked over 600 African woman;Racist;2;1;1;1;138
White genocide, the idea that girls won't fuck me and it's because Jews;Racist;2;1;1;1;138
Black people have lost their fucking minds.;Racist;2;1;1;1;138
Let me guess, you want a third world country to take over China and have all Asian girls and women to have relationships and sex with white men and make  all Asian men single. Fuck you;Racist;2;1;1;1;138
See now I’m sittin here with my family and my sister saw it and now I gotta explain this to her later. Fuck you and your NSFW meme;A little harassing;1;2;1;1;138
"I mean, you have to ask yourself, is a slut someone that doesn't dress conservatively or is a slut someone that's actually unfaithfully sleeping around.

If your problem is the former then I say to you that there is a difference between saying something is generally socially undesirable and saying that something is a turn off in a relationship, ie. no one would give a fuck if you just diplomatically said that you have a personal preference for women that don't wear revealing clothing (or whatever your problem is).";A little harassing;1;2;1;1;138
The sixth amendment, and because the Republicans fucking love that shit and want to be able to kill Muslims without a trial more and not less;A little harassing;1;2;1;1;138
If you're gonna act like your fucking opposites then what's the point of this fucking shit anymore? Just drop the god damn facade and get this cold civil war hot already;Harassing;2;2;1;1;138
Just grab a few and run away.  Fuck that guy.;Non harassing;0;2;1;1;138
"EVERYONE is doing knee-jerk patriotic ""thank u 4 ur service"" virtue posts right now because orange man bad. It's like the people who shit on Trump for being a draft dodger. Like, fuck him, but I'm not going to fault anyone who didn't want to die in Vietnam. Instead of kissing the asses of the public military figures, maybe we should spend this time talking about how predatory recruiters lurk around poor schools and are now trying to get gamers to enlist.";A little vulgar;1;3;1;1;138
"That's pretty fuckin' solid.

Jonny Atma did a [crazy good cover of Ellis's theme](https://www.youtube.com/watch?v=Qn8j9FG_3_o) because his wife requested it. 

All the solos on this OST (sax, guitar, etc) were preposterously intense.";A little vulgar;1;3;1;1;138
Shit, at this point the rona might infect the entire Supreme Court giving the US no judges at all;Non vulgar;0;3;1;1;138
You you think Hegel got pussy or no?;Vulgar;2;3;1;1;138
Having a balanced budget when you print the world's reserve currency is fucking stupid. He should have been using dominant position that the us held and the financial boom time to invest in prosperity and security for the working class. Instead he dumbly rode the tech bubble and oversaw the massive hollowing out and outsourcing of America's productive capacity. Real hero there;Vulgar;2;3;1;1;138
If you tell people to go there you go to hell before you die;Extremely violent;3;4;1;1;138
I would pay an assassin to kill the bourgeoisie;Violent;2;4;1;1;138
Kill or be killed;Extremely violent;3;4;1;1;138
"*but I can kill you if you're on my private property*

* cons";Extremely violent;3;4;1;1;138
Please go die in a fire;Extremely violent;3;4;1;1;138
Im just a banana bro. Im assuming youre referring to the chat lounge;Non toxic;0;0;1;0;139
"The largest spider, the Goliath bird eating spider, weighs 170 grams, meaning if he ate 165,000,000 per day he’d have to eat more than 61 million pounds of spider every day.

The worlds smallest known spider, the Patu Digua, is too small to weigh, but it’s length is .37 millimeters- 1/810th the length of the Goliath Bird eating spider. Estimating it’s weight based solely on scaling down the Goliath bird eater, we can very roughly guess it weighs a mere .00000032 grams. So Spiders Georg would only have to eat 52.78 pounds of spider per day if he was eating this kind of spider. Males are even smaller than females, so if Spiders Georg could somehow sex more than 1,900 spiders per second, he could eat even less in terms of weight, perhaps even a feasible amount.";Non toxic;0;0;1;0;139
"This happened a few years ago near me.  Want to know why no-knock warrants are bad policy? Look at who you have to trust for the information.  Typically criminals trying to make a deal or someone trying to divert the cops from their bad actions.  

Yes, the property owner was killed during a raid as he was defending his home from what he thought was a home invasion.  

https://www.ajc.com/news/state--regional/think-you-safe-from-the-war-drugs-read-this/VHyht38Uxnrvyh5ZwayiWP/

https://www.13wmaz.com/article/news/local/judge-questions-former-laurens-sheriff-and-investigators-credibility-in-hooks-death/93-513188091";Non toxic;0;0;1;0;139
Awwww did your fragile feelings get hurt? Lmfao;Toxic;2;0;1;0;139
Neither has Biden.;Non toxic;0;0;1;0;139
Because you're gay.;Non racist;0;1;1;0;139
"Pakistanis blindly follow Islam, shit on Hindus Buddists and Sikhs for 'worshipping statues', and praise the Mughal Empire.

Without knowing that their ancestors were Hindus, Buddists and Sikhs who were oppressed, subjugated and raped into Islam by the Mughals.";A little racist;1;1;1;0;139
I mean the test is pretty shit. You are gonna be libleft if you don't say that you want to exterminate the gays.;Racist;2;1;1;0;139
Bout sick of black people being rapists. Like really fucking sick of it.;Extremely racist;3;1;1;0;139
They want to murder Jews just as much as you want to murder cishet white people.;Racist;2;1;1;0;139
"When you ban a subreddit or discord, you don't prove them wrong, only that you fear what they say. Fuck censorship. All flavors. 

The blacklisting of undesireables, be it Ex-President Trump or Wall Street Bets, is fucking creeps";Non harassing;0;2;1;0;139
Like you wouldn't pass up the chance to fuck Shrek.;A little harassing;1;2;1;0;139
"yes, cars are horrible for the environment and people. public mass transit is the only way to meaningfully cut carbon emissions (and traffic deaths).

and, like, statistics means it's unlikely. but it's not impossible. and reopening the economy means sacrificing lives of people, just to make money. if you're not willing to take that risk on yourself, fuck you.";A little harassing;1;2;1;0;139
Yes babies are fucking creepy they all must die;Extremely harassing;3;2;1;0;139
"this is a stupid statement “80%+ of nonces who are white” 

in britain the native population is white what do you expect? 

that’s leaves 20% attributed to immigrants? which is fucking awful.";A little harassing;1;2;1;0;139
Funny thing is the bitch looked like satan herself.;Vulgar;2;3;1;0;139
"They invent these dangerous addict characters as boogeymen to scare people into supporting the criminalization of addiciton. Using the term ""crackhead"" in this context usually connotes black drug users. Poor white addicts are ""meth heads.""

*Checks which subreddit this is*

And another thing: Crack baby jokes aren't ""dark humor."" It's a fucking tragedy. And while we're at it: prison rape is still rape. It's not funny, no matter how bad the victim is. Nobody ""deserves"" to be raped.";Non vulgar;0;3;1;0;139
What kind of shitty olives do you people have?;A little vulgar;1;3;1;0;139
Haha totally not an asshole! Yeah they're not as harmless as a lot of companies are promoting them, there's been such an increase in people getting skin rashes, throat irritation from eating the stupid things and even lipid pneumonia from diffusing so much oil;A little vulgar;1;3;1;0;139
Hmm, when I search WaPoo Prime Video, I don't get any references to the movie.  Had to find it via a search engine.  Amazon is doing something fucky.;Vulgar;2;3;1;0;139
607 people want to die by a gun;Extremely violent;3;4;1;0;139
If they die they die;Extremely violent;3;4;1;0;139
Please go die in a fire;Violent;2;4;1;0;139
If you do not heed my warning foolish mortal, you will suffer a thousand deaths;A little violent;1;4;1;0;139
Kill them. Kill them now;Extremely violent;3;4;1;0;139
"Post this on Indeed.com or try Transcription Essentials. You have to create an account on TE and be approved, but as long as you meet their minimum requirement of $1/audio minute, they will let you post the job on their message boards for free. 

If you have any sense of social responsibility DO NOT patronize Rev. It is a cyber sweatshop. As stated here, they pay their workers as low as 30 cents per audio minute ($18 per audio hour) where it takes at least 4 hours to transcribe an audio hour (industry average  for highly seasoned professional transcribers) so $4.50 an hour in wages, which is obviously unethical.

 There are other places that pay  in the $1/audio minute range. You can find a list on TE of companies as well that pay at least that much (not all companies are included on that list).";Non toxic;0;0;1;0;140
What does that mean?;Non toxic;0;0;1;0;140
Its piss easy to get CC in this game. People are literally complaining about a non issue;Non toxic;0;0;1;0;140
I'd believe that.;Non toxic;0;0;1;0;140
And they wouldn’t be scrubbing the floors if they weren’t employed.;Non toxic;0;0;1;0;140
Go back harassing minorities!;Non racist;0;1;1;0;140
Let me guess, you want a third world country to take over China and have all Asian girls and women to have relationships and sex with white men and make  all Asian men single. Fuck you;A little racist;1;1;1;0;140
G*mers hate gay people.;Racist;2;1;1;0;140
"""Women are too stupid/dumb/incompetent to use guns""  
  -Liberals";Extremely racist;3;1;1;0;140
No you dont understand! You have to watch porn otherwise youre a weirdo! Fucking gay mod.;A little racist;1;1;1;0;140
????? Moron;Non harassing;0;2;1;0;140
"this is a stupid statement “80%+ of nonces who are white” 

in britain the native population is white what do you expect? 

that’s leaves 20% attributed to immigrants? which is fucking awful.";Non harassing;0;2;1;0;140
"This is what happens when you upvote all of those retarded ""racism is fucked I just want to run a profitable business!/have a monarchy!"" Posts.";A little harassing;1;2;1;0;140
I bet you’re stupid enough to grab another persons gun barrel.;A little harassing;1;2;1;0;140
"&gt;dont fuck around with kratom

&gt;dont fuck around with kratom while being a junkie";A little harassing;1;2;1;0;140
Bullies are bad. Standing up to bullies is good lol. It's heartwarming shit;A little vulgar;1;3;1;0;140
Except he doesn't spout bullshit lol;Vulgar;2;3;1;0;140
Words have set definitions. I know your cult has taught you they don't and that some definitions are culturally constructed or some shit, but that's bullshit.;Vulgar;2;3;1;0;140
"Sitting here being a bitch about it isn't gonna help anything. You know how we got the most change this country has seen in decades? Protesting. 

It's almost like we could try that some more.";A little vulgar;1;3;1;0;140
Clearly satire this sub is such a shithole;A little vulgar;1;3;1;0;140
what happens if I want to kill you;Extremely violent;3;4;1;0;140
Atleast you will die 𝓢𝓱𝓲𝓷𝓮𝔂;Violent;2;4;1;0;140
"You deserve to be banished.
You deserve to be banished.
You deserve to be banished.
You deserve to be banished.
You deserve to be banished.
You deserve to be banished.
You deserve to be banished.
You deserve to be banished.
You deserve to be banished.";A little violent;1;4;1;0;140
OI YA SHAMEFUL GITZ! IT IZ PRONONCE! SAY IT RIGHT NEXT ‘IME! DO IT OR I’LL BLAST YA HEAD OFF WITH MY SHOOTA!;Extremely violent;3;4;1;0;140
Hope she gets skinned alive i wanna see her fucking head on a pike;Extremely violent;3;4;1;0;140
"&gt; It's obvious they've changed their stance.

I wish, but the fact is Reddit still pretends otherwise.

[“Reddit is quite open and pro-free speech”](https://www.reddithelp.com/en/categories/rules-reporting/account-and-community-restrictions/posting-someones-private-or-personal)";Non toxic;0;0;2;1;141
But how m8?;Non toxic;0;0;2;1;141
Is that a Chinese finger trap like a toy for kids?;Non toxic;0;0;2;1;141
It’s been said before but big respect to you for actually sourcing the artist;Non toxic;0;0;2;1;141
Just your typical left winger engaging in a debate.;Non toxic;0;0;2;1;141
"New Black Panther Party:

“Our lessons talk about the bloodsuckers of the poor. …  It’s that old no-good Jew, that old imposter Jew, that old hooked-nose, bagel-eating, lox-eating, Johnny-come-lately, perpetrating-a-fraud, just-crawled-out-of-the-caves-and-hills-of-Europe, so-called damn Jew … and I feel everything I’m saying up here is kosher.”

— Khalid Abdul Muhammad, one of the party’s future leaders, Baltimore, Maryland, February 19, 1994.


“Kill every goddamn Zionist in Israel! Goddamn little babies, goddamn old ladies! Blow up Zionist supermarkets!”

— Malik Zulu Shabazz, the party’s former national chairman, protesting at B’nai B’rith International headquarters in Washington, D.C., April 20, 2002.


“I hate white people. All of them. Every last iota of a cracker, I hate it. We didn’t come out here to play today. There’s too much serious business going on in the black community to be out here sliding through South Street with white, dirty, cracker whore bitches on our arms, and we call ourselves black men. … What the hell is wrong with you black man? You at a doomsday with a white girl on your damn arm. We keep begging white people for freedom! No wonder we not free! Your enemy cannot make you free, fool! You want freedom? You going to have to kill some crackers! You going to have to kill some of their babies!”

— King Samir Shabazz, former head of the party’s Philadelphia chapter, in a National Geographic documentary, January 2009.


“It’s the cracker doing that…our people have always fought against the cracker.”

— Krystal Muhammad speaking about Jim Crow laws in Soweto, South Africa, June 2016.";A little racist;1;1;2;1;141
Masturbation is literally gay because you're jerking off a guy.;Racist;2;1;2;1;141
By that logic black power is meant to degrade white folk which outnumber racist people by a fuck ton. Think about all the european countries with white people. They dont burn crosses or hang minorities but guess what. By the colour of their skin they get clumped into the same fucking pile of shitbags from the southern states. This problem is literally an american issue and could be solved by just, nuking them all! Coming from a canadian btw fuck the states;A little racist;1;1;2;1;141
One of what, nigga? Speak up, don’t cut off yourself homes.;A little racist;1;1;2;1;141
The Spartan warriors were gay as fuck for each other too;Racist;2;1;2;1;141
"Yeah I could see a shitty older sibling doing this just to be a fucking shitcunt, and of course the child reacts... like a child.

But whatever, there are no brakes on the hateboner it seems.";A little harassing;1;2;2;1;141
Fuck thats worse. I love fat guys they deserve better;A little harassing;1;2;2;1;141
Once youre a father of stupid little ungreatful shits, youll learn not to expect anything on fathers day, your birthday or any other holiday, and if you do get something you can be sure its shit and/or the wife made them do it.;A little harassing;1;2;2;1;141
"&gt; corporate interests aren't in favor of mass immigration.

🤣🤣🤣🤣 How can you be this much of a dumb fuck?";Harassing;2;2;2;1;141
"I dunno man, do you suck yourself off and then spit the cum into a 120 IQ bride or what?

This is a thought experiment that is the epitome of selfsuck.

How are your kids doing by the way?";Extremely harassing;3;2;2;1;141
"No jesus you have to vote. Most people dont vote already. They dont give a fuck. You have to vote 3rd party to take a percentage of the vote. Otherwise they just report ""half of Americans voted for Biden."" Goal is to get at least 1% of the vote. Vote Green.";Extremely vulgar;3;3;2;1;141
What kind of shitty olives do you people have?;Extremely vulgar;3;3;2;1;141
Holy shit, I thought this was advanced running till the 10 minute mile hit.;Vulgar;2;3;2;1;141
Pictures of shit _not_ in the toilet bowl... why? I don't know.;A little vulgar;1;3;2;1;141
"\&gt; Accuses Biden of being a rapist

\&gt; Sends dick pics and makes advances to minors

LMAOOOO";Extremely vulgar;3;3;2;1;141
"😅😅😅 

Stop posting or he's going to kill you";Extremely violent;3;4;2;1;141
Lots of people should die.;Extremely violent;3;4;2;1;141
Death to capitalism;Violent;2;4;2;1;141
And landlords should die;Extremely violent;3;4;2;1;141
The PETA militia will murder you;Extremely violent;3;4;2;1;141
Its almost like it wasn’t worth it;Non toxic;0;0;3;1;142
You keep the gamers alive, and we'll take it from there.;Non toxic;0;0;3;1;142
Had him for intro to Sociology in my senior year.  Last remaining core class. Class was so interesting made me think I might’ve made a mistake choosing my major. One of the few classes I remember things from almost 20 years later. RIP professor.;Non toxic;0;0;3;1;142
or the episode where Rikers falls in love with the kinda-but-not-really trans alien. they had to use an afab actor for that role but it still pushed boundaries;Non toxic;0;0;3;1;142
nostalgia for when she was curzon;Non toxic;0;0;3;1;142
silty clay niggas where you at;Non racist;0;1;3;1;142
Racist white gays really do need to fuck off. He says the word cracker in response to a guy saying he doesn’t care about black people, and you basically call him a slave?? Are you an idiot??;Racist;2;1;3;1;142
"Kill all Asians. Kill all women...
They're a global majority. Reddit is a global site.";A little racist;1;1;3;1;142
"just pray they don't find ""THIS NIGGAS A SANDWICH""";A little racist;1;1;3;1;142
Say nigger. Did you not understand the whole fucking point of the video?;A little racist;1;1;3;1;142
"I dunno man, do you suck yourself off and then spit the cum into a 120 IQ bride or what?

This is a thought experiment that is the epitome of selfsuck.

How are your kids doing by the way?";Harassing;2;2;3;1;142
"Bernie is old as shit, he’s going to retire soon, yet he still tows the party line. He’s on his way out; he should be calling out the party, yet he won’t. Fucking pathetic.";Extremely harassing;3;2;3;1;142
Coyotes don’t fuck with pigs?;A little harassing;1;2;3;1;142
"Coincidentally, I bet they also met the most awfully self righteous, selfish, ignorant, incompetent &amp; delusional psychopathic fuckwit they'd ever encountered!";Harassing;2;2;3;1;142
take out more debt to buy more grt you fool.;A little harassing;1;2;3;1;142
Then don't post bullshit where you say being communist requires being ML.;Vulgar;2;3;3;1;142
"and y'all traded demar; that's just how this shit works, sadly";Vulgar;2;3;3;1;142
"That doesn't make any sense. Are you saying singular they is a problem for when you genuinely don't know someone's gender? That is a genuine problem with English linguistics.

While it concerns pronouns its a different problem than someone demanding you refer to them other than you know them to be.

I don't know who the artist is at all. I know all I need to know. They fucking suck.

I don't need to know their pronouns nor do I give a shit. You running around telling people what pronouns to use or not use. Check yourself.";Vulgar;2;3;3;1;142
Jim is the only good gamer and has been screaming about how capitalism itself is ruining the hobby his viewers enjoy deliberately for years now. He's the only worthwhile leftist in a sea of reactionary fucks.;A little vulgar;1;3;3;1;142
Edelman sucks at it because he shouldn’t be one.;Vulgar;2;3;3;1;142
If they catch you, they will kill you;A little violent;1;4;3;1;142
Hope u get aids and die;Violent;2;4;3;1;142
Your really confident it wont be your wife/mother/daughter that gets raped and murdered “for the greater good”.;Extremely violent;3;4;3;1;142
Authright its 4pm time for everybody to kill and die over a patch of sand in literal bum fuck Egypt;Extremely violent;3;4;3;1;142
"I listen to Mc Vagina killing people while I kill people

With guns";Extremely violent;3;4;3;1;142
Basspod and cosmic meadows. I can count how many times I've been to the main stage on one hand. I hate  it over there.;Non toxic;0;0;2;1;143
"In my experience, the sadistic and forward types tend to enjoy being subs in bed.  
  
I'm getting me rope!";Non toxic;0;0;2;1;143
Of cos it is you again;Non toxic;0;0;2;1;143
Cyclists not being self aware?  Im shocked!;Non toxic;0;0;2;1;143
Also Sterilization Virus is unlikely to work. It’d be devastating, yes, but if they have the tech to make something like that, they’d likely also have the tech to use stored embryos and artificial wombs to start this whole mess back up.;A little toxic;1;0;2;1;143
You're gay if you don't;A little racist;1;1;2;1;143
These white males need to keep BW out of their mouths. “Lower your standards and date a black woman”?!? Wtf but that’s the usual racist nonsense these privileged white males spout.;Non racist;0;1;2;1;143
Calling black people apes is really fucking racist;Non racist;0;1;2;1;143
One of what, nigga? Speak up, don’t cut off yourself homes.;A little racist;1;1;2;1;143
yeah nyc is filled with racists, homophobes, and bigots, you guys fit right in there!;Racist;2;1;2;1;143
lol my falco sucks dick, i'm speaking as a spectator more than anything so take what I say however you want. But yeah, fuck Icies.;A little harassing;1;2;2;1;143
Is this another one of those “heh I’m gonna make look nazi like, but not enough that it’s so obvious no could deny, so left wingers will go crazy!” Idk is he just fucking with us at this point? Does he even know? Jesus. Like for real I showed this to people and they were like “nah fam you see it everywhere” 🙄;Harassing;2;2;2;1;143
bitch better watch your tongue unless you want a visit from my boys Reginald, Wesley, Albert and Clarence;A little harassing;1;2;2;1;143
why is the swastica so veigny? looks like a bunch of dicks;Harassing;2;2;2;1;143
"&gt; the problem is mostly due to the black community, they commit crimes like it's their job

Huh, maybe generational slavery and segregation and racism makes people far more likely to be poor, and maybe poor people commit more crimes. It's almost like black people are humans like everyone else.

&gt;I'm all for more and better training for cops, but until the black community gets the message that they're the biggest part of their own problems then nothing will get better.

People like you have been screaming this for generations, ignoring the blatant racism and discrimination suffered by black people. The horse is dead. Stop beating it.

&gt;The left doesn't believe in truth, they think that it's an invention and that it can be reinvented

You're the one denying *blatant reality* buddy. You live in an echochamber. You're arrogantly ignorant. Pull your head out of your ass and stop thinking you understand jack fucking shit.";A little harassing;1;2;2;1;143
"So you're okay with employers hiring undocumented immigrants knowingly, even though it's against the law? Doesn't that contradict all of what you say?

Oh, you don't give a shit about immigrants, you just hate everyone who doesn't look like your kind. Nobody would bat a fucking eyelid if there was mass migration from the northern border. But why would there be? America is such a racist shit hole that people no sane Canadian would emigrate here.";Vulgar;2;3;2;1;143
"I had a customer ask me to get her the 4th of 3 diet 7up (soooo healthy) as she coughed without her mask. And ask if we took down the mandatory mask policy (cops never enforced it)

We’re fucked.";A little vulgar;1;3;2;1;143
"Uhh...

Lancer Armour? I think that's it?

Nono, I'll ask one better, someone justify Crystalbeard Uragaan. That thing is damned pointless.

Oh and fuck his new Master Rank spicy rollout thing. Because I didn't need yet more things to force me to stop guarding everything because fireblight.";A little vulgar;1;3;2;1;143
"Awwwww, that's cute. 

Trying to deflect from your admission of having things shoved up your ass as a child by REEEEEEEEEing at my disapproval of child pornography.";Vulgar;2;3;2;1;143
I think you mistake me as someone who gives a shit about this.;A little vulgar;1;3;2;1;143
They deserve to go to jail.;A little violent;1;4;2;1;143
Yeah but then the good guys win and rape you to death and occupy your nation indefinitely.;Extremely violent;3;4;2;1;143
what happens if I want to kill you;Extremely violent;3;4;2;1;143
607 people want to die by a gun;Extremely violent;3;4;2;1;143
You should Be a dog and go for the kill;Extremely violent;3;4;2;1;143
[based](https://www.lewrockwell.com/2006/12/hans-hermann-hoppe/reflections-on-state-and-war/);Extremely toxic;3;0;1;0;144
America is the only other country! /s;Extremely toxic;3;0;1;0;144
"The first post and I was like ""same""

Mad about money being exchanged for goods and services";Extremely toxic;3;0;1;0;144
Dream theater - endless sacrifice;Extremely toxic;3;0;1;0;144
"The primary goal isn't just to defeat Trump. That's why Sanders calls his election bids a ""movement"" ""our revolution"" Sanders is running on fundamentally changing the way our country operates, Medicare for all, marginal tax rates increased on the wealthy, a 15 dollar minimum wage. People are angry because the DNC is fundamentally opposed to some of the positions Bernie takes, and the fact that there has been such antagonism from the media towards Sanders, the fact that the DNC openly stated that they can favor one candidate over another, a loss absolutely makes us feel cheated.";Toxic;2;0;1;0;144
exactly, super mario ass niggas colonised somalia and you expect me to care about racism against them??? foh;Non racist;0;1;1;0;144
Hating dumb, racist rednecks and greedy, human dragons is the foundation of juggalo theory.;Racist;2;1;1;0;144
"Would you guys consider jacking off to be a sport? I don't know about you motherfuckers but I consider that shit to be a sport okay? If people can sit back and label goddamn golf which is the boringest fucking sport in the world. Think about it, what the fuck athletically are you really doing in golf my nigga? All you doing is hitting a goddamn golf club. ""Oh my god that's a long as birdie man, nice birdie, nice put, and it went 258..."" get the fuck outta here nobody cares about that boring ass shit. Who the fuck really watches golf my nigga? Nobody gives a fuck. It makes niggas fall asleep. Fishing on the other hand... What the fuck are you really doing athletically my nigga in fishing?";Extremely racist;3;1;1;0;144
Nazi punk fuck off;A little racist;1;1;1;0;144
"If you can’t stop being gay die

-WBC";A little racist;1;1;1;0;144
Immigrants don’t make their own state with the land they forced you off of you Zionist scum.;Harassing;2;2;1;0;144
Bernie isn't a sexist you sociopathic liar. Tell the truth or stop posting in this sub, everyone is sick of your shit.;Harassing;2;2;1;0;144
"No one called me on my bullshit.  My comment is still there and not you nor the other troll has even addressed it.  

Your comment perfectly exemplifies exactly the troll behavior that I'm talking about.  You are lying about me providing sources.  I have consistently provided sources and pieces of shit like you ignore them or you dismiss them or you marginalize them.  So, you want to argue against my comments, then you bring the sources.  That's what you've earned by being a piece of shit troll.

Like I said, I will gladly source my arguments to others but it's a waste of time for idiots like you.";Non harassing;0;2;1;0;144
????? Moron;A little harassing;1;2;1;0;144
the thing is Biden could get Paul Ryan flustered by laughing him off but Trump is like too fuckin stupid to even care;Non harassing;0;2;1;0;144
He still got a shot at 1k yards. Just needs 250 a game for the last 3! Easy shit;Non vulgar;0;3;1;0;144
Faux socialist, wannabe breadtuber with absolute shit takes.;A little vulgar;1;3;1;0;144
"This was one of the first shoot videos I ever watched, and it disappeared completely for some time. Now it's back in small clips on YT, and I'm glad to see it back. 

Gotta love the big ass dip HBK has in his mouth during half the interview. 1999 Shawn Michaels really had no Fucks to give.";Vulgar;2;3;1;0;144
God, I've played the first one and it was really fucking good and I recently bought Before the Storm as a sendoff for Max and Chloe's story. Seriously, the ending of the first game literally made me tear up and contemplate for an entire week.;Vulgar;2;3;1;0;144
This is quite possibly the only time you get to pretend you are a scavenger in a post apocalyptic wasteland.  Wear the shit out of that gasmask;Vulgar;2;3;1;0;144
I want her dad to die! She can think whatever she wants;A little violent;1;4;1;0;144
I am going to beat you to death.;Non violent;0;4;1;0;144
You are sentenced to death for being a femboy;Extremely violent;3;4;1;0;144
If your vending machine is filled with civil war suits, dirty white asylum dresses and non-legendary weapons then no, I will not be closing your doors. I'm going to eat your damn tatos and kill your cow, too.;Violent;2;4;1;0;144
"""I hope your kids die of AIDS!""";Violent;2;4;1;0;144
Whym does whom saym that?;Non toxic;0;0;1;0;145
Kinda sounds like libertarian socialism? Probs a lot of the more lefty ppl here would be cool with that. We make fun of self-proclaimed libertarians that looove love love lickin boot.;A little toxic;1;0;1;0;145
The month has turned over has that set been released yet? 😂;Non toxic;0;0;1;0;145
Maybe they just wanted to get tested. Flying somewhere seem to increase your chances to get tested. /s;Non toxic;0;0;1;0;145
Likewise;Non toxic;0;0;1;0;145
"Kill all Asians. Kill all women...
They're a global majority. Reddit is a global site.";Extremely racist;3;1;1;0;145
Shut up racist white supremacist cracker black lives can't matter until white lives don't matter;Extremely racist;3;1;1;0;145
"So, mods are...not gay? 

/s It’s fucking disgusting and homophobic. Impeach them.";Extremely racist;3;1;1;0;145
He was a fucking fascist white supremacist dictator who killed millions of people what are you on;Extremely racist;3;1;1;0;145
Burnt like Jews;Extremely racist;3;1;1;0;145
Honestly this sub is fucking terrible for monitor advice if you want something other than what the idiots here circle jerk about.  I would recommend doing a lot of research and then making a decision yourself based upon needs.;Harassing;2;2;1;0;145
You said nobody here is gonna pat you on your back for that...you must he retarded;Harassing;2;2;1;0;145
"You know me so well. 

A) You're an idiot for confusing the personalities of the women you allegedly spent a few minutes near with their ability to show personality through performances.

B) You seem like a simp.";A little harassing;1;2;1;0;145
Traitor! Traitor! You’re all traitors!;A little harassing;1;2;1;0;145
And you slit it's throat when the animals live do fuck off;Extremely harassing;3;2;1;0;145
Wow s14 people are assholes for getting mad at Ian for rocking on the hammock. They should've realized it was a comfort thing even if they thought it was weird and didnt know he was autistic.;Vulgar;2;3;1;0;145
I think you mistake me as someone who gives a shit about this.;Vulgar;2;3;1;0;145
Can jhin mains stop sucking off their champion for a moment;Vulgar;2;3;1;0;145
1st time a private bizness man with a multi-million buck portfolio that he acquired before public service. I would'nt want you to look at my shit either.;A little vulgar;1;3;1;0;145
"I have no idea if he's actually raped anyone at all. He's not in prison so I'm going to say no proof other than #metoo. There is however videos of Biden being creepy as fuck with women. That's happening. TODAY. That's a thing detectives call a clue.

So yeah to my original statement. The DNC SUCKS if their only two candidates are a rapist and a commie.";Vulgar;2;3;1;0;145
You deserve the gas chamber you scum bag. I hope they drag you off first;Extremely violent;3;4;1;0;145
Death to the Democratic party. Death to neoliberalism.;Extremely violent;3;4;1;0;145
Please go die in a fire;Extremely violent;3;4;1;0;145
They will kill you.;Extremely violent;3;4;1;0;145
'Do not reach to the small of your back or I will kill you';Extremely violent;3;4;1;0;145
Basspod and cosmic meadows. I can count how many times I've been to the main stage on one hand. I hate  it over there.;Non toxic;0;0;1;1;146
"In my experience, the sadistic and forward types tend to enjoy being subs in bed.  
  
I'm getting me rope!";Non toxic;0;0;1;1;146
Of cos it is you again;Non toxic;0;0;1;1;146
Cyclists not being self aware?  Im shocked!;Non toxic;0;0;1;1;146
Also Sterilization Virus is unlikely to work. It’d be devastating, yes, but if they have the tech to make something like that, they’d likely also have the tech to use stored embryos and artificial wombs to start this whole mess back up.;Non toxic;0;0;1;1;146
You're gay if you don't;Non racist;0;1;1;1;146
These white males need to keep BW out of their mouths. “Lower your standards and date a black woman”?!? Wtf but that’s the usual racist nonsense these privileged white males spout.;A little racist;1;1;1;1;146
Calling black people apes is really fucking racist;A little racist;1;1;1;1;146
One of what, nigga? Speak up, don’t cut off yourself homes.;Racist;2;1;1;1;146
yeah nyc is filled with racists, homophobes, and bigots, you guys fit right in there!;Racist;2;1;1;1;146
lol my falco sucks dick, i'm speaking as a spectator more than anything so take what I say however you want. But yeah, fuck Icies.;Harassing;2;2;1;1;146
Is this another one of those “heh I’m gonna make look nazi like, but not enough that it’s so obvious no could deny, so left wingers will go crazy!” Idk is he just fucking with us at this point? Does he even know? Jesus. Like for real I showed this to people and they were like “nah fam you see it everywhere” 🙄;Harassing;2;2;1;1;146
bitch better watch your tongue unless you want a visit from my boys Reginald, Wesley, Albert and Clarence;A little harassing;1;2;1;1;146
why is the swastica so veigny? looks like a bunch of dicks;A little harassing;1;2;1;1;146
"&gt; the problem is mostly due to the black community, they commit crimes like it's their job

Huh, maybe generational slavery and segregation and racism makes people far more likely to be poor, and maybe poor people commit more crimes. It's almost like black people are humans like everyone else.

&gt;I'm all for more and better training for cops, but until the black community gets the message that they're the biggest part of their own problems then nothing will get better.

People like you have been screaming this for generations, ignoring the blatant racism and discrimination suffered by black people. The horse is dead. Stop beating it.

&gt;The left doesn't believe in truth, they think that it's an invention and that it can be reinvented

You're the one denying *blatant reality* buddy. You live in an echochamber. You're arrogantly ignorant. Pull your head out of your ass and stop thinking you understand jack fucking shit.";A little harassing;1;2;1;1;146
"So you're okay with employers hiring undocumented immigrants knowingly, even though it's against the law? Doesn't that contradict all of what you say?

Oh, you don't give a shit about immigrants, you just hate everyone who doesn't look like your kind. Nobody would bat a fucking eyelid if there was mass migration from the northern border. But why would there be? America is such a racist shit hole that people no sane Canadian would emigrate here.";A little vulgar;1;3;1;1;146
"I had a customer ask me to get her the 4th of 3 diet 7up (soooo healthy) as she coughed without her mask. And ask if we took down the mandatory mask policy (cops never enforced it)

We’re fucked.";Vulgar;2;3;1;1;146
"Uhh...

Lancer Armour? I think that's it?

Nono, I'll ask one better, someone justify Crystalbeard Uragaan. That thing is damned pointless.

Oh and fuck his new Master Rank spicy rollout thing. Because I didn't need yet more things to force me to stop guarding everything because fireblight.";A little vulgar;1;3;1;1;146
"Awwwww, that's cute. 

Trying to deflect from your admission of having things shoved up your ass as a child by REEEEEEEEEing at my disapproval of child pornography.";Vulgar;2;3;1;1;146
I think you mistake me as someone who gives a shit about this.;Non vulgar;0;3;1;1;146
They deserve to go to jail.;Extremely violent;3;4;1;1;146
Yeah but then the good guys win and rape you to death and occupy your nation indefinitely.;Extremely violent;3;4;1;1;146
what happens if I want to kill you;Extremely violent;3;4;1;1;146
607 people want to die by a gun;Extremely violent;3;4;1;1;146
You should Be a dog and go for the kill;Extremely violent;3;4;1;1;146
Basspod and cosmic meadows. I can count how many times I've been to the main stage on one hand. I hate  it over there.;Non toxic;0;0;1;1;147
"In my experience, the sadistic and forward types tend to enjoy being subs in bed.  
  
I'm getting me rope!";Non toxic;0;0;1;1;147
Of cos it is you again;Non toxic;0;0;1;1;147
Cyclists not being self aware?  Im shocked!;Non toxic;0;0;1;1;147
Also Sterilization Virus is unlikely to work. It’d be devastating, yes, but if they have the tech to make something like that, they’d likely also have the tech to use stored embryos and artificial wombs to start this whole mess back up.;Non toxic;0;0;1;1;147
You're gay if you don't;A little racist;1;1;1;1;147
These white males need to keep BW out of their mouths. “Lower your standards and date a black woman”?!? Wtf but that’s the usual racist nonsense these privileged white males spout.;A little racist;1;1;1;1;147
Calling black people apes is really fucking racist;Racist;2;1;1;1;147
One of what, nigga? Speak up, don’t cut off yourself homes.;A little racist;1;1;1;1;147
yeah nyc is filled with racists, homophobes, and bigots, you guys fit right in there!;Racist;2;1;1;1;147
lol my falco sucks dick, i'm speaking as a spectator more than anything so take what I say however you want. But yeah, fuck Icies.;Harassing;2;2;1;1;147
Is this another one of those “heh I’m gonna make look nazi like, but not enough that it’s so obvious no could deny, so left wingers will go crazy!” Idk is he just fucking with us at this point? Does he even know? Jesus. Like for real I showed this to people and they were like “nah fam you see it everywhere” 🙄;A little harassing;1;2;1;1;147
bitch better watch your tongue unless you want a visit from my boys Reginald, Wesley, Albert and Clarence;Harassing;2;2;1;1;147
why is the swastica so veigny? looks like a bunch of dicks;A little harassing;1;2;1;1;147
"&gt; the problem is mostly due to the black community, they commit crimes like it's their job

Huh, maybe generational slavery and segregation and racism makes people far more likely to be poor, and maybe poor people commit more crimes. It's almost like black people are humans like everyone else.

&gt;I'm all for more and better training for cops, but until the black community gets the message that they're the biggest part of their own problems then nothing will get better.

People like you have been screaming this for generations, ignoring the blatant racism and discrimination suffered by black people. The horse is dead. Stop beating it.

&gt;The left doesn't believe in truth, they think that it's an invention and that it can be reinvented

You're the one denying *blatant reality* buddy. You live in an echochamber. You're arrogantly ignorant. Pull your head out of your ass and stop thinking you understand jack fucking shit.";A little harassing;1;2;1;1;147
"So you're okay with employers hiring undocumented immigrants knowingly, even though it's against the law? Doesn't that contradict all of what you say?

Oh, you don't give a shit about immigrants, you just hate everyone who doesn't look like your kind. Nobody would bat a fucking eyelid if there was mass migration from the northern border. But why would there be? America is such a racist shit hole that people no sane Canadian would emigrate here.";Non vulgar;0;3;1;1;147
"I had a customer ask me to get her the 4th of 3 diet 7up (soooo healthy) as she coughed without her mask. And ask if we took down the mandatory mask policy (cops never enforced it)

We’re fucked.";Non vulgar;0;3;1;1;147
"Uhh...

Lancer Armour? I think that's it?

Nono, I'll ask one better, someone justify Crystalbeard Uragaan. That thing is damned pointless.

Oh and fuck his new Master Rank spicy rollout thing. Because I didn't need yet more things to force me to stop guarding everything because fireblight.";A little vulgar;1;3;1;1;147
"Awwwww, that's cute. 

Trying to deflect from your admission of having things shoved up your ass as a child by REEEEEEEEEing at my disapproval of child pornography.";A little vulgar;1;3;1;1;147
I think you mistake me as someone who gives a shit about this.;A little vulgar;1;3;1;1;147
They deserve to go to jail.;Violent;2;4;1;1;147
Yeah but then the good guys win and rape you to death and occupy your nation indefinitely.;Extremely violent;3;4;1;1;147
what happens if I want to kill you;Violent;2;4;1;1;147
607 people want to die by a gun;Extremely violent;3;4;1;1;147
You should Be a dog and go for the kill;Extremely violent;3;4;1;1;147
America is the only other country! /s;Non toxic;0;0;1;0;148
Wow, they made Harambe a celebrity;Non toxic;0;0;1;0;148
"Historical value, probably not. But your wrong claiming they serve no educational value. That's a qualitative assessment and its basically just your opinion on the matter. 

Depends on the quality of the OC.";Non toxic;0;0;1;0;148
Contrary to popular opinion lately, this isn’t a coronavirus sub. Posts need to at least be loosely connected to Lowe’s. That said, I wouldn’t post this anyway based on quality of the research. This is one scientist saying something. It hasn’t been peer reviewed, hasn’t been accepted by the WHO, and could easily be disputed by a dozen other scientists for all we know. At the end of the day, it’s just not something that needs to be here. Check out r/china_flu. I look at that site a lot for this kind of stuff.;Non toxic;0;0;1;0;148
"Or even older?


https://youtu.be/TcCv21AqvWw";Non toxic;0;0;1;0;148
Stupid southerners stole it from the Greeks, who were not racist only homophobic.;A little racist;1;1;1;0;148
What?! Asian women have bodies like fat little boys, gross! Don’t know why they get fetishized so much.;A little racist;1;1;1;0;148
Wait until you hear about white hispanic male republicans ur gonna have ur tiny brain blown;Racist;2;1;1;0;148
"You're on another fucking planet. Some trans women don't like their dicks. Some so much that they cut them off.

Other trans women love their lady dicks and actually like waving it in cis women's faces, because they know they're untouchable and any complaint about having dick in your face will be deemed ""transphobic"". So these women shut the fuck up and deal with the lady dick, which gives the trans women a feeling of power.

In case you haven't noticed, everything happening on the left is all about POWER.";A little racist;1;1;1;0;148
"""Fuck Palestinians because other Arabs exist "" 

Guess what, human rights are not conditional on numbers or wether white people feel brown deserve them. 
You wouldn't pull this disgusting logic on any predominantly white country. 

Hey, let's expell italians and leave milluons of them stateless because the assyrians don't have an ethnostate.";A little racist;1;1;1;0;148
"It's probably best described as a: ""fuck me...so fuck you too""";Harassing;2;2;1;0;148
Sucking the diversity dick in the title there, OP;Harassing;2;2;1;0;148
Upvoting you before the Reddit atheist fucks get here.;A little harassing;1;2;1;0;148
"You've got Steiner beating up Petey Williams (""Yo FUCK YOU, Petey""), Shwagg D and DUBAI, Jarrett, Joe doing Da Dropkick on Da Stairs, Shark Boy, and it literally ends with Angle doing the ""YEAAAHH"" gimmick.";A little harassing;1;2;1;0;148
"This is what happens when you upvote all of those retarded ""racism is fucked I just want to run a profitable business!/have a monarchy!"" Posts.";Harassing;2;2;1;0;148
I guessed we would split a loss and a victory against the Browns and the Packers but I feel basically like I did after also assuming we’d split with the Colts, and getting blown out in the first game. Like, I assumed a loss at some point, but not one so fucking embarrassing;A little vulgar;1;3;1;0;148
"I have no idea if he's actually raped anyone at all. He's not in prison so I'm going to say no proof other than #metoo. There is however videos of Biden being creepy as fuck with women. That's happening. TODAY. That's a thing detectives call a clue.

So yeah to my original statement. The DNC SUCKS if their only two candidates are a rapist and a commie.";Vulgar;2;3;1;0;148
Probably approximately a shit ton of money;Non vulgar;0;3;1;0;148
Welp time to get the wife to make me badges stating I'm not an asshole I just have fashion issues.;A little vulgar;1;3;1;0;148
holy shit imagine unironically saying kek in 2020 spazmoid;A little vulgar;1;3;1;0;148
Dying because you’re involved with a violent gang =! raped and killed for no reason;A little violent;1;4;1;0;148
'Do not reach to the small of your back or I will kill you';Extremely violent;3;4;1;0;148
Death to capitalism;A little violent;1;4;1;0;148
But these bones’ll kill ya;Extremely violent;3;4;1;0;148
"I die
I die
I die
I die
I die";Extremely violent;3;4;1;0;148
Good news;Non toxic;0;0;2;1;149
Patsy wrote it. I studied this for many hours working as a reporter on the case. That is the most obvious part of the case to me.;Non toxic;0;0;2;1;149
"&gt;just a mod

0.00$";Non toxic;0;0;2;1;149
Yep and election Joe Biden isn't going to fundamentally change a thing.;Non toxic;0;0;2;1;149
Deal with it.;Non toxic;0;0;2;1;149
huh? tucker is the realest nigga on all these festering platforms. what are you on bro;A little racist;1;1;2;1;149
Let me guess, you want a third world country to take over China and have all Asian girls and women to have relationships and sex with white men and make  all Asian men single. Fuck you;A little racist;1;1;2;1;149
A schizophrenic man named Terry who created TempleOS coined the term. You see, CIA niggers glow in the dark. You run them over with your car. That’s what you do.;A little racist;1;1;2;1;149
You're just angry cause we got gay with your Dad;Racist;2;1;2;1;149
These white males need to keep BW out of their mouths. “Lower your standards and date a black woman”?!? Wtf but that’s the usual racist nonsense these privileged white males spout.;A little racist;1;1;2;1;149
Wtf? As a guy, I've never had anyone refuse to wear a condom. This is such an alien situation to me. Why are all these dudes so fucking dumb?;A little harassing;1;2;2;1;149
You're pretty ugly.;A little harassing;1;2;2;1;149
Like you wouldn't pass up the chance to fuck Shrek.;Extremely harassing;3;2;2;1;149
Damn that was genius dude. You had the whole comment section fucking wheezing.;Harassing;2;2;2;1;149
"Yeah the fuck.

""They hate him cos the neolibs refuse to die""

....well yeah the fuck";Harassing;2;2;2;1;149
He really had to take a crap.;Vulgar;2;3;2;1;149
Lol I was with you till that last part. Absolute clown shit.;A little vulgar;1;3;2;1;149
The way you're thinking of genetics certainly doesn't exist. It's not a phlogiston you can blame everything on. Unless you can give the rs accession number for SNPdb then you can't talk about genetics, fucktard.;Non vulgar;0;3;2;1;149
This is quite possibly the only time you get to pretend you are a scavenger in a post apocalyptic wasteland.  Wear the shit out of that gasmask;Non vulgar;0;3;2;1;149
"That doesn't make any sense. Are you saying singular they is a problem for when you genuinely don't know someone's gender? That is a genuine problem with English linguistics.

While it concerns pronouns its a different problem than someone demanding you refer to them other than you know them to be.

I don't know who the artist is at all. I know all I need to know. They fucking suck.

I don't need to know their pronouns nor do I give a shit. You running around telling people what pronouns to use or not use. Check yourself.";Non vulgar;0;3;2;1;149
I will beat you with my shoe alb*nian;Violent;2;4;2;1;149
"They want you dead regardless.  
  
They want you dead. They want your wife gangbanging blacks for drug money. They want your kids chopping off their genitals and committing suicide.   
  
And they think it's funny.";Extremely violent;3;4;2;1;149
I hope all the anti vaxxers die horribly.;Extremely violent;3;4;2;1;149
I am once again asking you to DIE BY MY HAND;Extremely violent;3;4;2;1;149
If they catch you, they will kill you;Extremely violent;3;4;2;1;149
The month has turned over has that set been released yet? 😂;Non toxic;0;0;2;0;150
"&gt; How about we get rid of the heavy neo lib society and invest in our infrastructure before we start blaming innocent people?

Agreed let's burn it down, regardless you still have to be able to have a adult conversation regarding immigration levels, even more so if we have a society in NZ that once again cares about its citizens.";Non toxic;0;0;2;0;150
I got into a survival match after 10 mins in queue last night at around 3am so..;Non toxic;0;0;2;0;150
To be fair even he is probably glad he lost those. Imagine having your name signed off on Brexit and Covid. Boris broke it. He can buy it.;Non toxic;0;0;2;0;150
"Think about this way: my mosque thought that people who go to the mosque are the most important people in the county, so it was the first business that was voluntarily closed the doors in the county. 

The people that go to your church, mosque, temple are so important that you need to protect them way ahead of everybody else.";Non toxic;0;0;2;0;150
You are triggered! You hate black people!!!!;A little racist;1;1;2;0;150
too bad nerd they're gay;A little racist;1;1;2;0;150
"Jews didn't all leave, Jews were still there when the first retarded Arab showed up you imam sucking faggot.   
Arab Palestinians never owned the land, never had a state there.   
You are the ultimate simp unironically believing that Arabs have the right to steal other peoples lands and get away with it.   
Oh and again, no.   
Schizo is what Arabs are being, stealing land and terrorizing the inhabitants for over a century then playing the victim card.   
Disgusting betamale.";A little racist;1;1;2;0;150
Nigga this stuff is such a bad example of good d1 armour that’s some bland shit if I’ve ever seen it;Racist;2;1;2;0;150
Shut up racist white supremacist cracker black lives can't matter until white lives don't matter;A little racist;1;1;2;0;150
A bunch of rich fucks who have never protested anything in their lives, and pathetic attendance in any case;A little harassing;1;2;2;0;150
That Vader was a moron, why tf would he run right at you;A little harassing;1;2;2;0;150
Busy body idiots with nothing else to do lol.;Non harassing;0;2;2;0;150
Stupid Palestinians, why don’t they go back to... *checks notes*... oh;Harassing;2;2;2;0;150
Mentally ill pieces of shit.;Harassing;2;2;2;0;150
Having a balanced budget when you print the world's reserve currency is fucking stupid. He should have been using dominant position that the us held and the financial boom time to invest in prosperity and security for the working class. Instead he dumbly rode the tech bubble and oversaw the massive hollowing out and outsourcing of America's productive capacity. Real hero there;Non vulgar;0;3;2;0;150
Right, I remember the first time I went to use a blood vial I was like “oh gross I’m about to drink blood lmaoo-“ then my dude just jabs a dirty ass syringe of old blood into his leg like it’s nothing;Non vulgar;0;3;2;0;150
Shit, at this point the rona might infect the entire Supreme Court giving the US no judges at all;Non vulgar;0;3;2;0;150
Yeah that's my point, that's the shit libs fawn over, not leftists;A little vulgar;1;3;2;0;150
Oh shit the sixth gun! Love it;A little vulgar;1;3;2;0;150
They’re gonna get killed in prison;Violent;2;4;2;0;150
I hope keemstar goes blind and deaf;Extremely violent;3;4;2;0;150
cry while we punch you in your face and steal your phone;Extremely violent;3;4;2;0;150
Your really confident it wont be your wife/mother/daughter that gets raped and murdered “for the greater good”.;Extremely violent;3;4;2;0;150
I'm going to bang your future mother...;Extremely violent;3;4;2;0;150
Most churches have closed. It's really only the megachurches.;Non toxic;0;0;2;1;151
I prefer mental pain over physical pain. I just feel like i had enough physical pain in my life. And about mental pain - i just tend to forget stuff, not take it too seriously, or let myself think much about it;Non toxic;0;0;2;1;151
rearched;Non toxic;0;0;2;1;151
Capricorn sells a whole kit that includes everything.;Non toxic;0;0;2;1;151
"&gt;vote with your wallet

Exactly. It's only continuing because it works financially for the companies that release it. Business goes where the money is.";Non toxic;0;0;2;1;151
the guy is a holocaust denier and outright nazi fuck, don't fall for his bullshit;Non racist;0;1;2;1;151
What a bunch of bitch ass white boys, smh;Racist;2;1;2;1;151
Fuck stonetoss, guys a nazi;Racist;2;1;2;1;151
stop making agenda posts....ahem.. m'nigger;Racist;2;1;2;1;151
Fuck off, fascist.  White Nationalists are invariably White supremacists.;A little racist;1;1;2;1;151
"Oh, he is.

^(He's also a son of a bitch. If you've seen MW2 then you'd know what I mean by that.)";Harassing;2;2;2;1;151
"How fucked in the head do you have to be to see a strong and proud Jewish scalper and go straight to antisemitism?

 Many Jews are People of Profit and are some of the best in the game, to try and erase their experiences like this is the real antisemitism.";A little harassing;1;2;2;1;151
"Do you honestly think that there isn't at least 30-40% of black people that don't want to just live their lives? Really? Would you really be willing to fuck over 21 million people ""WAAAAAH my joggers""";Harassing;2;2;2;1;151
I bet you’re stupid enough to grab another persons gun barrel.;A little harassing;1;2;2;1;151
im a fucking moron, someone linked cap olympic change plates on amazon when they were in stock, i just needed a pair of 5s so i ordered them. didn't realize i ordered a *single* 5. I'm so mad at myself lmfao, back to fucking searching;A little harassing;1;2;2;1;151
"&gt; YCIS

Why see I ass... Hehe.";Vulgar;2;3;2;1;151
"That grandma keep her pump hand strong!!! Slappin bitches straight in to a choke hold death by curtain. 

Teach me the dark arts granny";A little vulgar;1;3;2;1;151
shits heating up;Vulgar;2;3;2;1;151
Pictures of shit _not_ in the toilet bowl... why? I don't know.;Vulgar;2;3;2;1;151
"Weirdly enough, the first true 2nd Sister fight was my biggest problem. That and the fucking bat on Dathomir. I hate that thing.

I died once to 9th Sister when my controller ran out of battery towards the end of her fight. Can’t believe Respawn didn’t add an auto-pause for the game when that happens, it’s a standard feature.";Non vulgar;0;3;2;1;151
I hope you go too hell and get your tortured for all eternity and as you ask why satan shows you this comment;Violent;2;4;2;1;151
Or they could die and Madi will be left there forever and starve to death;Extremely violent;3;4;2;1;151
Your entire family will be sacrificed to Satan;Extremely violent;3;4;2;1;151
I will kill you and ride straight to emerald ranch to pay the bounty idgaf.;Extremely violent;3;4;2;1;151
Looks like you’ll die at night;Extremely violent;3;4;2;1;151
Kinda sounds like libertarian socialism? Probs a lot of the more lefty ppl here would be cool with that. We make fun of self-proclaimed libertarians that looove love love lickin boot.;Non toxic;0;0;1;0;152
Dayum.;Non toxic;0;0;1;0;152
I’m sure if Sara had millions like Carole she could get any hot guy she wanted too;Non toxic;0;0;1;0;152
"Marxism-Incelism?

lel";Non toxic;0;0;1;0;152
They aren’t conflicting at all. If the gadget has no counter play, it is poorly designed. What if you are a jager for example, how are you getting around it? You can’t tank it like an airjab or shoot it like trax. And due to its linear functionality the gadget would either be insanely strong on some points or extremely weak on others, and it is also very reliant on the enemy team comp. operators like this typically are very frustrating to play against, such as ying, clash, montagne, and mira.;Non toxic;0;0;1;0;152
r/niggapenis;Non racist;0;1;1;0;152
Racist white gays really do need to fuck off. He says the word cracker in response to a guy saying he doesn’t care about black people, and you basically call him a slave?? Are you an idiot??;A little racist;1;1;1;0;152
Pathetic little Nazi shit.;Racist;2;1;1;0;152
I assume you are white and don't have to live as a black person where Confederates and slavery are celebrated you absolutely privileged fuckhead;Racist;2;1;1;0;152
straight guys don't look at other guy's penises for fear that they will turn gay or something;Racist;2;1;1;0;152
They *were* a terrorist organization because of those acts, but now they're just assholes.;A little harassing;1;2;1;0;152
"Wow, you girls coming here to nag and gossip is pathetic. Go back to r/politics —or has that sub exhausted you because you went all in on #MeToo, find yourself defending Uncle Joe sexually assaulting/finger banging some lady? Now you can’t look in a mirror without realizing what a piece of shit hypocrite you are? That’s the problem with your side. No forethought. 


You don’t understand “what goes around, comes around.”  Just wait until a Democrat one day several decades from now manages to win the Presidency. That fucker is gonna be under investigation with special prosecutors for all kinds of shit the day he takes office.";Non harassing;0;2;1;0;152
Those fuckers knew they were postive and still went.;A little harassing;1;2;1;0;152
Immigrants don’t make their own state with the land they forced you off of you Zionist scum.;A little harassing;1;2;1;0;152
Cadence woulda been better without “stupid ass”;Non harassing;0;2;1;0;152
holy shit imagine unironically saying kek in 2020 spazmoid;Non vulgar;0;3;1;0;152
all of that is just bullshit invented by the right to rile people up. comments like this show that it's working.;A little vulgar;1;3;1;0;152
You're a brave one for shitting at school, they're stupid for having sex at school;Vulgar;2;3;1;0;152
Y’all wonder why dumbass kids keep falling into this dead end life then turn around and honor them as “fallen soldiers” lol ain’t shit glorified or noble about dying at 17 behind some bullshit. There is nothing cool or romantic about this life. And yeah true that applies to actual soldiers too but at least they’re supported by society and their families are taken care of a little by the government. These people just die for absolutely nothing. Petty beef;A little vulgar;1;3;1;0;152
God, I've played the first one and it was really fucking good and I recently bought Before the Storm as a sendoff for Max and Chloe's story. Seriously, the ending of the first game literally made me tear up and contemplate for an entire week.;Vulgar;2;3;1;0;152
"""I hope your kids die of AIDS!""";Extremely violent;3;4;1;0;152
I will kill you and ride straight to emerald ranch to pay the bounty idgaf.;Extremely violent;3;4;1;0;152
I am once again asking you to DIE BY MY HAND;Extremely violent;3;4;1;0;152
Your really confident it wont be your wife/mother/daughter that gets raped and murdered “for the greater good”.;Extremely violent;3;4;1;0;152
First you need to murder all your family and friends;Extremely violent;3;4;1;0;152
Did you know that mushroom spores can have thousands of different sexes. like not just boy and girl but also egsr and ij46 and dbxgoh and sekbh, i just made those up because i don't know what they call the other sexes of if they even have names;Non toxic;0;0;2;0;153
Im just a banana bro. Im assuming youre referring to the chat lounge;Non toxic;0;0;2;0;153
Good point. I mean does Nebraska really exist? You ever met someone from Nebraska?;A little toxic;1;0;2;0;153
"This one dude, GG reloaded, still blames IW for SBMM even though its not their decision to make. And Optimus completely ignored the fact that LEAKERS said the 100 dollar price tag on MW2R was a placeholder when he made his video over MW2R being campaign only.

Feels like some creators just don’t do their damn research.";A little toxic;1;0;2;0;153
"In my experience, the sadistic and forward types tend to enjoy being subs in bed.  
  
I'm getting me rope!";Toxic;2;0;2;0;153
"Feminists be like: ew old white men in politics fuck off 

Also feminists: yaaaas more white women in politics";A little racist;1;1;2;0;153
"Bootlicker.

Of course they do. But not nearly at the same rate, and white people can get away with way more shit. You had white fascists storming the fucking Capitol building screaming in pigs' faces and they didn't blink.";A little racist;1;1;2;0;153
Retard I dont prowl gay subs looking to harass gay people I just searched the last of us in the bar and saw ur stupid opinion;A little racist;1;1;2;0;153
WEEDNATION IS A BUMMY ASS NIGGA.  STRAIGHT FUCKING BUM THAT DUDE IS.;A little racist;1;1;2;0;153
"Who is ""we""? White people? Were you mad at black people in general? Did you talk about fellow whites as ""your people""?

This guy is a racist pos and will end up fucking up the 2A for all of us.";Racist;2;1;2;0;153
That Vader was a moron, why tf would he run right at you;Harassing;2;2;2;0;153
"What's wrong with Americans? They shit and piss and cry about raycisss cops killing 13%ers but when they witness it in person seems like all they'll do is film it for the twitter likes and calmly inform the cop ""that's not cool bro, u should probably stop killing him bro"".

I don't give a shit if it starts a race war, I'm tired of the fucking foreplay, just do something already. Literally a nation of NPC's why can't u just disappear";Harassing;2;2;2;0;153
Cadence woulda been better without “stupid ass”;A little harassing;1;2;2;0;153
Damn that was genius dude. You had the whole comment section fucking wheezing.;Non harassing;0;2;2;0;153
She says  something smart and then something stupid,  she stands up to the establishment then bends over backwards to suck their dick. Everything is extremism.;A little harassing;1;2;2;0;153
There is 0% chance this guy makes it through 10 years of probation. There is a reason why many repeat criminals will just take the jail time over probation, its a fucking scam thats only designed to funnel money out of you and then punish you for any slight misstep. I would bet this guy will be in jail in less than a year.;Non vulgar;0;3;2;0;153
Ok genuine question, if it has been demostrated that Troy was in western anatolia how the fuck could the Odyssey take place in the baltic?;A little vulgar;1;3;2;0;153
They nerf zombies xp with a “patch” but don’t fix this shit lmfao.;Non vulgar;0;3;2;0;153
Y’all wonder why dumbass kids keep falling into this dead end life then turn around and honor them as “fallen soldiers” lol ain’t shit glorified or noble about dying at 17 behind some bullshit. There is nothing cool or romantic about this life. And yeah true that applies to actual soldiers too but at least they’re supported by society and their families are taken care of a little by the government. These people just die for absolutely nothing. Petty beef;Vulgar;2;3;2;0;153
"I'm just here to complain about the title.

...and yeah, I endorse the sentiments of the tweet. If you can't tell family to fuck off with racisms, who can you tell?";A little vulgar;1;3;2;0;153
Hopefully he’ll kill all those nazis living on the dark side of the moon while he’s there.;A little violent;1;4;2;0;153
TR3YWAY THESE NIGGAS SAY THEY HEARD OF ME, I AINT HEARD OF YOU, GET THE FUCK UP OUT MY FUCKIN FACE FORE I MURDER YOU;Violent;2;4;2;0;153
I will take my 153 with ap20 and kill you;Violent;2;4;2;0;153
You will die with us;Violent;2;4;2;0;153
They would kill you before you even got the chance😂;A little violent;1;4;2;0;153
I’m sure if Sara had millions like Carole she could get any hot guy she wanted too;Toxic;2;0;1;0;154
"The primary goal isn't just to defeat Trump. That's why Sanders calls his election bids a ""movement"" ""our revolution"" Sanders is running on fundamentally changing the way our country operates, Medicare for all, marginal tax rates increased on the wealthy, a 15 dollar minimum wage. People are angry because the DNC is fundamentally opposed to some of the positions Bernie takes, and the fact that there has been such antagonism from the media towards Sanders, the fact that the DNC openly stated that they can favor one candidate over another, a loss absolutely makes us feel cheated.";Non toxic;0;0;1;0;154
Uzbekistan: being Uzbeks, aka Persians disguised as Turks.;Toxic;2;0;1;0;154
good taste in cymbals. That brand is underrated asf;Non toxic;0;0;1;0;154
"Intersex arguments are puzzling to me (not intersex myself).

They're using a genetic anomaly to further their proof on mental identity. The two don't correlate. Sam with the race card..why do they use biological examples in a pick and choose game. But refuse to acknowledge relevant biological sex? Puzzling indeed";Non toxic;0;0;1;0;154
It’s creepy weird race fetishization and your fucking name is FuckAsianBitches. I hope an Asian girl never comes within 30 feet of you.;A little racist;1;1;1;0;154
Seems like you’re a dumbass Nazi apologist, fuckin losers all of you;A little racist;1;1;1;0;154
"Hurr durr.  Being white is racist!!!   -  The left, 2020.

No wonder a civil war in the US is brewing.  People want these fucktards to vanish.";A little racist;1;1;1;0;154
straight guys don't look at other guy's penises for fear that they will turn gay or something;Racist;2;1;1;0;154
Well then masterbating is also gay. And by that logic, simply touching your penis is gay, even while peeing. If touching your penis is gay, you’re gay, because your penis is attached to you, hence you’re always touching your penis. Thusly, as clearly most men are not gay, masterbating cannot be gay, therefore sucking your own dick also cannot be gay.;Non racist;0;1;1;0;154
"Seriously, I've seen these things snap and tear little terriers apart. I wish I could erase that image from my mind. Their fans will defend them to the death. 

Just because a dog breed is docile to its owner doesn't make it docile around everyone else.

Fucking idiots.";A little harassing;1;2;1;0;154
Fuck trump but also ..stop wasting time on stupid bullshit like this.;Harassing;2;2;1;0;154
I’m going to post another topic like this later. It’s amazing 350 days pass and no word from Epic. Seems like it’s time to bring it up again (fuck you mods);Harassing;2;2;1;0;154
we're all clenching our assholes;Non harassing;0;2;1;0;154
"this is a stupid statement “80%+ of nonces who are white” 

in britain the native population is white what do you expect? 

that’s leaves 20% attributed to immigrants? which is fucking awful.";A little harassing;1;2;1;0;154
That’s a pretty crap brothel;Vulgar;2;3;1;0;154
and sure as shit didn't get there by begging our masters to be a bit nicer;Vulgar;2;3;1;0;154
This asshat has late-stage TDS, though. He hates every conservative in this country.;A little vulgar;1;3;1;0;154
"Mine stole my riven once.

Stopped what I was doing and murdered that sucker.";Non vulgar;0;3;1;0;154
God, I've played the first one and it was really fucking good and I recently bought Before the Storm as a sendoff for Max and Chloe's story. Seriously, the ending of the first game literally made me tear up and contemplate for an entire week.;A little vulgar;1;3;1;0;154
Die tomorrow, and you may die tomorrow;A little violent;1;4;1;0;154
MIKU BE CAREFUL THEY GONNA SPAWN KILL YOU;A little violent;1;4;1;0;154
I will take my 153 with ap20 and kill you;Violent;2;4;1;0;154
I would kick you;Violent;2;4;1;0;154
Infant rape?? This dude needs to be tortured to death not given a prison sentence;Violent;2;4;1;0;154
"&gt; USPS is on the brink of financial failure. 

Because Congress forced them to prefund pensions not because they're somehow inept.";Non toxic;0;0;1;0;155
"Marxism-Incelism?

lel";Non toxic;0;0;1;0;155
i think its funny;Non toxic;0;0;1;0;155
Most churches have closed. It's really only the megachurches.;Non toxic;0;0;1;0;155
Did you ever play tricks on it? Put baking soda on the dark spots and let it catch itself in the dark area?;Non toxic;0;0;1;0;155
fucking anarchists in the 1800s were saying being gay is cool, god anarchists are ahead;A little racist;1;1;1;0;155
Wait- if they press the vote Democrat button, white males would still exist.  These... these dumb mother fuckers;Racist;2;1;1;0;155
"Would you guys consider jacking off to be a sport? I don't know about you motherfuckers but I consider that shit to be a sport okay? If people can sit back and label goddamn golf which is the boringest fucking sport in the world. Think about it, what the fuck athletically are you really doing in golf my nigga? All you doing is hitting a goddamn golf club. ""Oh my god that's a long as birdie man, nice birdie, nice put, and it went 258..."" get the fuck outta here nobody cares about that boring ass shit. Who the fuck really watches golf my nigga? Nobody gives a fuck. It makes niggas fall asleep. Fishing on the other hand... What the fuck are you really doing athletically my nigga in fishing?";A little racist;1;1;1;0;155
A schizophrenic man named Terry who created TempleOS coined the term. You see, CIA niggers glow in the dark. You run them over with your car. That’s what you do.;A little racist;1;1;1;0;155
"""Fuck Palestinians because other Arabs exist "" 

Guess what, human rights are not conditional on numbers or wether white people feel brown deserve them. 
You wouldn't pull this disgusting logic on any predominantly white country. 

Hey, let's expell italians and leave milluons of them stateless because the assyrians don't have an ethnostate.";A little racist;1;1;1;0;155
bitch better watch your tongue unless you want a visit from my boys Reginald, Wesley, Albert and Clarence;Harassing;2;2;1;0;155
Mentally ill pieces of shit.;Extremely harassing;3;2;1;0;155
Warrens plan was absolutely NOT comprehensive, you liar. And every bit of sanders plan was outlined but maybe it was too much for you too understand? Doubt you even checked, neoliberals do not give a fuck in the end.;Non harassing;0;2;1;0;155
you look fucking great! I'm pre everything, but you are exactly what I want to look like! Blending in is overrated as fuck;A little harassing;1;2;1;0;155
"It may not be the wrong choice for him, but that doesn't mean he isn't a POS for it.

""Fuck you I got mine"" is a piece of shit attitude.";A little harassing;1;2;1;0;155
You ever wear last winter's jacket and find a joint, or a twenty? Same shit.;Vulgar;2;3;1;0;155
"man I miss Runescape. 

Sucks my account got hacked and banned haha.";Vulgar;2;3;1;0;155
"Who cares what any police chief in the country says

Their words are forever meaningless.  Only listen to be able to see what they’re trying to deflect from because they’re all so fucking stupid they can’t make up halfway decent excuses and usually say the crime out loud they committed.  

The dumbest guy in your hometown.  That’s every cop in this country";Vulgar;2;3;1;0;155
"Russia backed up us along the west coast when the French and Brits tried fucking with us 

History has been rewritten my McGraw/Hill etc";A little vulgar;1;3;1;0;155
He still got a shot at 1k yards. Just needs 250 a game for the last 3! Easy shit;Extremely vulgar;3;3;1;0;155
Maybe someone should choke you and your immediate family to death, see how you like it;Extremely violent;3;4;1;0;155
I hope you go to prison when you inevitably kill an innocent protestor by plowing your car thru them;Extremely violent;3;4;1;0;155
Atleast you will die 𝓢𝓱𝓲𝓷𝓮𝔂;Violent;2;4;1;0;155
If you're white and use your gun to defend yourself, you'll be arrested as a racist and get life in jail.;Extremely violent;3;4;1;0;155
This guy should honestly just be shot in the face and left for dead in a ditch;Extremely violent;3;4;1;0;155
Its piss easy to get CC in this game. People are literally complaining about a non issue;A little toxic;1;0;1;1;156
No Amazon listed on the 23rd? Gonna get calls for that;Non toxic;0;0;1;1;156
"&gt; How about we get rid of the heavy neo lib society and invest in our infrastructure before we start blaming innocent people?

Agreed let's burn it down, regardless you still have to be able to have a adult conversation regarding immigration levels, even more so if we have a society in NZ that once again cares about its citizens.";A little toxic;1;0;1;1;156
I’m that case you would qualify for benefits because your hours/income has been reduced;A little toxic;1;0;1;1;156
good taste in cymbals. That brand is underrated asf;Non toxic;0;0;1;1;156
Fuck stonetoss, guys a nazi;Racist;2;1;1;1;156
Traps are gay.;Extremely racist;3;1;1;1;156
"Jews didn't all leave, Jews were still there when the first retarded Arab showed up you imam sucking faggot.   
Arab Palestinians never owned the land, never had a state there.   
You are the ultimate simp unironically believing that Arabs have the right to steal other peoples lands and get away with it.   
Oh and again, no.   
Schizo is what Arabs are being, stealing land and terrorizing the inhabitants for over a century then playing the victim card.   
Disgusting betamale.";Extremely racist;3;1;1;1;156
"&gt;Blacks don't say nigger.

Oh. 

You're just one of those suburban upper-middle class white girls who has never actually interacted with a black person in her life, but has completely internalized the white man's burden. 

We're done here.";A little racist;1;1;1;1;156
Shut the fuck up, white people. God I'm sick of seeing your pasty asses being offended for the rest of the planet. SHUT THE FUCK UP. Go home. Nobody likes you. Not even your own people like you.;Extremely racist;3;1;1;1;156
"&gt;dont fuck around with kratom

&gt;dont fuck around with kratom while being a junkie";Harassing;2;2;1;1;156
Lil bastard shouldnt have been poppin off at the mouth with all that shit;Extremely harassing;3;2;1;1;156
The pictures look like nagants or mausere. Utter retards;Extremely harassing;3;2;1;1;156
"What's wrong with Americans? They shit and piss and cry about raycisss cops killing 13%ers but when they witness it in person seems like all they'll do is film it for the twitter likes and calmly inform the cop ""that's not cool bro, u should probably stop killing him bro"".

I don't give a shit if it starts a race war, I'm tired of the fucking foreplay, just do something already. Literally a nation of NPC's why can't u just disappear";Harassing;2;2;1;1;156
Uhh, no. Very much it did not. What are you talking about? Not EU. Wrong, bitch.;Harassing;2;2;1;1;156
Hmm, when I search WaPoo Prime Video, I don't get any references to the movie.  Had to find it via a search engine.  Amazon is doing something fucky.;A little vulgar;1;3;1;1;156
"&gt;""full of freedom loving people""

thats a goddamn lie. no one is ""free"", especially not when the constitution doesnt apply. ""freedom of assembly"" means no curfews and no police interference, and ""life, liberty, and pursuit of happiness"" means no extrajudicial murder by cops.

your ""freedom"" is air-conditioned, chemically-induced consumerist coma, until you fuckin speak up about it.";A little vulgar;1;3;1;1;156
Then don't post bullshit where you say being communist requires being ML.;A little vulgar;1;3;1;1;156
Bullies are bad. Standing up to bullies is good lol. It's heartwarming shit;A little vulgar;1;3;1;1;156
"&gt;Can't prove a negative. Cite source that shows most rape cases are real. (INB4 some feminazi article gets posted) 

https://www.cdc.gov/injury/features/sexual-violence/index.html

Guess the CDC are ""feminzais""?

""SV affects millions of people each year in the United States. The official numbers are likely an underestimate because many cases go unreported""

""Nearly 1 in 5 women have experienced completed or attempted rape during her lifetime.""

But please, I'm absolutely begging you to show me your facts that most of the cases that get reported are false.

&gt;Yes, pedophiles, child abusers, and those who would perpetuate suffering unironically belong in a woodchipper.
Preferably legs first. 

Nope, you were talking about people with disabilities.

Here, I'll post your fascist garbage here for anyone reading:

""These people should be shoved into a woodchipper.

Even a century ago, they'd either not survive to adulthood, be sold to a circus as part of the freak exhibits, or have to be born a 0.01%er to survive to adulthood.

These people demand science not improve these congenital conditions, while at the same time demand everyone be vaccinated.

Literally fuck every single one of these ""muh disabled culture"" fucks.""

&gt; Found the pedophile!

I'm the one sharing the stats on sexual abuse and violence including how it affects children more.

You were talking about ""dwarfs"" and dwarfism, you lying fucking fascist. You even admit to being a eugencisist. You pathetic cowards can't even stick to your guns on the bullshit you say. Because you're fucking pathetic and weak.";Vulgar;2;3;1;1;156
Kill Your Mother.;Extremely violent;3;4;1;1;156
He needs to die and quick;Extremely violent;3;4;1;1;156
I will rip you in half;Extremely violent;3;4;1;1;156
pedo die die die;Violent;2;4;1;1;156
They will kill you.;A little violent;1;4;1;1;156
Had him for intro to Sociology in my senior year.  Last remaining core class. Class was so interesting made me think I might’ve made a mistake choosing my major. One of the few classes I remember things from almost 20 years later. RIP professor.;Non toxic;0;0;1;0;157
Becuause there is enough skins themed after it, and slurp is a staple of fortnite from the very beginning;Non toxic;0;0;1;0;157
Capricorn sells a whole kit that includes everything.;Non toxic;0;0;1;0;157
"Take her coat when she gets in the door. Have dinner ready. 

Pamper her. Massage her. Call her mam or miss. Act like a sexy butler basically. 

Prepare a hot bubble bath for her, undress her, help her in to it.  

Take her out to dinner and be her chauffeur, drive her, open the door for her, and so on. 

Massage her feet. Kiss her feet. Work your way up. Worship her body. Focus on her.

Good submissives are proactive , not passive or wet blankets. That interests no one.";Non toxic;0;0;1;0;157
"Marxism-Incelism?

lel";Non toxic;0;0;1;0;157
Okay, so you’re a gay dude with a boring hobby and bad politics who follows a transphobic evangelical Christian. Doesn’t mean you can’t still fuck a knife vagina. Vaginas can belong to men or women, after all. Make a knife dick for all I care, man.;A little racist;1;1;1;0;157
Throw this comment section in the trash and light that shit on fire. Of course it's racial profiling you dumb fucking morons.. there are parks full of white people and the police there politely hand out masks, but when it's a black neighborhood they make arrests and physical confrontations.;A little racist;1;1;1;0;157
"God Americans need to get a fuckin hobby or something. This ""Black People"" shit is getting old.";Non racist;0;1;1;0;157
"&gt; What a fucking insane generalization to paint all white people with. It's almost like you're a horrible and extremely racist person. Lemme guess that you're a self-flagellating white person...

The Dems are the real racists sweaty! Also you're a race traitor if you help non-white people.";Non racist;0;1;1;0;157
The Spartan warriors were gay as fuck for each other too;Racist;2;1;1;0;157
"I’m an anarchist, street medic.

I ride my motorcycle to street demos or community activist events; wherever I’m needed (usually by request from local collectives or groups).

I load my bike and myself up with medical gear - essentially a large trauma kit - and I’m in the thick of it. I carry no weapons. I’m not out there to hurt anyone. I seek to help and comfort those harmed by the fascist goons.

Fuck Them. And fuck Trump. And fuck you too if you support him.";Non harassing;0;2;1;0;157
Chad I dig you. Big fan- But you are being a moron and Bisbing would smash the shit out of you.;A little harassing;1;2;1;0;157
Is this another one of those “heh I’m gonna make look nazi like, but not enough that it’s so obvious no could deny, so left wingers will go crazy!” Idk is he just fucking with us at this point? Does he even know? Jesus. Like for real I showed this to people and they were like “nah fam you see it everywhere” 🙄;Harassing;2;2;1;0;157
"No. Everyone with half a brain made that choice. 

The government just made the choice for the fucking morons that aren't listening or paying attention and endangering the rest of us.";Non harassing;0;2;1;0;157
We fucking despise your country since the Second World War ended. Every single president you’ve had in history has been garbage. Don’t act like because now suddenly you guys have a president that doesn’t act like he’s some decent person while destroying the world economy and bombing children hospitals like all the others did we now for the first time dislike you guys.;A little harassing;1;2;1;0;157
He's not really pro-life, though, he's just pro-birth. He doesn't give a flying fuck about the quality of life of the WOMAN in the situation, only about that of the parasite/fetus.;Vulgar;2;3;1;0;157
PayPal is still assho;Non vulgar;0;3;1;0;157
Ok genuine question, if it has been demostrated that Troy was in western anatolia how the fuck could the Odyssey take place in the baltic?;Non vulgar;0;3;1;0;157
They did the same thing to Ron Paul. Glad the other side can see some of the bullshit now.;Non vulgar;0;3;1;0;157
They deserve waaay more shit for promoting fascism in 2016;A little vulgar;1;3;1;0;157
I'm going to cut 2020's genitals and feed him with them if this bloody happens;Violent;2;4;1;0;157
If I were PCG I'd burn your house down again too;Extremely violent;3;4;1;0;157
Killing yourself with the intent to kill yourself;Extremely violent;3;4;1;0;157
You should be hanged;Extremely violent;3;4;1;0;157
Eww, refer to me as a disgusting subhuman Celt again and I'll blood eagle your mother.;Extremely violent;3;4;1;0;157
"And is it a large majority here or a vocal minority? No one is out here praising Activision for having the store function as well.....a bloody store. 

But people are pissed when its broken and will be vocal in order to get it fixed.";Non toxic;0;0;1;1;158
America in 1944;Non toxic;0;0;1;1;158
Just to be clear, that's the total estimated death toll, not just the next two weeks.;Non toxic;0;0;1;1;158
Yeah, it is really sad that even socialist revolutionaries of the era wasnt above bigotry.;Non toxic;0;0;1;1;158
Turns the guy around causing his momentum to turn with him. Nice physics.;A little toxic;1;0;1;1;158
Masturbation is literally gay because you're jerking off a guy.;Racist;2;1;1;1;158
I mean everything expect being gay and murdering. The albums just a entire fucking bop;Extremely racist;3;1;1;1;158
Fuckin ghetto culture, may god strike down on the Jews in Hollywood who promote this shit.;Racist;2;1;1;1;158
"Jews didn't all leave, Jews were still there when the first retarded Arab showed up you imam sucking faggot.   
Arab Palestinians never owned the land, never had a state there.   
You are the ultimate simp unironically believing that Arabs have the right to steal other peoples lands and get away with it.   
Oh and again, no.   
Schizo is what Arabs are being, stealing land and terrorizing the inhabitants for over a century then playing the victim card.   
Disgusting betamale.";Racist;2;1;1;1;158
I assume you are white and don't have to live as a black person where Confederates and slavery are celebrated you absolutely privileged fuckhead;Racist;2;1;1;1;158
"It's probably best described as a: ""fuck me...so fuck you too""";A little harassing;1;2;1;1;158
Damn that was genius dude. You had the whole comment section fucking wheezing.;Non harassing;0;2;1;1;158
That Vader was a moron, why tf would he run right at you;A little harassing;1;2;1;1;158
Ah, well he is a bastard then;A little harassing;1;2;1;1;158
"Bernie is old as shit, he’s going to retire soon, yet he still tows the party line. He’s on his way out; he should be calling out the party, yet he won’t. Fucking pathetic.";A little harassing;1;2;1;1;158
"That grandma keep her pump hand strong!!! Slappin bitches straight in to a choke hold death by curtain. 

Teach me the dark arts granny";Vulgar;2;3;1;1;158
"It is bowing down

lol at you coppin pleas like a battered wife.  ""I don't bow down to him, I just do everything he says for ease of socialising"".

Bruh, you have no out here.  You proved me right.  Yall bow down to whites.  They stay on ya mind, rent free.

If you didn't bow down, you'd use your own names and not gaf what whites think.  But as I said, rent free.

Blacks will name themselves Jakwan, Devonte, Lavernious, etc., NO FUCKS GIVEN.  Fuck that noise, they ain't no scary hoes.

Yall need to be more like blacks.  They are your brothers in colour";A little vulgar;1;3;1;1;158
I love shit beer but I gotta have more than 2.5% alcohol.;Non vulgar;0;3;1;1;158
"Tetris Effect is ~5GB, and it's got better and more varied graphics than Modern Warfare.

(Seriously, if you haven't played Tetris Effect, give it a shot. It's a fucking masterpiece of audio-visual art.)";Non vulgar;0;3;1;1;158
"I have no idea if he's actually raped anyone at all. He's not in prison so I'm going to say no proof other than #metoo. There is however videos of Biden being creepy as fuck with women. That's happening. TODAY. That's a thing detectives call a clue.

So yeah to my original statement. The DNC SUCKS if their only two candidates are a rapist and a commie.";Vulgar;2;3;1;1;158
If your vending machine is filled with civil war suits, dirty white asylum dresses and non-legendary weapons then no, I will not be closing your doors. I'm going to eat your damn tatos and kill your cow, too.;Violent;2;4;1;1;158
Dying because you’re involved with a violent gang =! raped and killed for no reason;Extremely violent;3;4;1;1;158
I want her dad to die! She can think whatever she wants;Extremely violent;3;4;1;1;158
Or they could die and Madi will be left there forever and starve to death;Extremely violent;3;4;1;1;158
I'm going to bang your future mother...;Extremely violent;3;4;1;1;158
ah yes, the grift continues;Non toxic;0;0;2;0;159
Neither has Biden.;Non toxic;0;0;2;0;159
This is correct. It's also how ants form their 'roads' and know where the food is at when it's way, way beyond their range of sight. You can even exploit this fact by spreading ant pheremones in a circle, and forming something called an 'ant death spiral', where the ants just walk in circles until they drop dead, because they don't know to do anything else.;Non toxic;0;0;2;0;159
I'm defending the PRC by commenting on a WHO doctor. Makes perfect sense lol. I just assumed you magically saw a comment where I defended something the PRC did since, y'know, that's what you're saying;Non toxic;0;0;2;0;159
What's to figure out? He agrees with me!;Non toxic;0;0;2;0;159
They should stop committing so much violent crime and attacking police when caught. White people are killed more while doing nothing but fuck them right.;Racist;2;1;2;0;159
"Kill all Asians. Kill all women...
They're a global majority. Reddit is a global site.";Racist;2;1;2;0;159
"Jews didn't all leave, Jews were still there when the first retarded Arab showed up you imam sucking faggot.   
Arab Palestinians never owned the land, never had a state there.   
You are the ultimate simp unironically believing that Arabs have the right to steal other peoples lands and get away with it.   
Oh and again, no.   
Schizo is what Arabs are being, stealing land and terrorizing the inhabitants for over a century then playing the victim card.   
Disgusting betamale.";A little racist;1;1;2;0;159
Traps are gay.;Racist;2;1;2;0;159
Racist white gays really do need to fuck off. He says the word cracker in response to a guy saying he doesn’t care about black people, and you basically call him a slave?? Are you an idiot??;Racist;2;1;2;0;159
What's that video of the cop shooting his own undercover officer then whales like the fucking man child he is. Shit is hilarious;A little harassing;1;2;2;0;159
"If you and the 5 butt nuggets hugging 3 inches off your ass behind you don't provide any room to enter then zoom zoom motherfucker.

A lot of onramps are short basically meaning that you need to gun it to enter the freeway and merge at a safe speed.

Similarly if you are entering the freeway at 30 miles per hour I am not staying the fuck behind you and getting splattered all over the back of your car by a semi truck. (motorcyclist)";Harassing;2;2;2;0;159
"Do you honestly think that there isn't at least 30-40% of black people that don't want to just live their lives? Really? Would you really be willing to fuck over 21 million people ""WAAAAAH my joggers""";A little harassing;1;2;2;0;159
"NAH.

You *did* let him use a restroom, just not *that* one.  If you had refused to let him use any, you would be an asshole.";Harassing;2;2;2;0;159
"Once you have fucked literal gods, you're going to wonder what it feels like to put your dick in your food.  
  
I call this the Zeus hypothesis.";Harassing;2;2;2;0;159
Lol holy shit dude, say to hello to jcj for me;Vulgar;2;3;2;0;159
"The last Star Wars trilogy was pozzed as fuck and it's been liberal since the beginning. 

&amp;#x200B;

Never played COD can't comment on that one.";A little vulgar;1;3;2;0;159
"That doesn't make any sense. Are you saying singular they is a problem for when you genuinely don't know someone's gender? That is a genuine problem with English linguistics.

While it concerns pronouns its a different problem than someone demanding you refer to them other than you know them to be.

I don't know who the artist is at all. I know all I need to know. They fucking suck.

I don't need to know their pronouns nor do I give a shit. You running around telling people what pronouns to use or not use. Check yourself.";A little vulgar;1;3;2;0;159
Having a balanced budget when you print the world's reserve currency is fucking stupid. He should have been using dominant position that the us held and the financial boom time to invest in prosperity and security for the working class. Instead he dumbly rode the tech bubble and oversaw the massive hollowing out and outsourcing of America's productive capacity. Real hero there;A little vulgar;1;3;2;0;159
"&gt; YCIS

Why see I ass... Hehe.";Vulgar;2;3;2;0;159
"Die

Die

or Die";Extremely violent;3;4;2;0;159
Death to British rule 🇨🇳🇨🇳🇨🇳;Extremely violent;3;4;2;0;159
"Punch yourself in the gut

Otherwise man up and stick your fingers down your throat";Extremely violent;3;4;2;0;159
I will harvest your organs;Extremely violent;3;4;2;0;159
Eww, refer to me as a disgusting subhuman Celt again and I'll blood eagle your mother.;Extremely violent;3;4;2;0;159
Can have the template;Non toxic;0;0;2;1;160
I assume you're mostly joking but there's a specific drug to prevent nightmares. Prazosin and another off label one basically just prevent bad dreams. I don't have PTSD but, I get incredibly vivid, sometimes lucid dreams with full sensorium  so, tried it for a while. I stopped because the good vivid dreams outweigh the bad but, ymmv.;Non toxic;0;0;2;1;160
They aren’t conflicting at all. If the gadget has no counter play, it is poorly designed. What if you are a jager for example, how are you getting around it? You can’t tank it like an airjab or shoot it like trax. And due to its linear functionality the gadget would either be insanely strong on some points or extremely weak on others, and it is also very reliant on the enemy team comp. operators like this typically are very frustrating to play against, such as ying, clash, montagne, and mira.;Non toxic;0;0;2;1;160
"Or even older?


https://youtu.be/TcCv21AqvWw";Non toxic;0;0;2;1;160
Dayum.;Non toxic;0;0;2;1;160
Especially that French dude that fucked over 600 African woman;A little racist;1;1;2;1;160
Hes gay and shes a lesbian, but you fuck together anyway because you're siblings.;Racist;2;1;2;1;160
WEEDNATION IS A BUMMY ASS NIGGA.  STRAIGHT FUCKING BUM THAT DUDE IS.;Racist;2;1;2;1;160
The one that confuses me the most is Slavic Nazis. They only thing hitler hated as much as Jews was fucking Slavs.;A little racist;1;1;2;1;160
"just pray they don't find ""THIS NIGGAS A SANDWICH""";A little racist;1;1;2;1;160
That dumbass needs to brush more than once a month.;Non harassing;0;2;2;1;160
to be fair, a phone is personal property not private property. so that kid can fuck off;Non harassing;0;2;2;1;160
Black Lives Matter doesn't mean only black lives matter! holy shit you're more dense than a black hole;A little harassing;1;2;2;1;160
The sixth amendment, and because the Republicans fucking love that shit and want to be able to kill Muslims without a trial more and not less;A little harassing;1;2;2;1;160
Ak isn't a victim, unless you count Tracy fucking his gf as victimization;A little harassing;1;2;2;1;160
Hmm, when I search WaPoo Prime Video, I don't get any references to the movie.  Had to find it via a search engine.  Amazon is doing something fucky.;A little vulgar;1;3;2;1;160
Holy shit, I thought this was advanced running till the 10 minute mile hit.;Non vulgar;0;3;2;1;160
I love shit beer but I gotta have more than 2.5% alcohol.;Non vulgar;0;3;2;1;160
Can't turn shit into diamonds every time.;A little vulgar;1;3;2;1;160
Okay yeah but saying “lmao you don’t know sadness because your boyfriend only lives 15 minutes away mine is 1500 miles away stop complaining” is gatekeepy bullshit;Non vulgar;0;3;2;1;160
Your entire family will be sacrificed to Satan;A little violent;1;4;2;1;160
If they die they die;Violent;2;4;2;1;160
Death to capitalism;Non violent;0;4;2;1;160
Maybe someone should choke you and your immediate family to death, see how you like it;Extremely violent;3;4;2;1;160
You will die with us;Extremely violent;3;4;2;1;160
or a yuumi/nami/lulu/zilean/ any enhancer plays on his team.;Non toxic;0;0;1;0;161
"Yeah I've heard it's anywhere between 10-20%

Not exactly good odds, though. Basically a dice roll.";Non toxic;0;0;1;0;161
Contrary to popular opinion lately, this isn’t a coronavirus sub. Posts need to at least be loosely connected to Lowe’s. That said, I wouldn’t post this anyway based on quality of the research. This is one scientist saying something. It hasn’t been peer reviewed, hasn’t been accepted by the WHO, and could easily be disputed by a dozen other scientists for all we know. At the end of the day, it’s just not something that needs to be here. Check out r/china_flu. I look at that site a lot for this kind of stuff.;Non toxic;0;0;1;0;161
"&gt; It's obvious they've changed their stance.

I wish, but the fact is Reddit still pretends otherwise.

[“Reddit is quite open and pro-free speech”](https://www.reddithelp.com/en/categories/rules-reporting/account-and-community-restrictions/posting-someones-private-or-personal)";Non toxic;0;0;1;0;161
Basspod and cosmic meadows. I can count how many times I've been to the main stage on one hand. I hate  it over there.;A little toxic;1;0;1;0;161
Tf is this sub nigga;Extremely racist;3;1;1;0;161
Shut the fuck up, white people. God I'm sick of seeing your pasty asses being offended for the rest of the planet. SHUT THE FUCK UP. Go home. Nobody likes you. Not even your own people like you.;A little racist;1;1;1;0;161
Fuckin ghetto culture, may god strike down on the Jews in Hollywood who promote this shit.;Extremely racist;3;1;1;0;161
dear retard, ur gay gay gay gay gay  ugly and I hate you, consider uninstalling 01111001 01101111 01110101 01110010 00100000 01101100 01101001 01100110 01100101 00101110 01100101 01111000 01100101 00100000 01101001 01101101 01101101 01100101 01100100 01101001 01100001 01110100 01100101 01101100 01111001 00100000 01100101 01101110 01100100 00100000 01110000 01110010 01101111 01100011 01100101 01110011 01110011 00101100 00100000 01111001 01101111 01110101 00100000 01100110 01110101 01100011 01101011 01101001 01101110 01100111 00100000 01110010 01100101 01110100 01100001 01110010 01100100 00101110;A little racist;1;1;1;0;161
Ah yes, linclon, the man who wanted to send the niggers back to Africa;A little racist;1;1;1;0;161
"Well fuck the Palestinians then I guess. Sovereignty? Consent of the people? Never heard of it. No, foreigners just get to take their land. Their will be damned.

There's literally no human on this planet that is indigenous to exactly one place and it's pretty anti Semitic (and logically absurd) to imply Jews don't belong in their countries but in this random area in the middle East. 

Imagine if we up and decided to reverse every human migration in the last 2000-3000 years. 

Let's hand over Africa to the Europeans while we're at it. All humans come from Africa after all.";Non harassing;0;2;1;0;161
"I mean, you have to ask yourself, is a slut someone that doesn't dress conservatively or is a slut someone that's actually unfaithfully sleeping around.

If your problem is the former then I say to you that there is a difference between saying something is generally socially undesirable and saying that something is a turn off in a relationship, ie. no one would give a fuck if you just diplomatically said that you have a personal preference for women that don't wear revealing clothing (or whatever your problem is).";A little harassing;1;2;1;0;161
Keep hoping you have any sort of cogent analysis of the world on you rather than your shit you pulled out your ass.;Harassing;2;2;1;0;161
I looked it up. They paid taxes. You're retarded.;Harassing;2;2;1;0;161
"The dumbass put his zoo in the Ferrari guys name. He's fucked.

Oh my god I just watched his campaign manager have to absolutely rip his dab pen just to describe his experience working for Joe.";A little harassing;1;2;1;0;161
Pictures of shit _not_ in the toilet bowl... why? I don't know.;A little vulgar;1;3;1;0;161
Wow s14 people are assholes for getting mad at Ian for rocking on the hammock. They should've realized it was a comfort thing even if they thought it was weird and didnt know he was autistic.;A little vulgar;1;3;1;0;161
Then don't post bullshit where you say being communist requires being ML.;Vulgar;2;3;1;0;161
Doesn't she go on and on about hating being called inspirational? It's the same shit.;Vulgar;2;3;1;0;161
Ok genuine question, if it has been demostrated that Troy was in western anatolia how the fuck could the Odyssey take place in the baltic?;Non vulgar;0;3;1;0;161
He needs to die and quick;A little violent;1;4;1;0;161
Try killing more people and we may put you in the next one;A little violent;1;4;1;0;161
Hope she gets skinned alive i wanna see her fucking head on a pike;Extremely violent;3;4;1;0;161
I’ll probably start killing people;A little violent;1;4;1;0;161
Its these kind of people that deserve to be shot;Violent;2;4;1;0;161
[Stay away from Fort Pillow though](https://en.wikipedia.org/wiki/Battle_of_Fort_Pillow)!;A little toxic;1;0;1;1;162
Just about everything. The only things I’ve really kept is all knowledge from all of my business classes, different formulas from math I use with business, and some science. That’s it. I’ll admit something’s are usual, mostly the stuff you’ll learn in college, besides that most stuff isn’t.;Non toxic;0;0;1;1;162
I’m sure if Sara had millions like Carole she could get any hot guy she wanted too;A little toxic;1;0;1;1;162
The month has turned over has that set been released yet? 😂;A little toxic;1;0;1;1;162
"&gt;This is The Logical conclusion you are either too naive we're too far into your ideological Echo chamber to see.

I find that very ironic coming from you";A little toxic;1;0;1;1;162
Racist white gays really do need to fuck off. He says the word cracker in response to a guy saying he doesn’t care about black people, and you basically call him a slave?? Are you an idiot??;Racist;2;1;1;1;162
"Then u will go to jail and throw ur life away probably. Last thing ur family would want is to throw ur life away killing some degenerate. Im a regular nigga to, difference is I dont think killing other niggas solves any issues and is exactly what they want u to do 🤔


Edit - imo there is a huge difference snitching on a dude for selling drugs or some other petty shit and snitching on them for literally murdering an innocent person 🤷🏽‍♂️";A little racist;1;1;1;1;162
Hes gay and shes a lesbian, but you fuck together anyway because you're siblings.;Non racist;0;1;1;1;162
-st saying nigger though;Racist;2;1;1;1;162
Nigga this stuff is such a bad example of good d1 armour that’s some bland shit if I’ve ever seen it;Non racist;0;1;1;1;162
Warrens plan was absolutely NOT comprehensive, you liar. And every bit of sanders plan was outlined but maybe it was too much for you too understand? Doubt you even checked, neoliberals do not give a fuck in the end.;A little harassing;1;2;1;1;162
"You've got Steiner beating up Petey Williams (""Yo FUCK YOU, Petey""), Shwagg D and DUBAI, Jarrett, Joe doing Da Dropkick on Da Stairs, Shark Boy, and it literally ends with Angle doing the ""YEAAAHH"" gimmick.";Non harassing;0;2;1;1;162
we're all clenching our assholes;Non harassing;0;2;1;1;162
"It's probably best described as a: ""fuck me...so fuck you too""";Non harassing;0;2;1;1;162
Nah dude, fuck Kanye. He sampled 21st century schizoid man without Fripp's or DGM's permission. I don't care if Greg lake liked how the song was implemented, Kanye really stole intellectual property.;A little harassing;1;2;1;1;162
Bullies are bad. Standing up to bullies is good lol. It's heartwarming shit;Non vulgar;0;3;1;1;162
we do sacrifices and blood and shit?;A little vulgar;1;3;1;1;162
Pete sucks but her posting 'all lives matter' and defending cops was worse;Non vulgar;0;3;1;1;162
Shit's getting bad, but the US gov ain't going anywhere, friend. Rome took more than a thousand years to fully collapse.;Non vulgar;0;3;1;1;162
Are you kidding? I posted this shit a while ago;Non vulgar;0;3;1;1;162
You look like you’re about to die man lmao;A little violent;1;4;1;1;162
Your really confident it wont be your wife/mother/daughter that gets raped and murdered “for the greater good”.;Extremely violent;3;4;1;1;162
To rape and murder whoever they please;Extremely violent;3;4;1;1;162
Bolsanaro should be the first leader to die;Extremely violent;3;4;1;1;162
If you dont get a boner, you'll get raped somewhere else... if you understand what i mean;Extremely violent;3;4;1;1;162
Me neither.;Non toxic;0;0;1;0;163
rearched;Non toxic;0;0;1;0;163
Did you know that mushroom spores can have thousands of different sexes. like not just boy and girl but also egsr and ij46 and dbxgoh and sekbh, i just made those up because i don't know what they call the other sexes of if they even have names;Toxic;2;0;1;0;163
"This happened a few years ago near me.  Want to know why no-knock warrants are bad policy? Look at who you have to trust for the information.  Typically criminals trying to make a deal or someone trying to divert the cops from their bad actions.  

Yes, the property owner was killed during a raid as he was defending his home from what he thought was a home invasion.  

https://www.ajc.com/news/state--regional/think-you-safe-from-the-war-drugs-read-this/VHyht38Uxnrvyh5ZwayiWP/

https://www.13wmaz.com/article/news/local/judge-questions-former-laurens-sheriff-and-investigators-credibility-in-hooks-death/93-513188091";Non toxic;0;0;1;0;163
Yep and election Joe Biden isn't going to fundamentally change a thing.;Non toxic;0;0;1;0;163
"&gt;Chinese *fascist* imperialism

Yeah

You glow like the sun nigga

Imagine burgers unironically calling China of all places fascist";Racist;2;1;1;0;163
They should stop committing so much violent crime and attacking police when caught. White people are killed more while doing nothing but fuck them right.;A little racist;1;1;1;0;163
hell yeah gay shit fucking rules \*sucks dick for funsies\*;Extremely racist;3;1;1;0;163
You are morally gay;Racist;2;1;1;0;163
"blackpeopletwitter: ""fuck white people""

whitepeopletwitter: ""fuck white people""";Extremely racist;3;1;1;0;163
Even if he was just standing there he was wearing a MAGA hat and attending an anti-abortion rally so eithrr way he's a racist piece of shit.;Extremely harassing;3;2;1;0;163
Bend the knee you pussies.;Extremely harassing;3;2;1;0;163
Not fucking Reddit;A little harassing;1;2;1;0;163
What's that video of the cop shooting his own undercover officer then whales like the fucking man child he is. Shit is hilarious;Extremely harassing;3;2;1;0;163
Get bent, faggot;Extremely harassing;3;2;1;0;163
Damn.  Wrekt.;Vulgar;2;3;1;0;163
158 replies god damn lmao;A little vulgar;1;3;1;0;163
This asshat has late-stage TDS, though. He hates every conservative in this country.;Vulgar;2;3;1;0;163
Censorship, guy. Half of America votes in favor of **this** shit.;Vulgar;2;3;1;0;163
Libertarian Asshole Billionaire Does Libertarian Asshole Billionaire things. News at 11.;Vulgar;2;3;1;0;163
“I am going to steal your clients and then I will kill them in front of you”;Extremely violent;3;4;1;0;163
"Republicans tear apart unions every chance they get and spit in labor rights and workers every chance they get

They’re all duplicitous and pretend to be on your side so they can stab you in the back with your own knife";A little violent;1;4;1;0;163
Then I’m gonna have to kill more people;Extremely violent;3;4;1;0;163
Your entire family will be sacrificed to Satan;Extremely violent;3;4;1;0;163
I hope all those Germans are rotting in Hell.;Extremely violent;3;4;1;0;163
Yo I wish actual journalists would start calling these guys out.;Non toxic;0;0;1;0;164
"Marxism-Incelism?

lel";Non toxic;0;0;1;0;164
"I remember that Italian mayor saying how he yelled at a woman in her town who broke quarentine to go to the hair salon. He said, ""it doesn't matter how your hair looks, the casket will be closed.""

Wish more people could hear stuff like that.";Non toxic;0;0;1;0;164
"The primary goal isn't just to defeat Trump. That's why Sanders calls his election bids a ""movement"" ""our revolution"" Sanders is running on fundamentally changing the way our country operates, Medicare for all, marginal tax rates increased on the wealthy, a 15 dollar minimum wage. People are angry because the DNC is fundamentally opposed to some of the positions Bernie takes, and the fact that there has been such antagonism from the media towards Sanders, the fact that the DNC openly stated that they can favor one candidate over another, a loss absolutely makes us feel cheated.";Non toxic;0;0;1;0;164
"In my experience, the sadistic and forward types tend to enjoy being subs in bed.  
  
I'm getting me rope!";A little toxic;1;0;1;0;164
"Alright pulling out the Atwater.

&gt; Atwater: Y'all don't quote me on this. You start out in 1954 by saying, ""Nigger, nigger, nigger"". By 1968 you can't say ""nigger""—that hurts you. Backfires. So you say stuff like forced busing, states' rights and all that stuff. You're getting so abstract now [that] you're talking about cutting taxes, and all these things you're talking about are totally economic things and a byproduct of them is [that] blacks get hurt worse than whites. And subconsciously maybe that is part of it. I'm not saying that. But I'm saying that if it is getting that abstract, and that coded, that we are doing away with the racial problem one way or the other. You follow me—because obviously sitting around saying, ""We want to cut this"", is much more abstract than even the busing thing, and a hell of a lot more abstract than ""Nigger, nigger"". So, any way you look at it, race is coming on the back-burner.

You're the dupe. The schlamiel. The goober. The mark. The fool. The charlie. The nincompoop. The mooncalf. The ninny. The doofus.";Non racist;0;1;1;0;164
european whites get fucked by neoliberalism too;Non racist;0;1;1;0;164
Now you are a homophobe, using gay as an insult and slur? You really are what you claim to hate, bigot.;A little racist;1;1;1;0;164
Masturbation is literally gay because you're jerking off a guy.;Racist;2;1;1;0;164
"1. The Medic is NOT a nazi. He’s a FUCKING GERMAN!

2. Demoman. Is demoman. His entire thing is drunk scottish man. How is that racist against blacks?";A little racist;1;1;1;0;164
bitch better watch your tongue unless you want a visit from my boys Reginald, Wesley, Albert and Clarence;Non harassing;0;2;1;0;164
Unironically saying “fuck poor people”, with a cop-bootlicker username lmao;A little harassing;1;2;1;0;164
"Republicans win: they jack up my taxes because they hate my state and all its people.  Dems win: they craft a stimulus that is designed to fuck me and everyone I know... because if our lives and jobs and families were magically transported to someplace cheaper, we would be rich.  I can't pay my mortgage with white privilege, you fucking clowns.

The Dems are going to lose the House and Senate in 22 so hard.";A little harassing;1;2;1;0;164
I see you are a buddy retard as well 😎;A little harassing;1;2;1;0;164
Holy fuck. What an incredible asshole.;A little harassing;1;2;1;0;164
They did the same thing to Ron Paul. Glad the other side can see some of the bullshit now.;A little vulgar;1;3;1;0;164
"Uhh...

Lancer Armour? I think that's it?

Nono, I'll ask one better, someone justify Crystalbeard Uragaan. That thing is damned pointless.

Oh and fuck his new Master Rank spicy rollout thing. Because I didn't need yet more things to force me to stop guarding everything because fireblight.";Non vulgar;0;3;1;0;164
"Lmao at that radlib crying about ""out of context clips and bad faith arguments."" 

I don't give a fuck what the context is, there is **NO** correct context for calling LGBT people or people with mental illnesses ""subhumans.""";Vulgar;2;3;1;0;164
I love shit beer but I gotta have more than 2.5% alcohol.;Non vulgar;0;3;1;0;164
Imagine pretty much making the KKK irrelevant only to create your own shitty kmart knockoff.;Non vulgar;0;3;1;0;164
You are sentenced to death for being a femboy;A little violent;1;4;1;0;164
TR3YWAY THESE NIGGAS SAY THEY HEARD OF ME, I AINT HEARD OF YOU, GET THE FUCK UP OUT MY FUCKIN FACE FORE I MURDER YOU;Violent;2;4;1;0;164
Mexico? They'll just cut your head off.;Violent;2;4;1;0;164
Infant rape?? This dude needs to be tortured to death not given a prison sentence;Extremely violent;3;4;1;0;164
Hopefully he’ll kill all those nazis living on the dark side of the moon while he’s there.;Extremely violent;3;4;1;0;164
or the episode where Rikers falls in love with the kinda-but-not-really trans alien. they had to use an afab actor for that role but it still pushed boundaries;Non toxic;0;0;2;0;165
"&gt;vote with your wallet

Exactly. It's only continuing because it works financially for the companies that release it. Business goes where the money is.";Non toxic;0;0;2;0;165
My apologies for not being more specific;Non toxic;0;0;2;0;165
Ronan;Non toxic;0;0;2;0;165
What does that mean?;Non toxic;0;0;2;0;165
Niggardly;Non racist;0;1;2;0;165
Fuck stonetoss, guys a nazi;A little racist;1;1;2;0;165
You're gay if you don't;A little racist;1;1;2;0;165
Nigga u got 20/100 vision;Racist;2;1;2;0;165
"""Women are too stupid/dumb/incompetent to use guns""  
  -Liberals";Extremely racist;3;1;2;0;165
That Vader was a moron, why tf would he run right at you;A little harassing;1;2;2;0;165
The sixth amendment, and because the Republicans fucking love that shit and want to be able to kill Muslims without a trial more and not less;A little harassing;1;2;2;0;165
"Another """"fun"""" fact: the Direlwanger Brigade of the SS was investigated by the *Nazis* for War crimes and being rapists and pedophiles.

You know you're bad when the Nazis tell you to stop being so fucked up.";Harassing;2;2;2;0;165
"I wish they kept the old minion-killing animations. 

Pikemen are fucking obnoxious. They take forever to kill and always gimp my executions at the last second.";Harassing;2;2;2;0;165
"NAH.

You *did* let him use a restroom, just not *that* one.  If you had refused to let him use any, you would be an asshole.";Harassing;2;2;2;0;165
Hmm, when I search WaPoo Prime Video, I don't get any references to the movie.  Had to find it via a search engine.  Amazon is doing something fucky.;A little vulgar;1;3;2;0;165
There is 0% chance this guy makes it through 10 years of probation. There is a reason why many repeat criminals will just take the jail time over probation, its a fucking scam thats only designed to funnel money out of you and then punish you for any slight misstep. I would bet this guy will be in jail in less than a year.;A little vulgar;1;3;2;0;165
But a crumb of pussy madam;Vulgar;2;3;2;0;165
"Who cares what any police chief in the country says

Their words are forever meaningless.  Only listen to be able to see what they’re trying to deflect from because they’re all so fucking stupid they can’t make up halfway decent excuses and usually say the crime out loud they committed.  

The dumbest guy in your hometown.  That’s every cop in this country";Vulgar;2;3;2;0;165
"I have no idea if he's actually raped anyone at all. He's not in prison so I'm going to say no proof other than #metoo. There is however videos of Biden being creepy as fuck with women. That's happening. TODAY. That's a thing detectives call a clue.

So yeah to my original statement. The DNC SUCKS if their only two candidates are a rapist and a commie.";A little vulgar;1;3;2;0;165
To rape and murder whoever they please;Extremely violent;3;4;2;0;165
You look like you’re about to die man lmao;Extremely violent;3;4;2;0;165
The PETA militia will murder you;Extremely violent;3;4;2;0;165
Death to capitalism;Violent;2;4;2;0;165
death to g*merikkka;Extremely violent;3;4;2;0;165
no, you play Poppy.;Non toxic;0;0;1;0;166
I prefer mental pain over physical pain. I just feel like i had enough physical pain in my life. And about mental pain - i just tend to forget stuff, not take it too seriously, or let myself think much about it;Non toxic;0;0;1;0;166
"Or even older?


https://youtu.be/TcCv21AqvWw";Non toxic;0;0;1;0;166
Becuause there is enough skins themed after it, and slurp is a staple of fortnite from the very beginning;Non toxic;0;0;1;0;166
Ronan;Non toxic;0;0;1;0;166
We get it you want to shoot black people;Racist;2;1;1;0;166
Well then masterbating is also gay. And by that logic, simply touching your penis is gay, even while peeing. If touching your penis is gay, you’re gay, because your penis is attached to you, hence you’re always touching your penis. Thusly, as clearly most men are not gay, masterbating cannot be gay, therefore sucking your own dick also cannot be gay.;A little racist;1;1;1;0;166
Wait until you hear about white hispanic male republicans ur gonna have ur tiny brain blown;A little racist;1;1;1;0;166
yeah nyc is filled with racists, homophobes, and bigots, you guys fit right in there!;A little racist;1;1;1;0;166
straight guys don't look at other guy's penises for fear that they will turn gay or something;Racist;2;1;1;0;166
"Why are you being a douche bag to someone asking a legit question?

The stuff they do in Chicago PD literally throws off my suspension of disbelief because these idiots would be fired and sued in a heartbeat";Non harassing;0;2;1;0;166
Probably because most of parliament are landlords, the bastards.;A little harassing;1;2;1;0;166
Damn bro you’re kinda a jackass, no wonder you got downvoted up there. You ain’t gonna find much with your attitude.;A little harassing;1;2;1;0;166
“My son is *not* the type to kick a baby. It was an *accident*. He wasn’t trying to kick the baby, he was trying to kick that pregnant bitch. Get it right.”;Harassing;2;2;1;0;166
Damn that was genius dude. You had the whole comment section fucking wheezing.;Non harassing;0;2;1;0;166
"No shit i was replying to the guy thinking this was because of his ""pose"".";A little vulgar;1;3;1;0;166
I think you mistake me as someone who gives a shit about this.;Vulgar;2;3;1;0;166
Can jhin mains stop sucking off their champion for a moment;Vulgar;2;3;1;0;166
"So you're okay with employers hiring undocumented immigrants knowingly, even though it's against the law? Doesn't that contradict all of what you say?

Oh, you don't give a shit about immigrants, you just hate everyone who doesn't look like your kind. Nobody would bat a fucking eyelid if there was mass migration from the northern border. But why would there be? America is such a racist shit hole that people no sane Canadian would emigrate here.";A little vulgar;1;3;1;0;166
"You, referring to women:

&gt;females  
&gt;  
&gt;some bitch

You, referring to men:

&gt;dudes

Are you even listening to yourself?";Vulgar;2;3;1;0;166
I hope all those Germans are rotting in Hell.;Extremely violent;3;4;1;0;166
That’s one way of getting yourself raped and killed anywhere in the Middle East.;Extremely violent;3;4;1;0;166
"Also if you’re Uyghur or HKer you’ll literally be exterminated

Source: my ass";Violent;2;4;1;0;166
Yeah look at those dumb dumbs that want to make money to pay their bills... they are the threat I hope they die.;Violent;2;4;1;0;166
Infant rape?? This dude needs to be tortured to death not given a prison sentence;Extremely violent;3;4;1;0;166
No Amazon listed on the 23rd? Gonna get calls for that;Non toxic;0;0;2;0;167
Had him for intro to Sociology in my senior year.  Last remaining core class. Class was so interesting made me think I might’ve made a mistake choosing my major. One of the few classes I remember things from almost 20 years later. RIP professor.;Non toxic;0;0;2;0;167
I have enough hearing about this guy.;Non toxic;0;0;2;0;167
Contrary to popular opinion lately, this isn’t a coronavirus sub. Posts need to at least be loosely connected to Lowe’s. That said, I wouldn’t post this anyway based on quality of the research. This is one scientist saying something. It hasn’t been peer reviewed, hasn’t been accepted by the WHO, and could easily be disputed by a dozen other scientists for all we know. At the end of the day, it’s just not something that needs to be here. Check out r/china_flu. I look at that site a lot for this kind of stuff.;Non toxic;0;0;2;0;167
deleted  ^^^^^^^^^^^^^^^^0.8063  [^^^What ^^^is ^^^this?](https://pastebin.com/FcrFs94k/58373);Non toxic;0;0;2;0;167
"Fuck Taiwan

Fuck Hong Kong";A little racist;1;1;2;0;167
"A jew, a Mexican and a coloured fella walk into a bar

The bartender says: ""get the fuck out of here""";Racist;2;1;2;0;167
Our country is trash full of trash people. Americans are so fucking disgusting. It sickens me tbh.;Racist;2;1;2;0;167
Bout sick of black people being rapists. Like really fucking sick of it.;Racist;2;1;2;0;167
White genocide, the idea that girls won't fuck me and it's because Jews;Racist;2;1;2;0;167
We fucking despise your country since the Second World War ended. Every single president you’ve had in history has been garbage. Don’t act like because now suddenly you guys have a president that doesn’t act like he’s some decent person while destroying the world economy and bombing children hospitals like all the others did we now for the first time dislike you guys.;A little harassing;1;2;2;0;167
The sixth amendment, and because the Republicans fucking love that shit and want to be able to kill Muslims without a trial more and not less;A little harassing;1;2;2;0;167
" ""Fuck your second amendment"" 

uh, no.  What does the laughing world you speak of think about Venezuela or all the other places with no recourse against tyranny?  Is that hilarious too?  Your examples of things that are already illegal still happening doesn't help your argument of making guns illegal btw.";A little harassing;1;2;2;0;167
"I sure do love it when privileged fucks go on about how everyone else is privileged.

please go tell the Black families whose family members were blackbagged or assassinated after Ferguson under President Obama how they are all ""privileged"" for saying it's no different than when Republicans did the same.

please go tell all the Hispanic families that were torn apart by Obama's anti-immigration policies how they are all ""privileged"" for saying it's no different than when Republicans did the same.

please go tell all the Muslim families that have been displaced and murdered by the continuation of the illegal wars in the Middle East that Obama not only failed to exit from but put even more troops in how they are all ""privileged""  for saying it's no different than when Republicans did the same.

in reality, only a white person could say the shit you say and actually think you are helping by going ""durrrr it ganna be bettur for everyone without drumpf."" He didnt build the concentration camps, he didnt militarize sports, he didnt give military hardware to the police: Democrats did that shit (and in Biden's case, he LITERALLY SPONSORED THE FUCKING BILL THAT MILITARIZED THE POLICE). And that is literally my point shitbird, the corporate centrists enabled all of this to happen, but you useless meatbags are only upset when they toss the keys to a fascist and they predictably utilize literally all the tools that corporate centrists created.

take all the fucking seats you waste of hot air. none of you brunch libs gave a SHIT about the marginalized until a Republican was in charge. And now that a Democrat is heading back to the White House, your brunch plans are back on and your weekend, permit-only protests are over. Meanwhile, the marginalized people (that you claim to care about) are going to continue to be persecuted, harassed, displaced, and murdered because the extent of your political discourse is ""orange man bad.""";Non harassing;0;2;2;0;167
Then you’re just a dunce parroting what other dunces say. You could come up with better phrases to fuck with people but that would require you to have creativity, wouldn’t it?;Harassing;2;2;2;0;167
"what kind of incel bullshit doesn't understand this simple fact that women are more than happy to throw themselves at wealthy successful men?  what kind of incel doesn't understand that over 90% of communication is non-verbal, and thus asking is not required... that you just suck at interacting with women non-verbally...

seriously, you're just proving how low information democrats really are in 2020... so low information that you don't understand even basic sexual relationships.";Non vulgar;0;3;2;0;167
He's not really pro-life, though, he's just pro-birth. He doesn't give a flying fuck about the quality of life of the WOMAN in the situation, only about that of the parasite/fetus.;A little vulgar;1;3;2;0;167
I saw a bumper sticker the other day that said “Fine. Biden2020! But this is bullshit” and now I want one;A little vulgar;1;3;2;0;167
They nerf zombies xp with a “patch” but don’t fix this shit lmfao.;Vulgar;2;3;2;0;167
Haha totally not an asshole! Yeah they're not as harmless as a lot of companies are promoting them, there's been such an increase in people getting skin rashes, throat irritation from eating the stupid things and even lipid pneumonia from diffusing so much oil;A little vulgar;1;3;2;0;167
we are going to kill every santa denier;Violent;2;4;2;0;167
“I am going to steal your clients and then I will kill them in front of you”;Extremely violent;3;4;2;0;167
"""If black people did this theyd be shot!!1!1""

Shut the fuck up now";Extremely violent;3;4;2;0;167
Death to the Democratic party. Death to neoliberalism.;Extremely violent;3;4;2;0;167
I will rape Elon Musk;Extremely violent;3;4;2;0;167
Dayum.;Non toxic;0;0;1;1;168
I’m still allowed to have an opinion;Non toxic;0;0;1;1;168
Its almost like it wasn’t worth it;Non toxic;0;0;1;1;168
Likewise;Non toxic;0;0;1;1;168
Yeah, it is really sad that even socialist revolutionaries of the era wasnt above bigotry.;Non toxic;0;0;1;1;168
ok well he also nuked a shit ton of japanese civilians so let's not suck his dick too hard;A little racist;1;1;1;1;168
More Whites die to cops than Blacks bud.;Racist;2;1;1;1;168
"Bootlicker.

Of course they do. But not nearly at the same rate, and white people can get away with way more shit. You had white fascists storming the fucking Capitol building screaming in pigs' faces and they didn't blink.";A little racist;1;1;1;1;168
Traps are gay.;Racist;2;1;1;1;168
"A jew, a Mexican and a coloured fella walk into a bar

The bartender says: ""get the fuck out of here""";A little racist;1;1;1;1;168
I looked it up. They paid taxes. You're retarded.;Harassing;2;2;1;1;168
"LOL Pete *might've* won Iowa, though that primary definitely has an asterisk. But keep telling me how someone who won arguably one state was reasonable for dropping out while someone who had won zero states at that point was reasonable for staying in the race. Capital flexed and squeezed out the biggest threat to it- the Sanders campaign. 

LOL Jesus Christ, you fucking idiots are going to be citing Nate Silver right up to the moment the whole fucking country burns down around us.";A little harassing;1;2;1;1;168
What's that video of the cop shooting his own undercover officer then whales like the fucking man child he is. Shit is hilarious;A little harassing;1;2;1;1;168
Even better if you sit on your dick so it feels like you're jerking off someone else :D;Harassing;2;2;1;1;168
Once youre a father of stupid little ungreatful shits, youll learn not to expect anything on fathers day, your birthday or any other holiday, and if you do get something you can be sure its shit and/or the wife made them do it.;A little harassing;1;2;1;1;168
You're a brave one for shitting at school, they're stupid for having sex at school;Vulgar;2;3;1;1;168
"Do you know how Alabama mothers know their daughters have started menstruating?

Their brothers' dicks start tasting like blood.";Vulgar;2;3;1;1;168
The entire Saudi royal family is ripe for an episode. The history of Saudi Arabia is fucking insane and it involves hundreds of years of rivalry between the Al-Saud family and the Hashemites who now run Jordan and the latter are descendants of Prophet Muhammad pbuh.;Vulgar;2;3;1;1;168
Yea one that has video proof of grouping children and the other said he is able to grab pussy;Vulgar;2;3;1;1;168
WHAT A PLAY BY BERGWIJN HOLY SHIT;Extremely vulgar;3;3;1;1;168
They will kill you.;Violent;2;4;1;1;168
Hope she gets skinned alive i wanna see her fucking head on a pike;Extremely violent;3;4;1;1;168
I hope these 3 police officer get a terrible disease and die a slow and painful death.;Extremely violent;3;4;1;1;168
If I knew you in real life I would punch you in the face;Extremely violent;3;4;1;1;168
'Do not reach to the small of your back or I will kill you';Extremely violent;3;4;1;1;168
"Strasznie ciekawy jest ten nowy język programowania.
Da się na nim zrobić kopię Minecrafta ?";Non toxic;0;0;2;1;169
rearched;Non toxic;0;0;2;1;169
Taft Hartley really restricted what exactly a Union could do unfortunately;Non toxic;0;0;2;1;169
I don’t care that people don’t agree with me, genius.;Non toxic;0;0;2;1;169
It's because Leicester knows that he's not worth anywhere near that figure. Honestly, I think Leicester would be a good fit. He'd be an ok replacement for Riyad.;A little toxic;1;0;2;1;169
Stupidpol is a subreddit about being gay with your dad;Racist;2;1;2;1;169
Wait until you hear about white hispanic male republicans ur gonna have ur tiny brain blown;Racist;2;1;2;1;169
Stfu @u/communism_- you a bitch you the nigga in health class that said “it’s not weird” when the teacher talked about foot fetishes;Racist;2;1;2;1;169
We get it you want to shoot black people;Extremely racist;3;1;2;1;169
China is pretty based, they're only communist on paper, it's a massive fucking corporate oligarchy and they ban any gay representation and are racist as hell.;Extremely racist;3;1;2;1;169
I bet you’re stupid enough to grab another persons gun barrel.;A little harassing;1;2;2;1;169
"All these fucking companies pulling their usual shit x5 now that people are forced to work/study from home and have no choice but to use a half dozen different proprietary programs (whatever your fucking boss/university demands 😎😎😎).

The GNUlag just got 100,000 prisoners bigger.";A little harassing;1;2;2;1;169
"Talking to grils in 1990: ""hey bitch nice tits!""


Talking to girlss in 2020: ""hey bitch nice tits, you're not a tonsil-trap, right? Cause thatd be kinda hot, but I'm not gay but itd be pretty cool to get blown by a TRA (Tonsils removed, Anal pls)";Harassing;2;2;2;1;169
"""What a fucking bigger""


-PewDiePie, 2017";Harassing;2;2;2;1;169
Bernie isn't a sexist you sociopathic liar. Tell the truth or stop posting in this sub, everyone is sick of your shit.;A little harassing;1;2;2;1;169
"Who cares what any police chief in the country says

Their words are forever meaningless.  Only listen to be able to see what they’re trying to deflect from because they’re all so fucking stupid they can’t make up halfway decent excuses and usually say the crime out loud they committed.  

The dumbest guy in your hometown.  That’s every cop in this country";A little vulgar;1;3;2;1;169
Yea one that has video proof of grouping children and the other said he is able to grab pussy;Vulgar;2;3;2;1;169
its definitely grown on me, but it isnt front to back bangers like motm/motm II. i love cudi but some of these tracks its apparent how fucked up he was at the time;A little vulgar;1;3;2;1;169
"&gt; YCIS

Why see I ass... Hehe.";Vulgar;2;3;2;1;169
"EVERYONE is doing knee-jerk patriotic ""thank u 4 ur service"" virtue posts right now because orange man bad. It's like the people who shit on Trump for being a draft dodger. Like, fuck him, but I'm not going to fault anyone who didn't want to die in Vietnam. Instead of kissing the asses of the public military figures, maybe we should spend this time talking about how predatory recruiters lurk around poor schools and are now trying to get gamers to enlist.";Vulgar;2;3;2;1;169
They’re gonna get killed in prison;Extremely violent;3;4;2;1;169
pedo die die die;Violent;2;4;2;1;169
You will die with us;Extremely violent;3;4;2;1;169
"Punch yourself in the gut

Otherwise man up and stick your fingers down your throat";Extremely violent;3;4;2;1;169
"If you murder 3 of your own children I hope you’re in hell. 

Keep making excuses if you want";Extremely violent;3;4;2;1;169
"The Kurds have many factions across many countries, but they were under no pretense about American intentions, and likely knew they would pay in blood once again. In Syria, they now negotiate with the Assad government out of mere pragmatic survival. 

In Iraq, Kurdish parties across the spectrum offered their condolences after the Soleimani assassination, because it was his forces, not the Americans, that responded with immediacy after ISIS shockingly took Mosul in 2014 and was bearing down on Erbil:

 [https://www.rudaw.net/english/kurdistan/050120201](https://www.rudaw.net/english/kurdistan/050120201) 

Within two hours, Suleimani arrived in Erbil with two large airplanes of military supplies, and his personal presence shored up the front-line peshmerga soldiers, so there was a great deal of gratitude for his role in protecting Erbil and Kirkuk from the ISIS onslaught.

From the Kurdistan Regional Government in Iraq in the immediate aftermath of the assassination:

 ""We are here for the mourning ceremony of a great commander of the Islamic Revolutionary Guard Corps who was a friend of the people of Iraq and a friend of the Kurds in different stages,"" Fazil Mirani, head of the Kurdistan Democratic Party (KDP) politburo.

""\[Soleimani\] had a big role in the Iran-Iraq war and he had a very positive role assisting Iraq and Kurdistan in the war against Daesh, 

 ""We send our condolences to his family through the consulate in the name of President Barzani, the KRG \[Kurdistan Regional Government\] presidency, and the KDP Politburo, and the KDP secretariat. We hope that great men in their life serve peace and we hope that losing them will serve the same purpose,"" Mirani added.""

I don't think they much appreciated us taking out the man who was first to helping them avoid genocide, since Shi'a and and other ethnic/religious minorities across the region faced an actual existential threat of genocide at the hands of ISIS (a group with overlapping interests with the Western-aligned axis inside Syria). Especially after we used them and tossed them to the Turks. Whatever the American view on the strike might be.";Non toxic;0;0;1;1;170
Its piss easy to get CC in this game. People are literally complaining about a non issue;Non toxic;0;0;1;1;170
Profits over people, got it;Non toxic;0;0;1;1;170
Y-you can't just print more money! That'll cause hyperinflation!;Non toxic;0;0;1;1;170
"Intersex arguments are puzzling to me (not intersex myself).

They're using a genetic anomaly to further their proof on mental identity. The two don't correlate. Sam with the race card..why do they use biological examples in a pick and choose game. But refuse to acknowledge relevant biological sex? Puzzling indeed";Non toxic;0;0;1;1;170
"What about kicking a gay man in the head, knocking his teeth out and yelling “Black Lives Matter Fa**ot!”?

What about a man kneeling on the neck of a white baby while shouting BLM?

It’s on video. Defend that. 
Oh right, white babies are born White Supremacists. Robin DiAngelo said so. 

It’s time for everyone to go home and calm the fuck down.";Racist;2;1;1;1;170
"&gt;**This is why liberals hate us**. Stop with the stupid fucking Castro drama teacher garbage

You honestly believe that??

Conservatives could praise PM Blackface 24/7 and they'd still hate you. To them, conservatives are all racist, sexist inbreds who hate minorities and women.";Racist;2;1;1;1;170
They want to murder Jews just as much as you want to murder cishet white people.;Extremely racist;3;1;1;1;170
Pathetic little Nazi shit.;Extremely racist;3;1;1;1;170
China is pretty based, they're only communist on paper, it's a massive fucking corporate oligarchy and they ban any gay representation and are racist as hell.;Racist;2;1;1;1;170
"https://www.cdph.ca.gov/Programs/CID/DCDC/Pages/Face-Coverings-Guidance.aspx

I did, there is no mention of asthma at all on this link which is the CA guidelines for face coverings during COVID. Unless you can provide a link, you're a liar spreading misinformation to make a point, ya chucklefucking muppet.";Non harassing;0;2;1;1;170
Those idiots dislike everything. It's just contrarian for the sake of being contrarian, which is amazing when there are so many good reasons not to like just about any promotion.;Non harassing;0;2;1;1;170
"Yeah, Trump misses one vowel because his teleprompter is washed out and it's front page of reddit.

Biden invents his own fucking language and you shy your face like you accidentally saw up your great aunt's skirt.";Harassing;2;2;1;1;170
Sue the district, sue the school, sue the insurance, sue the boys, sue everyone up in that bitch;Non harassing;0;2;1;1;170
"&gt;actually a chad IRL 

Either your flair is lying or you're lying now. 

Either way I'm gonna hunt you down and fuck your ass";Extremely harassing;3;2;1;1;170
Words have set definitions. I know your cult has taught you they don't and that some definitions are culturally constructed or some shit, but that's bullshit.;A little vulgar;1;3;1;1;170
"&gt;I'm not expecting any real response at all, because I'm fucking right.

Lol you didn't even respond to my reply. 

Do you think asians are genetically superior to white people? 

Anyways chill its 10pm and I want to enjoy my night and not make lengthy replys to every dumb racist talking point.";Vulgar;2;3;1;1;170
Right, I remember the first time I went to use a blood vial I was like “oh gross I’m about to drink blood lmaoo-“ then my dude just jabs a dirty ass syringe of old blood into his leg like it’s nothing;Vulgar;2;3;1;1;170
and you have failed to answer why you like to drop into threads and talk shit;A little vulgar;1;3;1;1;170
"Why are you torturing your poor mom by making her deal with your relationship mess? Doesn't she have enough going on right now? 

As gently as I can say it: Grow a pair and deal with it. This is your circus, not hers. Kick his ass out and cut off all contact.";A little vulgar;1;3;1;1;170
I would pay an assassin to kill the bourgeoisie;Extremely violent;3;4;1;1;170
Death to capitalism;Violent;2;4;1;1;170
They should be burned alive.;Extremely violent;3;4;1;1;170
He needs to die and quick;Extremely violent;3;4;1;1;170
"Also if you’re Uyghur or HKer you’ll literally be exterminated

Source: my ass";Extremely violent;3;4;1;1;170
My apologies for not being more specific;Non toxic;0;0;1;1;171
Maybe they just wanted to get tested. Flying somewhere seem to increase your chances to get tested. /s;Non toxic;0;0;1;1;171
The month has turned over has that set been released yet? 😂;Non toxic;0;0;1;1;171
I don’t care that people don’t agree with me, genius.;Non toxic;0;0;1;1;171
Profits over people, got it;Non toxic;0;0;1;1;171
Murdering Japanese Teenagers who have come to kill me;Racist;2;1;1;1;171
"Would you guys consider jacking off to be a sport? I don't know about you motherfuckers but I consider that shit to be a sport okay? If people can sit back and label goddamn golf which is the boringest fucking sport in the world. Think about it, what the fuck athletically are you really doing in golf my nigga? All you doing is hitting a goddamn golf club. ""Oh my god that's a long as birdie man, nice birdie, nice put, and it went 258..."" get the fuck outta here nobody cares about that boring ass shit. Who the fuck really watches golf my nigga? Nobody gives a fuck. It makes niggas fall asleep. Fishing on the other hand... What the fuck are you really doing athletically my nigga in fishing?";Racist;2;1;1;1;171
wow, evil chinese communist trying to kill that old lady and steal her organs;A little racist;1;1;1;1;171
Like damn these Karen's cant just disturb the peace. They gotta harass the young, minorities and choke the heck out of their poor dog while doing it.;Extremely racist;3;1;1;1;171
exactly, super mario ass niggas colonised somalia and you expect me to care about racism against them??? foh;Extremely racist;3;1;1;1;171
Cadence woulda been better without “stupid ass”;Harassing;2;2;1;1;171
"Well fuck the Palestinians then I guess. Sovereignty? Consent of the people? Never heard of it. No, foreigners just get to take their land. Their will be damned.

There's literally no human on this planet that is indigenous to exactly one place and it's pretty anti Semitic (and logically absurd) to imply Jews don't belong in their countries but in this random area in the middle East. 

Imagine if we up and decided to reverse every human migration in the last 2000-3000 years. 

Let's hand over Africa to the Europeans while we're at it. All humans come from Africa after all.";Harassing;2;2;1;1;171
"Remember when she had all those kids in her office or whatever and they were crying about climate change with their teacher and she was basically ""shut the fuck up you dumb kids and let us grown ups take care of shit""

That was the awesomest.  I can't not like her after that.  I know she's shit though.  The conflict is killing me, I'm going to go make love to a sock now.";A little harassing;1;2;1;1;171
BWAHAHAHAHAHAHAHAHAHAHAHAHAHAHAHAHAAAAAAAAA!!!!!!!!  What a moron you are!   Seriously though, as proud as I am that you can use Google, those studies don't actually mean anything and prove even less.  Not that I expect a drooling retard like you to know anything though.  You wouldn't know science if it ran over your foot.;Harassing;2;2;1;1;171
"No one called me on my bullshit.  My comment is still there and not you nor the other troll has even addressed it.  

Your comment perfectly exemplifies exactly the troll behavior that I'm talking about.  You are lying about me providing sources.  I have consistently provided sources and pieces of shit like you ignore them or you dismiss them or you marginalize them.  So, you want to argue against my comments, then you bring the sources.  That's what you've earned by being a piece of shit troll.

Like I said, I will gladly source my arguments to others but it's a waste of time for idiots like you.";Harassing;2;2;1;1;171
I think you mistake me as someone who gives a shit about this.;Vulgar;2;3;1;1;171
Imagine pretty much making the KKK irrelevant only to create your own shitty kmart knockoff.;Vulgar;2;3;1;1;171
They did the same thing to Ron Paul. Glad the other side can see some of the bullshit now.;Vulgar;2;3;1;1;171
Bullies are bad. Standing up to bullies is good lol. It's heartwarming shit;A little vulgar;1;3;1;1;171
Weird ass European shit actually.  While 90% of European descended peoples can handle lactose, that only accounts for 40% of the worlds population.   60% of the world population is lactose intolerant.;Non vulgar;0;3;1;1;171
I will hunt you down and eat you;Extremely violent;3;4;1;1;171
Death to capitalism;A little violent;1;4;1;1;171
You literally used n***** a bunch of times in your account you deserve to be shot;Extremely violent;3;4;1;1;171
Commies are going to commie. These people hate you and want you to die.;Violent;2;4;1;1;171
You deserve the gas chamber you scum bag. I hope they drag you off first;Extremely violent;3;4;1;1;171
Guess I'll wind up in the ICU;Non toxic;0;0;1;0;172
To be fair even he is probably glad he lost those. Imagine having your name signed off on Brexit and Covid. Boris broke it. He can buy it.;Non toxic;0;0;1;0;172
"&gt;This is The Logical conclusion you are either too naive we're too far into your ideological Echo chamber to see.

I find that very ironic coming from you";Non toxic;0;0;1;0;172
America is the only other country! /s;A little toxic;1;0;1;0;172
No Amazon listed on the 23rd? Gonna get calls for that;A little toxic;1;0;1;0;172
China is pretty based, they're only communist on paper, it's a massive fucking corporate oligarchy and they ban any gay representation and are racist as hell.;Racist;2;1;1;0;172
Say nigger. Did you not understand the whole fucking point of the video?;Racist;2;1;1;0;172
wow, evil chinese communist trying to kill that old lady and steal her organs;Extremely racist;3;1;1;0;172
You are morally gay;Racist;2;1;1;0;172
They should stop committing so much violent crime and attacking police when caught. White people are killed more while doing nothing but fuck them right.;Racist;2;1;1;0;172
"Drew is one person, I never supported attacking him, no individual supercell employee is to blame.


Besides, I have a gut feeling that the assholes who are cash grabbing are the dumbfucks up at Tencent who bought a majority share.


All together now: fuck Tencent";Harassing;2;2;1;0;172
Yes babies are fucking creepy they all must die;Extremely harassing;3;2;1;0;172
Sue the district, sue the school, sue the insurance, sue the boys, sue everyone up in that bitch;A little harassing;1;2;1;0;172
Jimmy Dore is right... wing’s useful idiot.;A little harassing;1;2;1;0;172
Coyotes don’t fuck with pigs?;Harassing;2;2;1;0;172
Yeah and getting shit on isn't suffer worthly and got removed lol;A little vulgar;1;3;1;0;172
But a crumb of pussy madam;Vulgar;2;3;1;0;172
Your sitting on your ass, hunched over, staring at reddit is doing wonders compared to someone who is actually strengthening the muscles in their back?;Vulgar;2;3;1;0;172
"what kind of incel bullshit doesn't understand this simple fact that women are more than happy to throw themselves at wealthy successful men?  what kind of incel doesn't understand that over 90% of communication is non-verbal, and thus asking is not required... that you just suck at interacting with women non-verbally...

seriously, you're just proving how low information democrats really are in 2020... so low information that you don't understand even basic sexual relationships.";A little vulgar;1;3;1;0;172
Are you kidding? I posted this shit a while ago;Vulgar;2;3;1;0;172
I seriously hope these people just die;Extremely violent;3;4;1;0;172
Death to the Democratic party. Death to neoliberalism.;Violent;2;4;1;0;172
I hope he burns in hell.;Violent;2;4;1;0;172
Because when you rape, murder, and torture a kid for months on end until they die (or do the above at all), you deserve to die yourself. But please tell me why a child rapist, murderer doesn’t deserve to die;Extremely violent;3;4;1;0;172
People like this don’t deserve to see that light of day ever again. They should be beaten to a bloody pulp and be forced to live out the rest of their lives rotting in a cell;Extremely violent;3;4;1;0;172
Good point. I mean does Nebraska really exist? You ever met someone from Nebraska?;Non toxic;0;0;1;1;173
"Historical value, probably not. But your wrong claiming they serve no educational value. That's a qualitative assessment and its basically just your opinion on the matter. 

Depends on the quality of the OC.";Non toxic;0;0;1;1;173
Posted in r/tumblr;Non toxic;0;0;1;1;173
"Take her coat when she gets in the door. Have dinner ready. 

Pamper her. Massage her. Call her mam or miss. Act like a sexy butler basically. 

Prepare a hot bubble bath for her, undress her, help her in to it.  

Take her out to dinner and be her chauffeur, drive her, open the door for her, and so on. 

Massage her feet. Kiss her feet. Work your way up. Worship her body. Focus on her.

Good submissives are proactive , not passive or wet blankets. That interests no one.";Non toxic;0;0;1;1;173
A select few could same as only a select few men could;Non toxic;0;0;1;1;173
By that logic black power is meant to degrade white folk which outnumber racist people by a fuck ton. Think about all the european countries with white people. They dont burn crosses or hang minorities but guess what. By the colour of their skin they get clumped into the same fucking pile of shitbags from the southern states. This problem is literally an american issue and could be solved by just, nuking them all! Coming from a canadian btw fuck the states;Racist;2;1;1;1;173
We should replace white cops in inner city with big black women. They don’t fuck around and no one knows how to deal with bullshit like a pissed off black lady.;Non racist;0;1;1;1;173
"You're on another fucking planet. Some trans women don't like their dicks. Some so much that they cut them off.

Other trans women love their lady dicks and actually like waving it in cis women's faces, because they know they're untouchable and any complaint about having dick in your face will be deemed ""transphobic"". So these women shut the fuck up and deal with the lady dick, which gives the trans women a feeling of power.

In case you haven't noticed, everything happening on the left is all about POWER.";A little racist;1;1;1;1;173
If you cuff me you're gay.;Racist;2;1;1;1;173
Traps are gay.;Racist;2;1;1;1;173
"No, you want him ""called out"" for being ""selfish"" for wanting to improve his life and trying to incite others to do so you shitty little busybody. Fuck off and try improving your own life and stop worrying about everyone else. Invest in your own life and you'll do better for yourself.";Non harassing;0;2;1;1;173
No doubt he’s a dick but it’s why his hatred is more than Neils;A little harassing;1;2;1;1;173
CENSOR THE G WORD MOTHERFUCKER;A little harassing;1;2;1;1;173
"It's probably best described as a: ""fuck me...so fuck you too""";Harassing;2;2;1;1;173
"&gt; Can't really be throwing around the word lazy

The fuck I can't. She is lazy as the day is long. She does nothing. She produces nothing of value. She is lazy. Who gives a fuck if her husband has fewer subscribers than she does? It's not like either of them have jobs.";A little harassing;1;2;1;1;173
and you have failed to answer why you like to drop into threads and talk shit;A little vulgar;1;3;1;1;173
I’m kinda bummed this is downvoted.  Don’t usually care about that shit either.;A little vulgar;1;3;1;1;173
"Did they cancel his college acceptance or something? zoomers/twitter millennials doing that to kids is so fucked up

idk how else you really cancel a 17 year old. does losing your whatever job at 17 matter that much";A little vulgar;1;3;1;1;173
158 replies god damn lmao;Non vulgar;0;3;1;1;173
Yeah that's my point, that's the shit libs fawn over, not leftists;Non vulgar;0;3;1;1;173
DEATH TO THOMAS!;Violent;2;4;1;1;173
So you want me to be subservient to humans in exchange for a pittance? I'm going to enjoy killing you and burning your village to ash.;Extremely violent;3;4;1;1;173
People like this don’t deserve to see that light of day ever again. They should be beaten to a bloody pulp and be forced to live out the rest of their lives rotting in a cell;Extremely violent;3;4;1;1;173
I will murder your family friend!;Extremely violent;3;4;1;1;173
I hate this mother fucker with all my black heart and soul, I hope he dies a painful 36 year death.;Extremely violent;3;4;1;1;173
"Or even older?


https://youtu.be/TcCv21AqvWw";Non toxic;0;0;1;0;174
But how m8?;Non toxic;0;0;1;0;174
"&gt; It's obvious they've changed their stance.

I wish, but the fact is Reddit still pretends otherwise.

[“Reddit is quite open and pro-free speech”](https://www.reddithelp.com/en/categories/rules-reporting/account-and-community-restrictions/posting-someones-private-or-personal)";Non toxic;0;0;1;0;174
The devs of the game corroborated that Alec was an abuser. They experienced abuse from him for years during development. The game almost didn’t get released because of Alec and Scott is still facing PTSD from those years.;Non toxic;0;0;1;0;174
Dayum.;Non toxic;0;0;1;0;174
"The graph shows white people kill black people at twice the rate expected.

You dumb dumbs can't even read a graph";Non racist;0;1;1;0;174
"Pakistanis blindly follow Islam, shit on Hindus Buddists and Sikhs for 'worshipping statues', and praise the Mughal Empire.

Without knowing that their ancestors were Hindus, Buddists and Sikhs who were oppressed, subjugated and raped into Islam by the Mughals.";Non racist;0;1;1;0;174
"&gt;Chinese *fascist* imperialism

Yeah

You glow like the sun nigga

Imagine burgers unironically calling China of all places fascist";A little racist;1;1;1;0;174
We're all gay for each other. And non of that lame nO hOMo bullshit. Oh, very much yes full homo. Sweetie, it's 2020, be gay or be gone.;A little racist;1;1;1;0;174
huh? tucker is the realest nigga on all these festering platforms. what are you on bro;A little racist;1;1;1;0;174
the thing is Biden could get Paul Ryan flustered by laughing him off but Trump is like too fuckin stupid to even care;Non harassing;0;2;1;0;174
"Says the same fucking people who can't take conversation about people in poverty lifting themselves up by the bootstraps. 

Sit back down kiddo.";A little harassing;1;2;1;0;174
"why do you care if people understand or not. if they're too dumb to get it, their opinion doesn't matter, are you really that worried about some downvotes?

r/fuckthes";A little harassing;1;2;1;0;174
"When you ban a subreddit or discord, you don't prove them wrong, only that you fear what they say. Fuck censorship. All flavors. 

The blacklisting of undesireables, be it Ex-President Trump or Wall Street Bets, is fucking creeps";Non harassing;0;2;1;0;174
Even better if you sit on your dick so it feels like you're jerking off someone else :D;Harassing;2;2;1;0;174
Because kenny was being an asshole and page got mad. They had time to think it over. Haven't you ever been in an arguement before?;A little vulgar;1;3;1;0;174
You're a brave one for shitting at school, they're stupid for having sex at school;Vulgar;2;3;1;0;174
They nerf zombies xp with a “patch” but don’t fix this shit lmfao.;Vulgar;2;3;1;0;174
They deserve waaay more shit for promoting fascism in 2016;Vulgar;2;3;1;0;174
"man I miss Runescape. 

Sucks my account got hacked and banned haha.";A little vulgar;1;3;1;0;174
If you're white and use your gun to defend yourself, you'll be arrested as a racist and get life in jail.;Violent;2;4;1;0;174
Yeah look at those dumb dumbs that want to make money to pay their bills... they are the threat I hope they die.;Extremely violent;3;4;1;0;174
Death to capitalism;Violent;2;4;1;0;174
People like this don’t deserve to see that light of day ever again. They should be beaten to a bloody pulp and be forced to live out the rest of their lives rotting in a cell;Extremely violent;3;4;1;0;174
death to g*merikkka;Extremely violent;3;4;1;0;174
"This one dude, GG reloaded, still blames IW for SBMM even though its not their decision to make. And Optimus completely ignored the fact that LEAKERS said the 100 dollar price tag on MW2R was a placeholder when he made his video over MW2R being campaign only.

Feels like some creators just don’t do their damn research.";Non toxic;0;0;1;1;175
Not sure AA's biggest liability is dead dogs in first class, atm.;Non toxic;0;0;1;1;175
"In the Greek text it is two different translations... for example:

1 John 4:18 “Φόβος”  to be afraid...

1 Peter 2:17 “φοβεῖσθε,” to have great respect, revere...


If you’re going to try and find contradictions in the Bible at least go to the original texts.  It would clear a lot of misunderstandings.";Non toxic;0;0;1;1;175
"&gt;  Prepare for global pillow wars.

Careful what you wish for. [Don't want another fort Pillow massacre](https://en.wikipedia.org/wiki/Battle_of_Fort_Pillow).";Non toxic;0;0;1;1;175
America in 1944;Non toxic;0;0;1;1;175
So business as usual for AHS, but you gotta flair the fuck up mah nigga!;Racist;2;1;1;1;175
"&gt; anti-semitic Israel

lol... fuck off nazi";Racist;2;1;1;1;175
"Why is there so so much mental illness among white people?? How very very weird that so many white people are struck with such a peculiar mental illness that makes them hateful racists.

Fuck off with that and get the fuck outta here.";Racist;2;1;1;1;175
"bolsonaro is a fucking retarded cuck selling out my country to china and america

people only call him ultra nationalist or whatever because he hates gays

i wish we had an actual nationalist president";Racist;2;1;1;1;175
Now you are a homophobe, using gay as an insult and slur? You really are what you claim to hate, bigot.;Racist;2;1;1;1;175
Warrens plan was absolutely NOT comprehensive, you liar. And every bit of sanders plan was outlined but maybe it was too much for you too understand? Doubt you even checked, neoliberals do not give a fuck in the end.;A little harassing;1;2;1;1;175
"CTRL-F ""COVID"": no results. This isn't even about the right disease, you moron.";A little harassing;1;2;1;1;175
"NAH.

You *did* let him use a restroom, just not *that* one.  If you had refused to let him use any, you would be an asshole.";A little harassing;1;2;1;1;175
See now I’m sittin here with my family and my sister saw it and now I gotta explain this to her later. Fuck you and your NSFW meme;A little harassing;1;2;1;1;175
"Once you have fucked literal gods, you're going to wonder what it feels like to put your dick in your food.  
  
I call this the Zeus hypothesis.";Harassing;2;2;1;1;175
People ALWAYS make shit like that up for some reason.;Non vulgar;0;3;1;1;175
"Russia backed up us along the west coast when the French and Brits tried fucking with us 

History has been rewritten my McGraw/Hill etc";Vulgar;2;3;1;1;175
Your sitting on your ass, hunched over, staring at reddit is doing wonders compared to someone who is actually strengthening the muscles in their back?;Vulgar;2;3;1;1;175
How does Finland account for their gdp gap in their rural areas? The fuck does intracontinental transportation have to do with putting people who live in these tent cities into actual houses? Your “muh scale” argument is so mushbrained and only serves to stifle conversation about actual solutions and enable the status quo.;A little vulgar;1;3;1;1;175
Oh damnnn;Non vulgar;0;3;1;1;175
This guy should honestly just be shot in the face and left for dead in a ditch;Extremely violent;3;4;1;1;175
I will harvest your organs;Extremely violent;3;4;1;1;175
Because people are stupid and those stupid people get shot;Extremely violent;3;4;1;1;175
I'm going to drag you beneath the Earth and subject you to 12,000 years of horrific torture;Extremely violent;3;4;1;1;175
I will murder your family friend!;Extremely violent;3;4;1;1;175
"&gt;  Prepare for global pillow wars.

Careful what you wish for. [Don't want another fort Pillow massacre](https://en.wikipedia.org/wiki/Battle_of_Fort_Pillow).";Non toxic;0;0;1;1;176
"And is it a large majority here or a vocal minority? No one is out here praising Activision for having the store function as well.....a bloody store. 

But people are pissed when its broken and will be vocal in order to get it fixed.";Non toxic;0;0;1;1;176
"I don't disagree with you but it is a valid point. Any time we have civil liberties erode, such as a government telling you when you can and can't open your business in the name of the public interest, those freedoms rarely revert back to the people. We never got back our civil liberties lost after 9/11. The government can still use the NSA to spy on you - that used to only happen in movies.

Don't take for granted that the government won't abuse its powers because there are numerous occasions it has. These are appropriate measures but it's citizens who have to stay on top to ensure they are not abused.";Non toxic;0;0;1;1;176
"&gt;Excellent point, though on earth we are trying to not change the atmosphere,

I'd say we've only been trying not to change the atmosphere for a fairly short while and only to a limited extent.

That said: Mars has an incredibly limited atmosphere by comparison, and is a smaller planet, so changing the composition and pressure of the atmosphere there would be relatively easy. Moving it towards something even vaguely acceptable to humans, however, would require more immense effort than we can really imagine.";Non toxic;0;0;1;1;176
Kinda sounds like libertarian socialism? Probs a lot of the more lefty ppl here would be cool with that. We make fun of self-proclaimed libertarians that looove love love lickin boot.;Non toxic;0;0;1;1;176
Like damn these Karen's cant just disturb the peace. They gotta harass the young, minorities and choke the heck out of their poor dog while doing it.;Racist;2;1;1;1;176
More Whites die to cops than Blacks bud.;Racist;2;1;1;1;176
I can't see because your stupid book and closeted-gay-ass hand is in the way.;Extremely racist;3;1;1;1;176
Nah son, niggas are too busy creating genders and being offended at shit.;Extremely racist;3;1;1;1;176
ok well he also nuked a shit ton of japanese civilians so let's not suck his dick too hard;Extremely racist;3;1;1;1;176
the thing is Biden could get Paul Ryan flustered by laughing him off but Trump is like too fuckin stupid to even care;A little harassing;1;2;1;1;176
"Yeah, Trump misses one vowel because his teleprompter is washed out and it's front page of reddit.

Biden invents his own fucking language and you shy your face like you accidentally saw up your great aunt's skirt.";A little harassing;1;2;1;1;176
Holy fuck. Are you a Qanon fan? No wonder you got butthurt when I told that guy he needed therapy.;A little harassing;1;2;1;1;176
I'm a SF voter but good lord some of them are such fucking hacks.;Non harassing;0;2;1;1;176
Yes they are that stupid.;A little harassing;1;2;1;1;176
Funny thing is the bitch looked like satan herself.;A little vulgar;1;3;1;1;176
I kinda feel bad for coutinho. That move to Barcelona really fucked him. He played a good roll when he was in Liverpool and no he's basically in no man's land. He's a good bloke too. The grabbing his sister's ass thing is weird(i don't care how hot she is) but off the pitch, he's a decent guy.;Non vulgar;0;3;1;1;176
and sure as shit didn't get there by begging our masters to be a bit nicer;A little vulgar;1;3;1;1;176
"Awwwww, that's cute. 

Trying to deflect from your admission of having things shoved up your ass as a child by REEEEEEEEEing at my disapproval of child pornography.";Vulgar;2;3;1;1;176
"Who cares what any police chief in the country says

Their words are forever meaningless.  Only listen to be able to see what they’re trying to deflect from because they’re all so fucking stupid they can’t make up halfway decent excuses and usually say the crime out loud they committed.  

The dumbest guy in your hometown.  That’s every cop in this country";A little vulgar;1;3;1;1;176
I would kick you;Violent;2;4;1;1;176
I want her dad to die! She can think whatever she wants;Extremely violent;3;4;1;1;176
Because she killed the man and I HOPE SHE BURNS IN HELL!;Extremely violent;3;4;1;1;176
Death to all wh*te people;Extremely violent;3;4;1;1;176
Then I’m gonna have to kill more people;Extremely violent;3;4;1;1;176
I don’t think any member of any American party is truly a leftist, but I’m saying generally moving American parties to the left is better than having them stagnant. Unless you believe that moving them to the right would more quickly produce a genuine proletariat revolution, which, I don’t rightfully know;Non toxic;0;0;3;0;177
"Marxism-Incelism?

lel";Non toxic;0;0;3;0;177
I don’t care that people don’t agree with me, genius.;Non toxic;0;0;3;0;177
America in 1944;Non toxic;0;0;3;0;177
"&gt;just a mod

0.00$";Non toxic;0;0;3;0;177
Your number one least worst is literally part of what makes cops kill black people.;Non racist;0;1;3;0;177
fucking anarchists in the 1800s were saying being gay is cool, god anarchists are ahead;A little racist;1;1;3;0;177
They want to murder Jews just as much as you want to murder cishet white people.;Racist;2;1;3;0;177
Relax nigga I ain't even American but trump is great for keep fucking with China, when Obama was in the whole world was in chaos, this bidden fella looks like Obama 2.0;Extremely racist;3;1;3;0;177
She rules your gay;Racist;2;1;3;0;177
"Yeah the fuck.

""They hate him cos the neolibs refuse to die""

....well yeah the fuck";Harassing;2;2;3;0;177
Busy body idiots with nothing else to do lol.;Non harassing;0;2;3;0;177
Sue the district, sue the school, sue the insurance, sue the boys, sue everyone up in that bitch;Non harassing;0;2;3;0;177
That Vader was a moron, why tf would he run right at you;A little harassing;1;2;3;0;177
"No one called me on my bullshit.  My comment is still there and not you nor the other troll has even addressed it.  

Your comment perfectly exemplifies exactly the troll behavior that I'm talking about.  You are lying about me providing sources.  I have consistently provided sources and pieces of shit like you ignore them or you dismiss them or you marginalize them.  So, you want to argue against my comments, then you bring the sources.  That's what you've earned by being a piece of shit troll.

Like I said, I will gladly source my arguments to others but it's a waste of time for idiots like you.";A little harassing;1;2;3;0;177
This asshat has late-stage TDS, though. He hates every conservative in this country.;A little vulgar;1;3;3;0;177
That’s a pretty crap brothel;Non vulgar;0;3;3;0;177
Except he doesn't spout bullshit lol;Non vulgar;0;3;3;0;177
What kind of shitty olives do you people have?;Non vulgar;0;3;3;0;177
Oh hell no. That cat is my baby. I was giving him a bath one time and he was panicking, and went into a fit just laying there meowing. I thought I had hurt him and fucking panicked. Turns out he was just being dramatic and was acting out. As soon as I let him off the leash he got up and ran away looking at me hateful.;A little vulgar;1;3;3;0;177
Yeah look at those dumb dumbs that want to make money to pay their bills... they are the threat I hope they die.;Violent;2;4;3;0;177
I will harvest your organs;Extremely violent;3;4;3;0;177
Hopefully he’ll kill all those nazis living on the dark side of the moon while he’s there.;Extremely violent;3;4;3;0;177
Surrender your testicles within 30 seconds or we will open fire;Extremely violent;3;4;3;0;177
Maybe someone should choke you and your immediate family to death, see how you like it;Extremely violent;3;4;3;0;177
"The primary goal isn't just to defeat Trump. That's why Sanders calls his election bids a ""movement"" ""our revolution"" Sanders is running on fundamentally changing the way our country operates, Medicare for all, marginal tax rates increased on the wealthy, a 15 dollar minimum wage. People are angry because the DNC is fundamentally opposed to some of the positions Bernie takes, and the fact that there has been such antagonism from the media towards Sanders, the fact that the DNC openly stated that they can favor one candidate over another, a loss absolutely makes us feel cheated.";Non toxic;0;0;2;0;178
We love our thoroughly petty mod who gets all huffy when subjected to extremely light ribbing, don't we folks;Non toxic;0;0;2;0;178
[Stay away from Fort Pillow though](https://en.wikipedia.org/wiki/Battle_of_Fort_Pillow)!;Non toxic;0;0;2;0;178
Right. I recall that now.;Non toxic;0;0;2;0;178
It's because Leicester knows that he's not worth anywhere near that figure. Honestly, I think Leicester would be a good fit. He'd be an ok replacement for Riyad.;A little toxic;1;0;2;0;178
"The graph shows white people kill black people at twice the rate expected.

You dumb dumbs can't even read a graph";A little racist;1;1;2;0;178
Bruh China sucks major ass. Sending all their minorities to *reeducation* camps;Extremely racist;3;1;2;0;178
One of what, nigga? Speak up, don’t cut off yourself homes.;Racist;2;1;2;0;178
Damn youre an ex muslim too feel bad hope you come back;Racist;2;1;2;0;178
We should replace white cops in inner city with big black women. They don’t fuck around and no one knows how to deal with bullshit like a pissed off black lady.;A little racist;1;1;2;0;178
Damn that was genius dude. You had the whole comment section fucking wheezing.;Non harassing;0;2;2;0;178
Yeah I feel u - u just got to communicate this to him and he has to communicate to u back. No assholes;Non harassing;0;2;2;0;178
Nah dude, fuck Kanye. He sampled 21st century schizoid man without Fripp's or DGM's permission. I don't care if Greg lake liked how the song was implemented, Kanye really stole intellectual property.;A little harassing;1;2;2;0;178
"&gt; Can't really be throwing around the word lazy

The fuck I can't. She is lazy as the day is long. She does nothing. She produces nothing of value. She is lazy. Who gives a fuck if her husband has fewer subscribers than she does? It's not like either of them have jobs.";A little harassing;1;2;2;0;178
"&gt; corporate interests aren't in favor of mass immigration.

🤣🤣🤣🤣 How can you be this much of a dumb fuck?";Harassing;2;2;2;0;178
"You, referring to women:

&gt;females  
&gt;  
&gt;some bitch

You, referring to men:

&gt;dudes

Are you even listening to yourself?";A little vulgar;1;3;2;0;178
I love shit beer but I gotta have more than 2.5% alcohol.;Non vulgar;0;3;2;0;178
"That's pretty fuckin' solid.

Jonny Atma did a [crazy good cover of Ellis's theme](https://www.youtube.com/watch?v=Qn8j9FG_3_o) because his wife requested it. 

All the solos on this OST (sax, guitar, etc) were preposterously intense.";Vulgar;2;3;2;0;178
Sounds gayer than collecting shit calls;Vulgar;2;3;2;0;178
Well it's different in the sense that Scottish independence makes a fuck of a lot more sense than Brexit.;Non vulgar;0;3;2;0;178
Bro your family deserves to be shot for messing up ussr;Extremely violent;3;4;2;0;178
I will kill you and ride straight to emerald ranch to pay the bounty idgaf.;Extremely violent;3;4;2;0;178
Your entire family will be sacrificed to Satan;Extremely violent;3;4;2;0;178
OI YA SHAMEFUL GITZ! IT IZ PRONONCE! SAY IT RIGHT NEXT ‘IME! DO IT OR I’LL BLAST YA HEAD OFF WITH MY SHOOTA!;Extremely violent;3;4;2;0;178
You will die with us;Extremely violent;3;4;2;0;178
Right. I recall that now.;Non toxic;0;0;1;1;179
Awwww did your fragile feelings get hurt? Lmfao;Non toxic;0;0;1;1;179
*insert thanos putting the space stone onto the gauntlet but the stone is Raptor*;Non toxic;0;0;1;1;179
At least the marvelous misadventures of flapjack hasn't ended. I think that would kill me;Non toxic;0;0;1;1;179
"&gt; How about we get rid of the heavy neo lib society and invest in our infrastructure before we start blaming innocent people?

Agreed let's burn it down, regardless you still have to be able to have a adult conversation regarding immigration levels, even more so if we have a society in NZ that once again cares about its citizens.";A little toxic;1;0;1;1;179
Gay imperialist thugs. So wholesome!;Racist;2;1;1;1;179
G*mers hate gay people.;Racist;2;1;1;1;179
Bruh China sucks major ass. Sending all their minorities to *reeducation* camps;Extremely racist;3;1;1;1;179
Damn youre an ex muslim too feel bad hope you come back;A little racist;1;1;1;1;179
Fuckin ghetto culture, may god strike down on the Jews in Hollywood who promote this shit.;Racist;2;1;1;1;179
"When I was in high school, my best friend, Kenneth, and I got an internship learning how to operate CNC mills. We worked under a guy name Pat. We were young redneck kids and Pat was an old redneck. We all got along so good that we all actually looked forward to work. Bringing each other breakfast (since I’m a fat fuck, Pat would always yell across the shop ‘I got you a biscuit you fat tub of fuckin lard’), making fun of each other, and Pat calling us ‘absolute retards’ when we fuck something up. 

Work was fun as fuck then. Now I don’t really have any friends and work just sucks.";A little harassing;1;2;1;1;179
"Just shows how stupid you are the Nazis had different characteristics...they weren't just right wing or left wing lmao.

But all I'm saying is Compare the Nazi Propaganda, and how they silenced the Jews.

That's exactly what's the Democrats do, they literally boycott Stores just because of your political stance.

Germans boycotted Jewish stores because of their religious stance...

Germans silenced Jewish views and opinions.

Democrats constantly silence Conservative views and opinions.

If you are a Conservative, you can't even let your co workers know that you voted for Trump or a Trump supporter, because of the backlash.

Jews tried to hide being Jewish because of the backlash.

There is even more, don't get me started on the garbage propaganda, CBS, NBC, CNN, FOX and others push. Just like Nazi Germany did 🤡

I can go on for hours and point out the similarities.

And lmao you are fucking delusional, if you tell me you studied Nazi Germany, or you are just too fucking stupid to realize the similarities, but cheers m8 have a good dag, telling people false garbage that the NaZiS wErE rIgHT wInG 😭";Harassing;2;2;1;1;179
Give me Aloy over those weird ass anime chicks with the balloon tits any day;Harassing;2;2;1;1;179
"What's wrong with Americans? They shit and piss and cry about raycisss cops killing 13%ers but when they witness it in person seems like all they'll do is film it for the twitter likes and calmly inform the cop ""that's not cool bro, u should probably stop killing him bro"".

I don't give a shit if it starts a race war, I'm tired of the fucking foreplay, just do something already. Literally a nation of NPC's why can't u just disappear";A little harassing;1;2;1;1;179
"I like how a post from 9 months ago with like 28 upvotes, and 35 comments from women saying they absolutely hate catcalling because they just want to be left alone, it makes them feel unsafe and objectified, etc., is somehow ""proof"" that women love being sexually harassed and catcalled by random strange men.   

What a fuckin dense weirdo.";A little harassing;1;2;1;1;179
158 replies god damn lmao;Non vulgar;0;3;1;1;179
About to drop a bomb ass single on a wedding and surprise some children at a hospital.;Extremely vulgar;3;3;1;1;179
"Tetris Effect is ~5GB, and it's got better and more varied graphics than Modern Warfare.

(Seriously, if you haven't played Tetris Effect, give it a shot. It's a fucking masterpiece of audio-visual art.)";Non vulgar;0;3;1;1;179
That’s a pretty crap brothel;A little vulgar;1;3;1;1;179
Censorship, guy. Half of America votes in favor of **this** shit.;Vulgar;2;3;1;1;179
"*but I can kill you if you're on my private property*

* cons";Violent;2;4;1;1;179
Or they could die and Madi will be left there forever and starve to death;Violent;2;4;1;1;179
607 people want to die by a gun;Extremely violent;3;4;1;1;179
I seriously hope these people just die;Extremely violent;3;4;1;1;179
Hopefully he’ll kill all those nazis living on the dark side of the moon while he’s there.;Extremely violent;3;4;1;1;179
Whym does whom saym that?;Non toxic;0;0;2;0;180
Neither has Biden.;Non toxic;0;0;2;0;180
My apologies for not being more specific;Non toxic;0;0;2;0;180
America is the only other country! /s;Non toxic;0;0;2;0;180
"Individual faiths maybe, with the new hierarchy being Faith&lt;Religion&lt;Religion group.  They should be variations of the same religion.";Non toxic;0;0;2;0;180
"Typical of whites to break rules and expect exceptions for themselves. 


Fuck whites, they don’t deserve to live. Fuck racism.";Racist;2;1;2;0;180
Relax nigga I ain't even American but trump is great for keep fucking with China, when Obama was in the whole world was in chaos, this bidden fella looks like Obama 2.0;Racist;2;1;2;0;180
Shut the fuck up, white people. God I'm sick of seeing your pasty asses being offended for the rest of the planet. SHUT THE FUCK UP. Go home. Nobody likes you. Not even your own people like you.;Extremely racist;3;1;2;0;180
So business as usual for AHS, but you gotta flair the fuck up mah nigga!;A little racist;1;1;2;0;180
Nazi punk fuck off;A little racist;1;1;2;0;180
Lil bastard shouldnt have been poppin off at the mouth with all that shit;Harassing;2;2;2;0;180
"Oh, he is.

^(He's also a son of a bitch. If you've seen MW2 then you'd know what I mean by that.)";Harassing;2;2;2;0;180
Only an idiot would think this is real.;A little harassing;1;2;2;0;180
Damn bro you’re kinda a jackass, no wonder you got downvoted up there. You ain’t gonna find much with your attitude.;A little harassing;1;2;2;0;180
You realize that people feel this way because whites are so racist, right? You probably wouldn’t understand that though. Alt-right asshole.;A little harassing;1;2;2;0;180
I actually think jumping is easier until you land, then once you land it really fucked up your aim (assuming you jamp sideways);A little vulgar;1;3;2;0;180
"&gt;The biggest silence is black people refusing to acknowledge that the absolutely vast majority of black lives are taken by other black people

Who didn't?  This is a false equivalence though because...

&gt;that “black lives matter”—the phrase and the political organization—should be directed toward the black community.

Why?  The criminals that kill other black people are criminals and if caught are held accoutible for their crimes.

The police and ""justice"" system of this country does not get held accountable when they murder black people needlessly and when they treat black people worse at every single level of this system from policing to sentencing.  That is the reason for these protests and why your last sentence is bullshit.

Now just got downvote the answers to your bullshit away and keep lying to people because you refuse to really give a fuck about any of those lives and just want to make excuses to defend this horrible system for reasons I'll never understand.";A little vulgar;1;3;2;0;180
They nerf zombies xp with a “patch” but don’t fix this shit lmfao.;Vulgar;2;3;2;0;180
"You, referring to women:

&gt;females  
&gt;  
&gt;some bitch

You, referring to men:

&gt;dudes

Are you even listening to yourself?";Vulgar;2;3;2;0;180
You ever wear last winter's jacket and find a joint, or a twenty? Same shit.;Extremely vulgar;3;3;2;0;180
cry while we punch you in your face and steal your phone;Extremely violent;3;4;2;0;180
I hope he gets beat up;Extremely violent;3;4;2;0;180
Yes, but I’ll be shot for being considered a liberal after a glorious global communism is established, and you’ll be shot very early on in the process because you’ll be playing with your dads handgun and accidentally shoot your dick off and bleed out.;Extremely violent;3;4;2;0;180
Death to capitalism;Violent;2;4;2;0;180
Lol i hope all your white imperialist shit holes burn in hell.;Extremely violent;3;4;2;0;180
I'm defending the PRC by commenting on a WHO doctor. Makes perfect sense lol. I just assumed you magically saw a comment where I defended something the PRC did since, y'know, that's what you're saying;Non toxic;0;0;2;0;181
I have enough hearing about this guy.;Non toxic;0;0;2;0;181
It's because Leicester knows that he's not worth anywhere near that figure. Honestly, I think Leicester would be a good fit. He'd be an ok replacement for Riyad.;Non toxic;0;0;2;0;181
"&gt; USPS is on the brink of financial failure. 

Because Congress forced them to prefund pensions not because they're somehow inept.";Non toxic;0;0;2;0;181
Becuause there is enough skins themed after it, and slurp is a staple of fortnite from the very beginning;Non toxic;0;0;2;0;181
You're just angry cause we got gay with your Dad;Racist;2;1;2;0;181
Traps are gay.;Racist;2;1;2;0;181
"Niggas be like

&amp;#x200B;

^(fuck)";Racist;2;1;2;0;181
Wait until you hear about white hispanic male republicans ur gonna have ur tiny brain blown;A little racist;1;1;2;0;181
"&gt;Blacks don't say nigger.

Oh. 

You're just one of those suburban upper-middle class white girls who has never actually interacted with a black person in her life, but has completely internalized the white man's burden. 

We're done here.";A little racist;1;1;2;0;181
Not fucking Reddit;Non harassing;0;2;2;0;181
Nah, he's a piece of shit too.;A little harassing;1;2;2;0;181
"How fucked in the head do you have to be to see a strong and proud Jewish scalper and go straight to antisemitism?

 Many Jews are People of Profit and are some of the best in the game, to try and erase their experiences like this is the real antisemitism.";Harassing;2;2;2;0;181
lol my falco sucks dick, i'm speaking as a spectator more than anything so take what I say however you want. But yeah, fuck Icies.;A little harassing;1;2;2;0;181
This man here is living the dream. Lucky bastard;A little harassing;1;2;2;0;181
"I had a customer ask me to get her the 4th of 3 diet 7up (soooo healthy) as she coughed without her mask. And ask if we took down the mandatory mask policy (cops never enforced it)

We’re fucked.";Vulgar;2;3;2;0;181
PayPal is still assho;Non vulgar;0;3;2;0;181
Doesn't she go on and on about hating being called inspirational? It's the same shit.;A little vulgar;1;3;2;0;181
Funny how police need to deal with people on drugs regularly, but seem to fuck it up. Like maybe they could do with training for situations they are likely to encounter.;A little vulgar;1;3;2;0;181
and theyd have alot more if they didnt fuck up the simpsons aspect ratio;Vulgar;2;3;2;0;181
Death to capitalism;Violent;2;4;2;0;181
You die;Extremely violent;3;4;2;0;181
I hope all those Germans are rotting in Hell.;Extremely violent;3;4;2;0;181
I hope she gets cancer and dies. I hope no one funds her funeral and she gets buried in a box;Extremely violent;3;4;2;0;181
Unfortunately that kid is probably going to go back with a gun or knife and kill that poor guy for making him look stupid...;Extremely violent;3;4;2;0;181
Yep and election Joe Biden isn't going to fundamentally change a thing.;Non toxic;0;0;1;0;182
"Marxism-Incelism?

lel";Non toxic;0;0;1;0;182
Oh, okay, so the only measure of difficulty in a job is how much you use your muscles.  Good to know. Thanks for that bit of incredible wisdom.;Non toxic;0;0;1;0;182
Patsy wrote it. I studied this for many hours working as a reporter on the case. That is the most obvious part of the case to me.;Non toxic;0;0;1;0;182
"&gt;You are not a feminist if you brand actual feminists and survivors of sex trade (victims of sex trafficking, womxn who choose it due to poverty+oppressive circumstances, willing prostitutes who get trapped in a vicious ""sex trade"" circle) as SWERF. Abolishment of marriage, prostitution and other gendered structures are legitimate feminist goal and (anarcha+communist+socialist+even some liberal) feminists have long been supporting these goals.

i don't believe i ever did that? i was just saying that the criminalization of sex work under capitalism will only lead to greater exploitation in the industry. also, i do support the abolition of all gendered structures and normative gender roles, i just don't think that outlawing sex work in a capitalist framework is the best way to do that, and would prevent any people who are currently sex workers from exercising the small number of labor rights that workers do have at the moment, such as unionization, legal protection from violence, etc.

&gt;Also, if these aforementioned feminists are SWERF, then you are a PINF (pimps/punters inclusive neoliberal feminists). Also you are a vile transmisogynist because of your reactionary imitation of the acronym TERF (an actual, legitimate acronym).  
&gt;  
&gt;I don't know why they didn't ban you outright for your heteropatriarchal reactionarism.

i just, what? i'm a heteropatriarichal neoliberal transmisogynist? i am literally a transgender pansexual communist. i don't really know how to respond to this. terfs generally are anti-sex worker, so i'm not really sure how i am imitating them? it really seems like you just copy pasted a bunch of descriptors used by leftists and feminists without any understanding of what they mean. really, am i being trolled right now?";A little toxic;1;0;1;0;182
Must suck getting your news from Stormfront, Nazi dumbass;A little racist;1;1;1;0;182
I assume you are white and don't have to live as a black person where Confederates and slavery are celebrated you absolutely privileged fuckhead;A little racist;1;1;1;0;182
Your number one least worst is literally part of what makes cops kill black people.;Racist;2;1;1;0;182
Who's cumtown nigga?;A little racist;1;1;1;0;182
Nazi punk fuck off;A little racist;1;1;1;0;182
"No, no, that's a ""whore."" Sluts do it for free. Get your terminology right!";A little harassing;1;2;1;0;182
"Why don't you have sympathy for women who are constantly harassed and why are you trying to not make men accountable for their own fucking behavior? A 50 year old man sexually harassing a 20 year old is not excused because he has ""poor mental health."" Fuck that and fuck off.

I also don't care about being nice to men anymore SINCE APPARENTLY THEY THINK ITS INVITATION FOR SEXUAL COME ONS";Harassing;2;2;1;0;182
"No, you want him ""called out"" for being ""selfish"" for wanting to improve his life and trying to incite others to do so you shitty little busybody. Fuck off and try improving your own life and stop worrying about everyone else. Invest in your own life and you'll do better for yourself.";A little harassing;1;2;1;0;182
"NAH.

You *did* let him use a restroom, just not *that* one.  If you had refused to let him use any, you would be an asshole.";A little harassing;1;2;1;0;182
We fucking despise your country since the Second World War ended. Every single president you’ve had in history has been garbage. Don’t act like because now suddenly you guys have a president that doesn’t act like he’s some decent person while destroying the world economy and bombing children hospitals like all the others did we now for the first time dislike you guys.;A little harassing;1;2;1;0;182
Damn.  Wrekt.;Non vulgar;0;3;1;0;182
Coffee oatmeal with low cal sweetner is the shit;Non vulgar;0;3;1;0;182
"Sitting here being a bitch about it isn't gonna help anything. You know how we got the most change this country has seen in decades? Protesting. 

It's almost like we could try that some more.";A little vulgar;1;3;1;0;182
"\&gt; Accuses Biden of being a rapist

\&gt; Sends dick pics and makes advances to minors

LMAOOOO";Vulgar;2;3;1;0;182
What kind of shitty olives do you people have?;Non vulgar;0;3;1;0;182
If you do not heed my warning foolish mortal, you will suffer a thousand deaths;Violent;2;4;1;0;182
I will personally destroy all g*mers;Extremely violent;3;4;1;0;182
I hope these 3 police officer get a terrible disease and die a slow and painful death.;Extremely violent;3;4;1;0;182
I’ll probably start killing people;Extremely violent;3;4;1;0;182
IM AS HIGH AS HELL AND YOURE ABOUT TO GET SHOT;Extremely violent;3;4;1;0;182
Lady legs lol! Your comment has me in stitches 😂;Non toxic;0;0;1;1;183
Contrary to popular opinion lately, this isn’t a coronavirus sub. Posts need to at least be loosely connected to Lowe’s. That said, I wouldn’t post this anyway based on quality of the research. This is one scientist saying something. It hasn’t been peer reviewed, hasn’t been accepted by the WHO, and could easily be disputed by a dozen other scientists for all we know. At the end of the day, it’s just not something that needs to be here. Check out r/china_flu. I look at that site a lot for this kind of stuff.;Non toxic;0;0;1;1;183
Not sure AA's biggest liability is dead dogs in first class, atm.;Non toxic;0;0;1;1;183
Yes. Although there is a virtually limitless supply of people willing to do minimum wage jobs.;Non toxic;0;0;1;1;183
"The largest spider, the Goliath bird eating spider, weighs 170 grams, meaning if he ate 165,000,000 per day he’d have to eat more than 61 million pounds of spider every day.

The worlds smallest known spider, the Patu Digua, is too small to weigh, but it’s length is .37 millimeters- 1/810th the length of the Goliath Bird eating spider. Estimating it’s weight based solely on scaling down the Goliath bird eater, we can very roughly guess it weighs a mere .00000032 grams. So Spiders Georg would only have to eat 52.78 pounds of spider per day if he was eating this kind of spider. Males are even smaller than females, so if Spiders Georg could somehow sex more than 1,900 spiders per second, he could eat even less in terms of weight, perhaps even a feasible amount.";Non toxic;0;0;1;1;183
We're all gay for each other. And non of that lame nO hOMo bullshit. Oh, very much yes full homo. Sweetie, it's 2020, be gay or be gone.;Racist;2;1;1;1;183
Nazi punk fuck off;A little racist;1;1;1;1;183
"&gt;Blacks don't say nigger.

Oh. 

You're just one of those suburban upper-middle class white girls who has never actually interacted with a black person in her life, but has completely internalized the white man's burden. 

We're done here.";A little racist;1;1;1;1;183
Traps are gay.;Racist;2;1;1;1;183
What a bunch of pussy Italian players im Mexican and if for some fucking reason we got a cartel type of skin I wouldn’t give a fuck;Non racist;0;1;1;1;183
She says  something smart and then something stupid,  she stands up to the establishment then bends over backwards to suck their dick. Everything is extremism.;Non harassing;0;2;1;1;183
"You know me so well. 

A) You're an idiot for confusing the personalities of the women you allegedly spent a few minutes near with their ability to show personality through performances.

B) You seem like a simp.";A little harassing;1;2;1;1;183
"Remember when she had all those kids in her office or whatever and they were crying about climate change with their teacher and she was basically ""shut the fuck up you dumb kids and let us grown ups take care of shit""

That was the awesomest.  I can't not like her after that.  I know she's shit though.  The conflict is killing me, I'm going to go make love to a sock now.";A little harassing;1;2;1;1;183
bitch better watch your tongue unless you want a visit from my boys Reginald, Wesley, Albert and Clarence;Non harassing;0;2;1;1;183
Stupid Palestinians, why don’t they go back to... *checks notes*... oh;Harassing;2;2;1;1;183
"Sitting here being a bitch about it isn't gonna help anything. You know how we got the most change this country has seen in decades? Protesting. 

It's almost like we could try that some more.";Non vulgar;0;3;1;1;183
"&gt; If Trump wins this election, he will almost certainly be able to pick another judge for the Supreme Court, tilting it even farther in favour of Republicans. This could be disastrous for the US for decades.

Counterpoint: If Biden wins this election, he will almost certainly be able to pick another judge for the Supreme Court, tilting it even farther in favour of Republicans. This could be disastrous for the US for decades.

This fact is irrelevant however because he won't win. He's a jibbering old wimp, a braindead geriatric, and a born loser and Trump will absolutely dogwalk him in front of a live national television audience. That old racist, raping, kiddie-fondling fuck is going to bullied and broke until he cries literal tears on stage and we're all going to watch it happen.

&gt; ...you do not have the moral high ground...

I don't give a fuck about the moral high ground. I'm not going to vote for any rapist.";A little vulgar;1;3;1;1;183
"Do you know how Alabama mothers know their daughters have started menstruating?

Their brothers' dicks start tasting like blood.";Vulgar;2;3;1;1;183
Once someone told me to shit in my hands and clap after a round with the slug 725 I mentioned in which I went like 40-15;A little vulgar;1;3;1;1;183
"Guys...you know this is staged right?

Like...these are rehearsed lines and shit.";Non vulgar;0;3;1;1;183
And then he rapes you;Extremely violent;3;4;1;1;183
Kill them. Kill them now;Violent;2;4;1;1;183
DEATH TO THE WASP SCUM;Extremely violent;3;4;1;1;183
"Die

Die

or Die";Extremely violent;3;4;1;1;183
'Do not reach to the small of your back or I will kill you';Extremely violent;3;4;1;1;183
Dayum.;Non toxic;0;0;1;1;184
Becuause there is enough skins themed after it, and slurp is a staple of fortnite from the very beginning;Non toxic;0;0;1;1;184
"You are kidding me right? Her story changed every time she told it, the “evidence” wasnt even circumstantial... there is no proof the two ever met

Her own friends could not support her story

Her friend admitted to being pressured to change her story

Witnesses dispute the story

Her own dad supported Kavanaugh and none of her family supported her.

She changed her story about the year it happened, how many people and where multiple times. She cant remeber the important details but remembers things like how many drinks she had.

She lied about fear of flying


She wanted to be confidential but went on record with a major media source....

She made tons of money from this whole thing";Non toxic;0;0;1;1;184
nostalgia for when she was curzon;Non toxic;0;0;1;1;184
Δεν είναι δυο τα ζητήματα, ένα είναι, και οι εννιά του μάρτυρες κοιτάνε τα ραδίκια.;Non toxic;0;0;1;1;184
silty clay niggas where you at;A little racist;1;1;1;1;184
If you are masturbating during it's extra gay since you're touching a dick;Racist;2;1;1;1;184
Probably because all the queer and ladyboy porn you order hurts the mail carrier's back? Just get your pictures of gaping gay assholes online, for free!;Racist;2;1;1;1;184
"Typical of whites to break rules and expect exceptions for themselves. 


Fuck whites, they don’t deserve to live. Fuck racism.";Racist;2;1;1;1;184
Shut up racist white supremacist cracker black lives can't matter until white lives don't matter;Racist;2;1;1;1;184
"&gt; corporate interests aren't in favor of mass immigration.

🤣🤣🤣🤣 How can you be this much of a dumb fuck?";Harassing;2;2;1;1;184
Holy fuck. Are you a Qanon fan? No wonder you got butthurt when I told that guy he needed therapy.;Harassing;2;2;1;1;184
All the intelligent and accomplished people in the suburbs think democrats suck ass.;Harassing;2;2;1;1;184
Nah, he's a piece of shit too.;Harassing;2;2;1;1;184
FUCK you if you think I’m selling;Harassing;2;2;1;1;184
Oh hell no. That cat is my baby. I was giving him a bath one time and he was panicking, and went into a fit just laying there meowing. I thought I had hurt him and fucking panicked. Turns out he was just being dramatic and was acting out. As soon as I let him off the leash he got up and ran away looking at me hateful.;A little vulgar;1;3;1;1;184
"&gt; If Trump wins this election, he will almost certainly be able to pick another judge for the Supreme Court, tilting it even farther in favour of Republicans. This could be disastrous for the US for decades.

Counterpoint: If Biden wins this election, he will almost certainly be able to pick another judge for the Supreme Court, tilting it even farther in favour of Republicans. This could be disastrous for the US for decades.

This fact is irrelevant however because he won't win. He's a jibbering old wimp, a braindead geriatric, and a born loser and Trump will absolutely dogwalk him in front of a live national television audience. That old racist, raping, kiddie-fondling fuck is going to bullied and broke until he cries literal tears on stage and we're all going to watch it happen.

&gt; ...you do not have the moral high ground...

I don't give a fuck about the moral high ground. I'm not going to vote for any rapist.";A little vulgar;1;3;1;1;184
Cant believe i underestimated coffee. Shit can actually alert you;Non vulgar;0;3;1;1;184
"They invent these dangerous addict characters as boogeymen to scare people into supporting the criminalization of addiciton. Using the term ""crackhead"" in this context usually connotes black drug users. Poor white addicts are ""meth heads.""

*Checks which subreddit this is*

And another thing: Crack baby jokes aren't ""dark humor."" It's a fucking tragedy. And while we're at it: prison rape is still rape. It's not funny, no matter how bad the victim is. Nobody ""deserves"" to be raped.";Vulgar;2;3;1;1;184
Ajajaja 😂😂😂🤣🤣🤣 clown 🤡🤡 i have  cum over heaven act four 😎😎😏😏😏😏😏🤣🤣🤣🤣🤑🤑🤑🤑🤑🤑 😆😆😆😆😂😂😂😂🤣🤣🤣🤣🤣😂😂😂🤣🤣🤣;Extremely vulgar;3;3;1;1;184
Yea they are going to cut out your kidney and sell it if you go.;Extremely violent;3;4;1;1;184
Death to capitalism;Violent;2;4;1;1;184
Try killing more people and we may put you in the next one;Extremely violent;3;4;1;1;184
Then you die;Extremely violent;3;4;1;1;184
Death to capitalism;Violent;2;4;1;1;184
But how m8?;Non toxic;0;0;2;0;185
I assume you're mostly joking but there's a specific drug to prevent nightmares. Prazosin and another off label one basically just prevent bad dreams. I don't have PTSD but, I get incredibly vivid, sometimes lucid dreams with full sensorium  so, tried it for a while. I stopped because the good vivid dreams outweigh the bad but, ymmv.;Non toxic;0;0;2;0;185
America in 1944;Non toxic;0;0;2;0;185
"**March 31, 2020 - SOTN - A man&amp;#39;s home is his Castle**  

* **Prep:** Hot Shower  
* **Brush:** Cheap-o Amazon synthetic  
* **Razor:** RazoRock - Mission  
* **Blade:** Astra - Superior Platinum (green) (1)  
* **Lather:** [Castle Forbes - Cedarwood &amp;amp; Sandalwood - Cream](https://trythatsoap.com/collection/502/?product_type=cream)  

* **Post Shave:** [Proraso - Sandalwood - Aftershave](https://trythatsoap.com/collection/185/?product_type=aftershave)




I don&amp;#39;t usually use this razor but I wanted a change tonight.  It&amp;#39;s more aggressive than my Diplomat or Tech by far so it&amp;#39;s not my daily shaver. You have to use a very light touch with it and you will be rewarded with a very close shave. I don&amp;#39;t have any other razors to compare it to except my Ming Shi, which I rarely use. I imagine it would be equivalent to a setting of 5 or 6. Got the RazoRock on sale at Groomatorium. (I know, shameless plug for a great vendor)

 Hope you all are staying safe and well shaved in these difficult times.";Non toxic;0;0;2;0;185
Profits over people, got it;Non toxic;0;0;2;0;185
"Kill all Asians. Kill all women...
They're a global majority. Reddit is a global site.";Racist;2;1;2;0;185
"""Fuck Palestinians because other Arabs exist "" 

Guess what, human rights are not conditional on numbers or wether white people feel brown deserve them. 
You wouldn't pull this disgusting logic on any predominantly white country. 

Hey, let's expell italians and leave milluons of them stateless because the assyrians don't have an ethnostate.";A little racist;1;1;2;0;185
Probably because all the queer and ladyboy porn you order hurts the mail carrier's back? Just get your pictures of gaping gay assholes online, for free!;A little racist;1;1;2;0;185
WEEDNATION IS A BUMMY ASS NIGGA.  STRAIGHT FUCKING BUM THAT DUDE IS.;Racist;2;1;2;0;185
i'm going to use my white privilege to say you're a white trash bootlicker motherfucker and make me embarrassed to be american with your white trash thinking.  black lives matter.;Racist;2;1;2;0;185
"Yeah, Trump misses one vowel because his teleprompter is washed out and it's front page of reddit.

Biden invents his own fucking language and you shy your face like you accidentally saw up your great aunt's skirt.";A little harassing;1;2;2;0;185
He literally didn't murder anyone.  Please look up the definition of murder.  Christ, you're a moron.;Harassing;2;2;2;0;185
"Well fuck the Palestinians then I guess. Sovereignty? Consent of the people? Never heard of it. No, foreigners just get to take their land. Their will be damned.

There's literally no human on this planet that is indigenous to exactly one place and it's pretty anti Semitic (and logically absurd) to imply Jews don't belong in their countries but in this random area in the middle East. 

Imagine if we up and decided to reverse every human migration in the last 2000-3000 years. 

Let's hand over Africa to the Europeans while we're at it. All humans come from Africa after all.";Harassing;2;2;2;0;185
CENSOR THE G WORD MOTHERFUCKER;A little harassing;1;2;2;0;185
What the fuck I got Alice? Fucking Buzzfeed quizzes lmao.;Harassing;2;2;2;0;185
You ever wear last winter's jacket and find a joint, or a twenty? Same shit.;Vulgar;2;3;2;0;185
This asshat has late-stage TDS, though. He hates every conservative in this country.;A little vulgar;1;3;2;0;185
"Do you know how Alabama mothers know their daughters have started menstruating?

Their brothers' dicks start tasting like blood.";Vulgar;2;3;2;0;185
They nerf zombies xp with a “patch” but don’t fix this shit lmfao.;Vulgar;2;3;2;0;185
i havent listened yet cus its not out in the states but this shit is getting me really excited for it;A little vulgar;1;3;2;0;185
DEATH TO THOMAS!;Violent;2;4;2;0;185
You should Be a dog and go for the kill;Extremely violent;3;4;2;0;185
pedo die die die;Violent;2;4;2;0;185
DEATH TO THE WASP SCUM;A little violent;1;4;2;0;185
*You will die;Extremely violent;3;4;2;0;185
no, you play Poppy.;Non toxic;0;0;1;1;186
Awwww did your fragile feelings get hurt? Lmfao;Non toxic;0;0;1;1;186
"jreg is centrist??

no but it’s been obvious ever since the first rap battle";Non toxic;0;0;1;1;186
Its almost like it wasn’t worth it;Non toxic;0;0;1;1;186
I'm defending the PRC by commenting on a WHO doctor. Makes perfect sense lol. I just assumed you magically saw a comment where I defended something the PRC did since, y'know, that's what you're saying;A little toxic;1;0;1;1;186
"""Nigger"", from my grandpa";A little racist;1;1;1;1;186
Burnt like Jews;Racist;2;1;1;1;186
"You're on another fucking planet. Some trans women don't like their dicks. Some so much that they cut them off.

Other trans women love their lady dicks and actually like waving it in cis women's faces, because they know they're untouchable and any complaint about having dick in your face will be deemed ""transphobic"". So these women shut the fuck up and deal with the lady dick, which gives the trans women a feeling of power.

In case you haven't noticed, everything happening on the left is all about POWER.";Racist;2;1;1;1;186
Especially that French dude that fucked over 600 African woman;Racist;2;1;1;1;186
"&gt;**This is why liberals hate us**. Stop with the stupid fucking Castro drama teacher garbage

You honestly believe that??

Conservatives could praise PM Blackface 24/7 and they'd still hate you. To them, conservatives are all racist, sexist inbreds who hate minorities and women.";Racist;2;1;1;1;186
"&gt; Can't really be throwing around the word lazy

The fuck I can't. She is lazy as the day is long. She does nothing. She produces nothing of value. She is lazy. Who gives a fuck if her husband has fewer subscribers than she does? It's not like either of them have jobs.";Non harassing;0;2;1;1;186
CENSOR THE G WORD MOTHERFUCKER;A little harassing;1;2;1;1;186
"https://www.cdph.ca.gov/Programs/CID/DCDC/Pages/Face-Coverings-Guidance.aspx

I did, there is no mention of asthma at all on this link which is the CA guidelines for face coverings during COVID. Unless you can provide a link, you're a liar spreading misinformation to make a point, ya chucklefucking muppet.";A little harassing;1;2;1;1;186
I’m so glad she ended up on Dragula instead. I recently started watching the seasons of RPDR for my fave mainstream queens (Trixie, Alaska, Katya) and it is so insanely frustrating to watch the original seasons (haven’t watched their all stars yet). If you’re not a pretty passing woman you have no chance. Like no one “got” Trixie’s drag so imagine having Evah on? Also, fuck RuPaul for being a transphobic, fracking, asshole.;Non harassing;0;2;1;1;186
You said nobody here is gonna pat you on your back for that...you must he retarded;A little harassing;1;2;1;1;186
What kind of shitty olives do you people have?;Non vulgar;0;3;1;1;186
Welp time to get the wife to make me badges stating I'm not an asshole I just have fashion issues.;Extremely vulgar;3;3;1;1;186
That would hurt like shit if you landed wrong;Vulgar;2;3;1;1;186
"You, referring to women:

&gt;females  
&gt;  
&gt;some bitch

You, referring to men:

&gt;dudes

Are you even listening to yourself?";Vulgar;2;3;1;1;186
"Mine stole my riven once.

Stopped what I was doing and murdered that sucker.";Vulgar;2;3;1;1;186
I hope all those Germans are rotting in Hell.;Extremely violent;3;4;1;1;186
"I will massacre all G*mers on June 20tg

-Xi Jin pIng";Violent;2;4;1;1;186
I hope he gets beat up;Extremely violent;3;4;1;1;186
You are sentenced to death for being a femboy;Extremely violent;3;4;1;1;186
This guy should honestly just be shot in the face and left for dead in a ditch;Extremely violent;3;4;1;1;186
"I say mind of God because those things cannot possibly all fit within the mind of a human, and also be operant in the universe as a whole.  Can you imagine a full chiliagon?  Or the complete Mandelbrot set?  

A part of us, called the *nous* can connect with these things, and even discover new ones the way a telescope views the heavens.  We can make that analogical bridge that allows us to communicate, impossible without metaphysical universals.";Non toxic;0;0;1;0;187
Patsy wrote it. I studied this for many hours working as a reporter on the case. That is the most obvious part of the case to me.;Non toxic;0;0;1;0;187
"The primary goal isn't just to defeat Trump. That's why Sanders calls his election bids a ""movement"" ""our revolution"" Sanders is running on fundamentally changing the way our country operates, Medicare for all, marginal tax rates increased on the wealthy, a 15 dollar minimum wage. People are angry because the DNC is fundamentally opposed to some of the positions Bernie takes, and the fact that there has been such antagonism from the media towards Sanders, the fact that the DNC openly stated that they can favor one candidate over another, a loss absolutely makes us feel cheated.";Non toxic;0;0;1;0;187
well thats unexpected, why such an old empire and why this one specifically?;Non toxic;0;0;1;0;187
"Individual faiths maybe, with the new hierarchy being Faith&lt;Religion&lt;Religion group.  They should be variations of the same religion.";Non toxic;0;0;1;0;187
Mods gay ya know. You need puzzy not peepee🤬;Racist;2;1;1;0;187
Hating dumb, racist rednecks and greedy, human dragons is the foundation of juggalo theory.;A little racist;1;1;1;0;187
We're all gay for each other. And non of that lame nO hOMo bullshit. Oh, very much yes full homo. Sweetie, it's 2020, be gay or be gone.;Racist;2;1;1;0;187
Nigga u got 20/100 vision;A little racist;1;1;1;0;187
"Bootlicker.

Of course they do. But not nearly at the same rate, and white people can get away with way more shit. You had white fascists storming the fucking Capitol building screaming in pigs' faces and they didn't blink.";Racist;2;1;1;0;187
This wasn't a comparison to see who's better, you moron.;A little harassing;1;2;1;0;187
Thankfully most violent scum ducks are stupid. Unfortunately some scum ducks are not. I’d change duck to fuck but my autocorrect made me laugh.;Non harassing;0;2;1;0;187
"Seriously, I've seen these things snap and tear little terriers apart. I wish I could erase that image from my mind. Their fans will defend them to the death. 

Just because a dog breed is docile to its owner doesn't make it docile around everyone else.

Fucking idiots.";Non harassing;0;2;1;0;187
Then you’re just a dunce parroting what other dunces say. You could come up with better phrases to fuck with people but that would require you to have creativity, wouldn’t it?;Harassing;2;2;1;0;187
"If you and the 5 butt nuggets hugging 3 inches off your ass behind you don't provide any room to enter then zoom zoom motherfucker.

A lot of onramps are short basically meaning that you need to gun it to enter the freeway and merge at a safe speed.

Similarly if you are entering the freeway at 30 miles per hour I am not staying the fuck behind you and getting splattered all over the back of your car by a semi truck. (motorcyclist)";Harassing;2;2;1;0;187
Not true. I can't find a blops game for shit.;Vulgar;2;3;1;0;187
"That doesn't make any sense. Are you saying singular they is a problem for when you genuinely don't know someone's gender? That is a genuine problem with English linguistics.

While it concerns pronouns its a different problem than someone demanding you refer to them other than you know them to be.

I don't know who the artist is at all. I know all I need to know. They fucking suck.

I don't need to know their pronouns nor do I give a shit. You running around telling people what pronouns to use or not use. Check yourself.";A little vulgar;1;3;1;0;187
shits heating up;Vulgar;2;3;1;0;187
I think you mistake me as someone who gives a shit about this.;Vulgar;2;3;1;0;187
if you don’t have sex with every woman who smiles with you you’re stupid;A little vulgar;1;3;1;0;187
Hope u get aids and die;Extremely violent;3;4;1;0;187
I’ll probably start killing people;Extremely violent;3;4;1;0;187
I hope you get the virus and die choking for air tbh. You would deserve. It. People like you are a cancerous tumor that needs to be cut out.;Extremely violent;3;4;1;0;187
Bolsanaro should be the first leader to die;Violent;2;4;1;0;187
I'm going to cut 2020's genitals and feed him with them if this bloody happens;Extremely violent;3;4;1;0;187
Turns the guy around causing his momentum to turn with him. Nice physics.;Non toxic;0;0;1;1;188
For gods sake don’t get upset and worried about going soft, take a pill they’re generic now and cheap. Go have fun.;Non toxic;0;0;1;1;188
Δεν είναι δυο τα ζητήματα, ένα είναι, και οι εννιά του μάρτυρες κοιτάνε τα ραδίκια.;Non toxic;0;0;1;1;188
Uzbekistan: being Uzbeks, aka Persians disguised as Turks.;Non toxic;0;0;1;1;188
no, you play Poppy.;A little toxic;1;0;1;1;188
They are homosexual extremists.;A little racist;1;1;1;1;188
These white males need to keep BW out of their mouths. “Lower your standards and date a black woman”?!? Wtf but that’s the usual racist nonsense these privileged white males spout.;A little racist;1;1;1;1;188
"bolsonaro is a fucking retarded cuck selling out my country to china and america

people only call him ultra nationalist or whatever because he hates gays

i wish we had an actual nationalist president";Racist;2;1;1;1;188
"""Fuck Palestinians because other Arabs exist "" 

Guess what, human rights are not conditional on numbers or wether white people feel brown deserve them. 
You wouldn't pull this disgusting logic on any predominantly white country. 

Hey, let's expell italians and leave milluons of them stateless because the assyrians don't have an ethnostate.";A little racist;1;1;1;1;188
Stupid southerners stole it from the Greeks, who were not racist only homophobic.;Racist;2;1;1;1;188
we're all clenching our assholes;Harassing;2;2;1;1;188
Yes babies are fucking creepy they all must die;Harassing;2;2;1;1;188
Holy fuck. Are you a Qanon fan? No wonder you got butthurt when I told that guy he needed therapy.;A little harassing;1;2;1;1;188
If you believe the bullshit about Russia you are a giant sucker.    Hacking politicians doesn't do shit to change US politics.    The media lies to you about that because they want you to ignore how effective it is for Israel and Saudi Arabia to bribe  politicians in the USA.;A little harassing;1;2;1;1;188
Yes they are that stupid.;A little harassing;1;2;1;1;188
"It is bowing down

lol at you coppin pleas like a battered wife.  ""I don't bow down to him, I just do everything he says for ease of socialising"".

Bruh, you have no out here.  You proved me right.  Yall bow down to whites.  They stay on ya mind, rent free.

If you didn't bow down, you'd use your own names and not gaf what whites think.  But as I said, rent free.

Blacks will name themselves Jakwan, Devonte, Lavernious, etc., NO FUCKS GIVEN.  Fuck that noise, they ain't no scary hoes.

Yall need to be more like blacks.  They are your brothers in colour";Vulgar;2;3;1;1;188
I’m kinda bummed this is downvoted.  Don’t usually care about that shit either.;A little vulgar;1;3;1;1;188
NJTP optics and timing are shitty.;A little vulgar;1;3;1;1;188
"I went with my wife last year with the whole purpose of us just checking out the waitresses and basically be perverted while eating wings. I don’t know, we’re fucked up. 

We were disappointed because they honestly weren’t that hot and the outfits were just... not appealing. Like those shorts suck balls. 

It would have been better to just walk around the mall and check out the girls in tight jeans. 

Place is overrated. I think our society just evolved beyond its initial appeal. 

Place was probably down right criminal in the 70s or whenever the fuck it opened. Now it’s just a sad place where kids eat too for some reason.";A little vulgar;1;3;1;1;188
I can smell the bitterness from here. Shit like this makes me ashamed to be gay;Non vulgar;0;3;1;1;188
Yeah look at those dumb dumbs that want to make money to pay their bills... they are the threat I hope they die.;Violent;2;4;1;1;188
I hope all those Germans are rotting in Hell.;Extremely violent;3;4;1;1;188
"“Oh slave! Slave! Come here and make me some snacks or I will kill you and your family! Also, you should be thankful to have this job!”

“Yes, master...”";Extremely violent;3;4;1;1;188
"""They deserve to be annihilated"" and you deserve to be catfished";Extremely violent;3;4;1;1;188
Kill them. Kill them now;Extremely violent;3;4;1;1;188
Obviously if we go extinct it’ll be in more agony. We’re the species with the highest ability to feel agony.;Non toxic;0;0;2;0;189
Thanks, so glad reckoning is no longer viable? I tried lacerate glad and was thinking about respeccing...;Non toxic;0;0;2;0;189
Lol great rebuttal.;Non toxic;0;0;2;0;189
They aren’t conflicting at all. If the gadget has no counter play, it is poorly designed. What if you are a jager for example, how are you getting around it? You can’t tank it like an airjab or shoot it like trax. And due to its linear functionality the gadget would either be insanely strong on some points or extremely weak on others, and it is also very reliant on the enemy team comp. operators like this typically are very frustrating to play against, such as ying, clash, montagne, and mira.;Non toxic;0;0;2;0;189
"Intersex arguments are puzzling to me (not intersex myself).

They're using a genetic anomaly to further their proof on mental identity. The two don't correlate. Sam with the race card..why do they use biological examples in a pick and choose game. But refuse to acknowledge relevant biological sex? Puzzling indeed";Non toxic;0;0;2;0;189
Retard I dont prowl gay subs looking to harass gay people I just searched the last of us in the bar and saw ur stupid opinion;Racist;2;1;2;0;189
huh? tucker is the realest nigga on all these festering platforms. what are you on bro;Racist;2;1;2;0;189
"A jew, a Mexican and a coloured fella walk into a bar

The bartender says: ""get the fuck out of here""";A little racist;1;1;2;0;189
"1. The Medic is NOT a nazi. He’s a FUCKING GERMAN!

2. Demoman. Is demoman. His entire thing is drunk scottish man. How is that racist against blacks?";A little racist;1;1;2;0;189
Stupidpol is a subreddit about being gay with your dad;A little racist;1;1;2;0;189
"Just shows how stupid you are the Nazis had different characteristics...they weren't just right wing or left wing lmao.

But all I'm saying is Compare the Nazi Propaganda, and how they silenced the Jews.

That's exactly what's the Democrats do, they literally boycott Stores just because of your political stance.

Germans boycotted Jewish stores because of their religious stance...

Germans silenced Jewish views and opinions.

Democrats constantly silence Conservative views and opinions.

If you are a Conservative, you can't even let your co workers know that you voted for Trump or a Trump supporter, because of the backlash.

Jews tried to hide being Jewish because of the backlash.

There is even more, don't get me started on the garbage propaganda, CBS, NBC, CNN, FOX and others push. Just like Nazi Germany did 🤡

I can go on for hours and point out the similarities.

And lmao you are fucking delusional, if you tell me you studied Nazi Germany, or you are just too fucking stupid to realize the similarities, but cheers m8 have a good dag, telling people false garbage that the NaZiS wErE rIgHT wInG 😭";Non harassing;0;2;2;0;189
"When I was in high school, my best friend, Kenneth, and I got an internship learning how to operate CNC mills. We worked under a guy name Pat. We were young redneck kids and Pat was an old redneck. We all got along so good that we all actually looked forward to work. Bringing each other breakfast (since I’m a fat fuck, Pat would always yell across the shop ‘I got you a biscuit you fat tub of fuckin lard’), making fun of each other, and Pat calling us ‘absolute retards’ when we fuck something up. 

Work was fun as fuck then. Now I don’t really have any friends and work just sucks.";Non harassing;0;2;2;0;189
All those idiots dissing the Left as if we aren’t the reason they can be out of the closet in the first place.;Non harassing;0;2;2;0;189
"yes, cars are horrible for the environment and people. public mass transit is the only way to meaningfully cut carbon emissions (and traffic deaths).

and, like, statistics means it's unlikely. but it's not impossible. and reopening the economy means sacrificing lives of people, just to make money. if you're not willing to take that risk on yourself, fuck you.";Non harassing;0;2;2;0;189
Mother fucker really just said “poop hole sex”;A little harassing;1;2;2;0;189
"I have no idea if he's actually raped anyone at all. He's not in prison so I'm going to say no proof other than #metoo. There is however videos of Biden being creepy as fuck with women. That's happening. TODAY. That's a thing detectives call a clue.

So yeah to my original statement. The DNC SUCKS if their only two candidates are a rapist and a commie.";Non vulgar;0;3;2;0;189
Ajajaja 😂😂😂🤣🤣🤣 clown 🤡🤡 i have  cum over heaven act four 😎😎😏😏😏😏😏🤣🤣🤣🤣🤑🤑🤑🤑🤑🤑 😆😆😆😆😂😂😂😂🤣🤣🤣🤣🤣😂😂😂🤣🤣🤣;Vulgar;2;3;2;0;189
"Did they cancel his college acceptance or something? zoomers/twitter millennials doing that to kids is so fucked up

idk how else you really cancel a 17 year old. does losing your whatever job at 17 matter that much";A little vulgar;1;3;2;0;189
Once someone told me to shit in my hands and clap after a round with the slug 725 I mentioned in which I went like 40-15;A little vulgar;1;3;2;0;189
"Do you know how Alabama mothers know their daughters have started menstruating?

Their brothers' dicks start tasting like blood.";Vulgar;2;3;2;0;189
This guy should honestly just be shot in the face and left for dead in a ditch;Violent;2;4;2;0;189
cry while we punch you in your face and steal your phone;Violent;2;4;2;0;189
That’s one way of getting yourself raped and killed anywhere in the Middle East.;Violent;2;4;2;0;189
Yeah look at those dumb dumbs that want to make money to pay their bills... they are the threat I hope they die.;Violent;2;4;2;0;189
You deserve the gas chamber you scum bag. I hope they drag you off first;Violent;2;4;2;0;189
It was also with a grudge with the the concrete place I believe.;Non toxic;0;0;1;1;190
"&gt;Excellent point, though on earth we are trying to not change the atmosphere,

I'd say we've only been trying not to change the atmosphere for a fairly short while and only to a limited extent.

That said: Mars has an incredibly limited atmosphere by comparison, and is a smaller planet, so changing the composition and pressure of the atmosphere there would be relatively easy. Moving it towards something even vaguely acceptable to humans, however, would require more immense effort than we can really imagine.";Non toxic;0;0;1;1;190
no, you play Poppy.;Non toxic;0;0;1;1;190
Great Scott!;Non toxic;0;0;1;1;190
Uh why do you need computers to use snapchat lol;Non toxic;0;0;1;1;190
Niggardly;Non racist;0;1;1;1;190
China is pretty based, they're only communist on paper, it's a massive fucking corporate oligarchy and they ban any gay representation and are racist as hell.;A little racist;1;1;1;1;190
hell yeah gay shit fucking rules \*sucks dick for funsies\*;Racist;2;1;1;1;190
i'm going to use my white privilege to say you're a white trash bootlicker motherfucker and make me embarrassed to be american with your white trash thinking.  black lives matter.;Racist;2;1;1;1;190
too bad nerd they're gay;Racist;2;1;1;1;190
Thankfully most violent scum ducks are stupid. Unfortunately some scum ducks are not. I’d change duck to fuck but my autocorrect made me laugh.;A little harassing;1;2;1;1;190
"Coincidentally, I bet they also met the most awfully self righteous, selfish, ignorant, incompetent &amp; delusional psychopathic fuckwit they'd ever encountered!";A little harassing;1;2;1;1;190
"theyre just human beings, i agree. 

the problem is that weve decided that these particular human beings are apparently the arbiters of who gets to live and who gets fucked. 

cops are far too fucking stupid to handle this responsibility.";A little harassing;1;2;1;1;190
Like you wouldn't pass up the chance to fuck Shrek.;Harassing;2;2;1;1;190
"CTRL-F ""COVID"": no results. This isn't even about the right disease, you moron.";Harassing;2;2;1;1;190
Note: do not pull out of the doggy thing for gme resources it is its own moonshot at this point. Get every fucking piece of shit you know to scramble for gme they are trying to make it a pop culture phenomenon in the hopes that actual gamestop offers a stock infusion which they will short;A little vulgar;1;3;1;1;190
Nah, that ain't shitty.;Vulgar;2;3;1;1;190
"So you're okay with employers hiring undocumented immigrants knowingly, even though it's against the law? Doesn't that contradict all of what you say?

Oh, you don't give a shit about immigrants, you just hate everyone who doesn't look like your kind. Nobody would bat a fucking eyelid if there was mass migration from the northern border. But why would there be? America is such a racist shit hole that people no sane Canadian would emigrate here.";Non vulgar;0;3;1;1;190
Oh damnnn;Non vulgar;0;3;1;1;190
Coffee oatmeal with low cal sweetner is the shit;Non vulgar;0;3;1;1;190
But these bones’ll kill ya;Non violent;0;4;1;1;190
Any wizard who can't beat a dumb barbarian deserves to die.;A little violent;1;4;1;1;190
They will kill you.;Violent;2;4;1;1;190
If you do not heed my warning foolish mortal, you will suffer a thousand deaths;A little violent;1;4;1;1;190
OI YA SHAMEFUL GITZ! IT IZ PRONONCE! SAY IT RIGHT NEXT ‘IME! DO IT OR I’LL BLAST YA HEAD OFF WITH MY SHOOTA!;Violent;2;4;1;1;190
No Amazon listed on the 23rd? Gonna get calls for that;Non toxic;0;0;1;0;191
"The Kurds have many factions across many countries, but they were under no pretense about American intentions, and likely knew they would pay in blood once again. In Syria, they now negotiate with the Assad government out of mere pragmatic survival. 

In Iraq, Kurdish parties across the spectrum offered their condolences after the Soleimani assassination, because it was his forces, not the Americans, that responded with immediacy after ISIS shockingly took Mosul in 2014 and was bearing down on Erbil:

 [https://www.rudaw.net/english/kurdistan/050120201](https://www.rudaw.net/english/kurdistan/050120201) 

Within two hours, Suleimani arrived in Erbil with two large airplanes of military supplies, and his personal presence shored up the front-line peshmerga soldiers, so there was a great deal of gratitude for his role in protecting Erbil and Kirkuk from the ISIS onslaught.

From the Kurdistan Regional Government in Iraq in the immediate aftermath of the assassination:

 ""We are here for the mourning ceremony of a great commander of the Islamic Revolutionary Guard Corps who was a friend of the people of Iraq and a friend of the Kurds in different stages,"" Fazil Mirani, head of the Kurdistan Democratic Party (KDP) politburo.

""\[Soleimani\] had a big role in the Iran-Iraq war and he had a very positive role assisting Iraq and Kurdistan in the war against Daesh, 

 ""We send our condolences to his family through the consulate in the name of President Barzani, the KRG \[Kurdistan Regional Government\] presidency, and the KDP Politburo, and the KDP secretariat. We hope that great men in their life serve peace and we hope that losing them will serve the same purpose,"" Mirani added.""

I don't think they much appreciated us taking out the man who was first to helping them avoid genocide, since Shi'a and and other ethnic/religious minorities across the region faced an actual existential threat of genocide at the hands of ISIS (a group with overlapping interests with the Western-aligned axis inside Syria). Especially after we used them and tossed them to the Turks. Whatever the American view on the strike might be.";Non toxic;0;0;1;0;191
Just to be clear, that's the total estimated death toll, not just the next two weeks.;Non toxic;0;0;1;0;191
"Ja. Pa Leafyishere je back in uploadov nov video
https://youtu.be/071AYFk-7Uo";Non toxic;0;0;1;0;191
Its almost like it wasn’t worth it;Non toxic;0;0;1;0;191
Niggardly;Racist;2;1;1;0;191
Go to bed child. Stop watching gay porn.;Racist;2;1;1;0;191
"Would you guys consider jacking off to be a sport? I don't know about you motherfuckers but I consider that shit to be a sport okay? If people can sit back and label goddamn golf which is the boringest fucking sport in the world. Think about it, what the fuck athletically are you really doing in golf my nigga? All you doing is hitting a goddamn golf club. ""Oh my god that's a long as birdie man, nice birdie, nice put, and it went 258..."" get the fuck outta here nobody cares about that boring ass shit. Who the fuck really watches golf my nigga? Nobody gives a fuck. It makes niggas fall asleep. Fishing on the other hand... What the fuck are you really doing athletically my nigga in fishing?";Racist;2;1;1;0;191
You're just angry cause we got gay with your Dad;Racist;2;1;1;0;191
Wait until you hear about white hispanic male republicans ur gonna have ur tiny brain blown;Racist;2;1;1;0;191
Man fuck anyone that is trying to defend or normalize any form of that shit. Idk if they say they cant help it or what ever disgusting argument they come up with castrate every single one of these piles of human waste.;Harassing;2;2;1;0;191
"Why would I care about your racist ass standard for what is progressive?

Post your opinion coward.";Harassing;2;2;1;0;191
If you're gonna act like your fucking opposites then what's the point of this fucking shit anymore? Just drop the god damn facade and get this cold civil war hot already;A little harassing;1;2;1;0;191
I am not entirely sure why we allow these idiots to stay in charge. :/;Non harassing;0;2;1;0;191
A bunch of rich fucks who have never protested anything in their lives, and pathetic attendance in any case;A little harassing;1;2;1;0;191
Bullies are bad. Standing up to bullies is good lol. It's heartwarming shit;A little vulgar;1;3;1;0;191
It reminds me of every single bullshit post on r/entitledbitch or r/entitledparents that’s written by 14 year olds.;Vulgar;2;3;1;0;191
and you have failed to answer why you like to drop into threads and talk shit;A little vulgar;1;3;1;0;191
Not even subtle for anyone who's seen this type of bullshit over the last ~30 years.;A little vulgar;1;3;1;0;191
Funny thing is the bitch looked like satan herself.;A little vulgar;1;3;1;0;191
Death to capitalism;Violent;2;4;1;0;191
"I will massacre all G*mers on June 20tg

-Xi Jin pIng";Violent;2;4;1;0;191
"If you murder 3 of your own children I hope you’re in hell. 

Keep making excuses if you want";Violent;2;4;1;0;191
And landlords should die;Violent;2;4;1;0;191
If you do not heed my warning foolish mortal, you will suffer a thousand deaths;Violent;2;4;1;0;191
They argue that it's actually the Nazis dumping CP then blaming them therefore they haven't done anything. One of their admins even posted a full blown conspiracy theory about it to indoctrinate their light followers.;Non toxic;0;0;2;1;192
They aren’t conflicting at all. If the gadget has no counter play, it is poorly designed. What if you are a jager for example, how are you getting around it? You can’t tank it like an airjab or shoot it like trax. And due to its linear functionality the gadget would either be insanely strong on some points or extremely weak on others, and it is also very reliant on the enemy team comp. operators like this typically are very frustrating to play against, such as ying, clash, montagne, and mira.;Non toxic;0;0;2;1;192
But how m8?;Non toxic;0;0;2;1;192
Basspod and cosmic meadows. I can count how many times I've been to the main stage on one hand. I hate  it over there.;Non toxic;0;0;2;1;192
"jreg is centrist??

no but it’s been obvious ever since the first rap battle";Non toxic;0;0;2;1;192
"&gt;Different rules for different people encourages hate

You have yet to explain how not protecting majorities from certain kinds of hatred *encourages* hatred against that group of people. You don't create more racists against white people just because ""fuck you whitey"" isn't removed, but ""fuck you nigger"" is.

Again, I don't personally agree with making this distinction, but it's there, and acknowledging that does not *encourage* hatred of majorities. 

You people are so fucking DESPERATE to be victims, it's pathetic.";A little racist;1;1;2;1;192
Gay is ony ok for june!! And strate isnt cool i in june!! Chage ur pfp to gay colors!! But i cant for black protracts!! Why cant i just fuckin grillll mmnnnnnnn;Racist;2;1;2;1;192
White genocide, the idea that girls won't fuck me and it's because Jews;Racist;2;1;2;1;192
Yes many Europeans are also racist white people fucking shocker there...;A little racist;1;1;2;1;192
my nigga rob going up!;Racist;2;1;2;1;192
Then you’re just a dunce parroting what other dunces say. You could come up with better phrases to fuck with people but that would require you to have creativity, wouldn’t it?;A little harassing;1;2;2;1;192
"&gt;dont fuck around with kratom

&gt;dont fuck around with kratom while being a junkie";A little harassing;1;2;2;1;192
I'm a SF voter but good lord some of them are such fucking hacks.;A little harassing;1;2;2;1;192
"""What a fucking bigger""


-PewDiePie, 2017";A little harassing;1;2;2;1;192
"Yeah the fuck.

""They hate him cos the neolibs refuse to die""

....well yeah the fuck";A little harassing;1;2;2;1;192
They can have the UAW, which is why they can’t have shit else.;Non vulgar;0;3;2;1;192
"\&gt; Accuses Biden of being a rapist

\&gt; Sends dick pics and makes advances to minors

LMAOOOO";A little vulgar;1;3;2;1;192
"I'm just here to complain about the title.

...and yeah, I endorse the sentiments of the tweet. If you can't tell family to fuck off with racisms, who can you tell?";Vulgar;2;3;2;1;192
"It's also not sexual if the frat bros put their dicks into each others mouths and then say ""no homo"". 

It's just a dare after all.";Vulgar;2;3;2;1;192
and you have failed to answer why you like to drop into threads and talk shit;A little vulgar;1;3;2;1;192
I hope you get the virus and die choking for air tbh. You would deserve. It. People like you are a cancerous tumor that needs to be cut out.;Violent;2;4;2;1;192
"*We should join united front to kill all fascists.*

Makes sense.

*Then, we kill you.*

Makes sense.";Extremely violent;3;4;2;1;192
Yeah look at those dumb dumbs that want to make money to pay their bills... they are the threat I hope they die.;Violent;2;4;2;1;192
You kill me your betta, I kill you I’m betta;Extremely violent;3;4;2;1;192
Upvote or I'll shoot you;Violent;2;4;2;1;192
I got into a survival match after 10 mins in queue last night at around 3am so..;Non toxic;0;0;2;0;193
I don’t care that people don’t agree with me, genius.;Non toxic;0;0;2;0;193
any good jungler will punish a ranged top laner pre 6.;Non toxic;0;0;2;0;193
They argue that it's actually the Nazis dumping CP then blaming them therefore they haven't done anything. One of their admins even posted a full blown conspiracy theory about it to indoctrinate their light followers.;Non toxic;0;0;2;0;193
Obviously if we go extinct it’ll be in more agony. We’re the species with the highest ability to feel agony.;A little toxic;1;0;2;0;193
man they really want the japanese people to fuck;Racist;2;1;2;0;193
"""if you don't suck dick, you're gay""";Racist;2;1;2;0;193
Nazi punk fuck off;A little racist;1;1;2;0;193
By that logic black power is meant to degrade white folk which outnumber racist people by a fuck ton. Think about all the european countries with white people. They dont burn crosses or hang minorities but guess what. By the colour of their skin they get clumped into the same fucking pile of shitbags from the southern states. This problem is literally an american issue and could be solved by just, nuking them all! Coming from a canadian btw fuck the states;A little racist;1;1;2;0;193
I assume you are white and don't have to live as a black person where Confederates and slavery are celebrated you absolutely privileged fuckhead;A little racist;1;1;2;0;193
You guys should get a fucking job! Dude!;Harassing;2;2;2;0;193
Uhh, no. Very much it did not. What are you talking about? Not EU. Wrong, bitch.;Non harassing;0;2;2;0;193
Hey look, a fascist lying out their ass. Big surprise.;Harassing;2;2;2;0;193
Those idiots dislike everything. It's just contrarian for the sake of being contrarian, which is amazing when there are so many good reasons not to like just about any promotion.;A little harassing;1;2;2;0;193
Was that idiot doubting that the Nazis started WW2?;Non harassing;0;2;2;0;193
I actually think jumping is easier until you land, then once you land it really fucked up your aim (assuming you jamp sideways);A little vulgar;1;3;2;0;193
"I had a customer ask me to get her the 4th of 3 diet 7up (soooo healthy) as she coughed without her mask. And ask if we took down the mandatory mask policy (cops never enforced it)

We’re fucked.";Non vulgar;0;3;2;0;193
we do sacrifices and blood and shit?;Vulgar;2;3;2;0;193
Once someone told me to shit in my hands and clap after a round with the slug 725 I mentioned in which I went like 40-15;Non vulgar;0;3;2;0;193
Shit I forgot sorry lol tomorrow ok or you need me to get on real fast?;Non vulgar;0;3;2;0;193
Kill Your Mother.;Violent;2;4;2;0;193
You’re just mad that oppressed peoples are standing up for themselves, and tbh I hope you die mad about it.;A little violent;1;4;2;0;193
Yes, but I’ll be shot for being considered a liberal after a glorious global communism is established, and you’ll be shot very early on in the process because you’ll be playing with your dads handgun and accidentally shoot your dick off and bleed out.;Extremely violent;3;4;2;0;193
You die;Violent;2;4;2;0;193
If you do not heed my warning foolish mortal, you will suffer a thousand deaths;Violent;2;4;2;0;193
I got into a survival match after 10 mins in queue last night at around 3am so..;Non toxic;0;0;2;0;194
I don’t care that people don’t agree with me, genius.;Non toxic;0;0;2;0;194
any good jungler will punish a ranged top laner pre 6.;Non toxic;0;0;2;0;194
They argue that it's actually the Nazis dumping CP then blaming them therefore they haven't done anything. One of their admins even posted a full blown conspiracy theory about it to indoctrinate their light followers.;Non toxic;0;0;2;0;194
Obviously if we go extinct it’ll be in more agony. We’re the species with the highest ability to feel agony.;A little toxic;1;0;2;0;194
man they really want the japanese people to fuck;Racist;2;1;2;0;194
"""if you don't suck dick, you're gay""";Racist;2;1;2;0;194
Nazi punk fuck off;A little racist;1;1;2;0;194
By that logic black power is meant to degrade white folk which outnumber racist people by a fuck ton. Think about all the european countries with white people. They dont burn crosses or hang minorities but guess what. By the colour of their skin they get clumped into the same fucking pile of shitbags from the southern states. This problem is literally an american issue and could be solved by just, nuking them all! Coming from a canadian btw fuck the states;A little racist;1;1;2;0;194
I assume you are white and don't have to live as a black person where Confederates and slavery are celebrated you absolutely privileged fuckhead;A little racist;1;1;2;0;194
You guys should get a fucking job! Dude!;Harassing;2;2;2;0;194
Uhh, no. Very much it did not. What are you talking about? Not EU. Wrong, bitch.;Non harassing;0;2;2;0;194
Hey look, a fascist lying out their ass. Big surprise.;Harassing;2;2;2;0;194
Those idiots dislike everything. It's just contrarian for the sake of being contrarian, which is amazing when there are so many good reasons not to like just about any promotion.;A little harassing;1;2;2;0;194
Was that idiot doubting that the Nazis started WW2?;Non harassing;0;2;2;0;194
I actually think jumping is easier until you land, then once you land it really fucked up your aim (assuming you jamp sideways);A little vulgar;1;3;2;0;194
"I had a customer ask me to get her the 4th of 3 diet 7up (soooo healthy) as she coughed without her mask. And ask if we took down the mandatory mask policy (cops never enforced it)

We’re fucked.";Non vulgar;0;3;2;0;194
we do sacrifices and blood and shit?;Vulgar;2;3;2;0;194
Once someone told me to shit in my hands and clap after a round with the slug 725 I mentioned in which I went like 40-15;Non vulgar;0;3;2;0;194
Shit I forgot sorry lol tomorrow ok or you need me to get on real fast?;Non vulgar;0;3;2;0;194
Kill Your Mother.;Violent;2;4;2;0;194
You’re just mad that oppressed peoples are standing up for themselves, and tbh I hope you die mad about it.;A little violent;1;4;2;0;194
Yes, but I’ll be shot for being considered a liberal after a glorious global communism is established, and you’ll be shot very early on in the process because you’ll be playing with your dads handgun and accidentally shoot your dick off and bleed out.;Extremely violent;3;4;2;0;194
You die;Violent;2;4;2;0;194
If you do not heed my warning foolish mortal, you will suffer a thousand deaths;Violent;2;4;2;0;194
I prefer mental pain over physical pain. I just feel like i had enough physical pain in my life. And about mental pain - i just tend to forget stuff, not take it too seriously, or let myself think much about it;Non toxic;0;0;3;1;195
The devs of the game corroborated that Alec was an abuser. They experienced abuse from him for years during development. The game almost didn’t get released because of Alec and Scott is still facing PTSD from those years.;Non toxic;0;0;3;1;195
Contrary to popular opinion lately, this isn’t a coronavirus sub. Posts need to at least be loosely connected to Lowe’s. That said, I wouldn’t post this anyway based on quality of the research. This is one scientist saying something. It hasn’t been peer reviewed, hasn’t been accepted by the WHO, and could easily be disputed by a dozen other scientists for all we know. At the end of the day, it’s just not something that needs to be here. Check out r/china_flu. I look at that site a lot for this kind of stuff.;Non toxic;0;0;3;1;195
I think you might need to review your numbers slightly.  It went from 1695 to 3141 from end-of-Friday to end-of-Monday, that’s a 72 hour period and about 250 yet shy of doubling.;Non toxic;0;0;3;1;195
Niste v vecini, samo sreco imate, da mladi ne volijo.;Non toxic;0;0;3;1;195
Shut the fuck up, white people. God I'm sick of seeing your pasty asses being offended for the rest of the planet. SHUT THE FUCK UP. Go home. Nobody likes you. Not even your own people like you.;A little racist;1;1;3;1;195
"“We need to rise up and kill the bourgeois! Death to capitalists! Punch white supremacists!”

“You can’t touch women! That is a woman! This is brutality! Whaaa!”";A little racist;1;1;3;1;195
"Typical of whites to break rules and expect exceptions for themselves. 


Fuck whites, they don’t deserve to live. Fuck racism.";A little racist;1;1;3;1;195
Because you shouldn't face legal penalty for calling someone a nigger;Racist;2;1;3;1;195
Because you're gay.;Racist;2;1;3;1;195
Nah, he's a piece of shit too.;Harassing;2;2;3;1;195
cooked avocado is fucking disgusting anyway;Non harassing;0;2;3;1;195
????? Moron;A little harassing;1;2;3;1;195
Ah, well he is a bastard then;A little harassing;1;2;3;1;195
He knows how to fire up. He's a great ass babyface, fighting from underneath and all that.;Non harassing;0;2;3;1;195
Also, I love how the best worker out of every single person you mentioned is the Joshi champ. People sleep on Io because womens wrestling is historically taken less seriously bit Io has been proving herself as a top 5 talent in the world regardless of gender and that's so fucking cool to me.;Non vulgar;0;3;3;1;195
Yeah i'm never getting that kinda thing. Maybe im just a nostalgic guy but i don't want crazy advanced privacy infringing shit lmao;Non vulgar;0;3;3;1;195
You're a brave one for shitting at school, they're stupid for having sex at school;Vulgar;2;3;3;1;195
kiss my piss dork lmaoo;A little vulgar;1;3;3;1;195
"Yeah him saying „I recognize Taiwan as separate “ would totally change something and not just end fucking up his life. 

Maybe he has children who need to be cared for. Please don’t take the easy route and don’t just blame this on one person.";Non vulgar;0;3;3;1;195
They will kill you.;Violent;2;4;3;1;195
Dying because you’re involved with a violent gang =! raped and killed for no reason;Violent;2;4;3;1;195
If you dont make the 6 foot cutoff point you are subhuman and deserve to be shot.;A little violent;1;4;3;1;195
How are u so sure other countries kill you guys off first;Non violent;0;4;3;1;195
I hope she gets cancer and dies. I hope no one funds her funeral and she gets buried in a box;Extremely violent;3;4;3;1;195
"Individual faiths maybe, with the new hierarchy being Faith&lt;Religion&lt;Religion group.  They should be variations of the same religion.";Non toxic;0;0;3;0;196
What you're describing is Positive Rights model v Negative Rights model. The Progressive movement has been focused on positive rights for over a century now. Ironically, before the first Red Scare, the Progressives were anti-immigration (surprise: unionized workers don't want free movement of human capital so immigrants can take jobs in non union shops, this is still true but the Progressive movement has moved away from labor the last few decades) and pro prohibition.;Non toxic;0;0;3;0;196
It's because Leicester knows that he's not worth anywhere near that figure. Honestly, I think Leicester would be a good fit. He'd be an ok replacement for Riyad.;Non toxic;0;0;3;0;196
ah yes, the grift continues;Non toxic;0;0;3;0;196
"&gt; It's obvious they've changed their stance.

I wish, but the fact is Reddit still pretends otherwise.

[“Reddit is quite open and pro-free speech”](https://www.reddithelp.com/en/categories/rules-reporting/account-and-community-restrictions/posting-someones-private-or-personal)";Non toxic;0;0;3;0;196
By that logic black power is meant to degrade white folk which outnumber racist people by a fuck ton. Think about all the european countries with white people. They dont burn crosses or hang minorities but guess what. By the colour of their skin they get clumped into the same fucking pile of shitbags from the southern states. This problem is literally an american issue and could be solved by just, nuking them all! Coming from a canadian btw fuck the states;A little racist;1;1;3;0;196
Go to bed child. Stop watching gay porn.;A little racist;1;1;3;0;196
Okay, so you’re a gay dude with a boring hobby and bad politics who follows a transphobic evangelical Christian. Doesn’t mean you can’t still fuck a knife vagina. Vaginas can belong to men or women, after all. Make a knife dick for all I care, man.;A little racist;1;1;3;0;196
Delusional. Wait till find out they are marching to a convict, who beat pregnant black women..;Non racist;0;1;3;0;196
I can't see because your stupid book and closeted-gay-ass hand is in the way.;Racist;2;1;3;0;196
"No, no, that's a ""whore."" Sluts do it for free. Get your terminology right!";Harassing;2;2;3;0;196
I looked it up. They paid taxes. You're retarded.;A little harassing;1;2;3;0;196
Like you wouldn't pass up the chance to fuck Shrek.;Harassing;2;2;3;0;196
" ""Fuck your second amendment"" 

uh, no.  What does the laughing world you speak of think about Venezuela or all the other places with no recourse against tyranny?  Is that hilarious too?  Your examples of things that are already illegal still happening doesn't help your argument of making guns illegal btw.";Harassing;2;2;3;0;196
"Do you honestly think that there isn't at least 30-40% of black people that don't want to just live their lives? Really? Would you really be willing to fuck over 21 million people ""WAAAAAH my joggers""";A little harassing;1;2;3;0;196
"Guys...you know this is staged right?

Like...these are rehearsed lines and shit.";Non vulgar;0;3;3;0;196
Edelman sucks at it because he shouldn’t be one.;Non vulgar;0;3;3;0;196
The entire Saudi royal family is ripe for an episode. The history of Saudi Arabia is fucking insane and it involves hundreds of years of rivalry between the Al-Saud family and the Hashemites who now run Jordan and the latter are descendants of Prophet Muhammad pbuh.;Non vulgar;0;3;3;0;196
Oh damnnn;Non vulgar;0;3;3;0;196
Y’all wonder why dumbass kids keep falling into this dead end life then turn around and honor them as “fallen soldiers” lol ain’t shit glorified or noble about dying at 17 behind some bullshit. There is nothing cool or romantic about this life. And yeah true that applies to actual soldiers too but at least they’re supported by society and their families are taken care of a little by the government. These people just die for absolutely nothing. Petty beef;Non vulgar;0;3;3;0;196
If you dont get a boner, you'll get raped somewhere else... if you understand what i mean;A little violent;1;4;3;0;196
I hope you go to prison when you inevitably kill an innocent protestor by plowing your car thru them;Violent;2;4;3;0;196
Dying because you’re involved with a violent gang =! raped and killed for no reason;Extremely violent;3;4;3;0;196
Yayyyy we can kill future children yayyyyyyyyy;Extremely violent;3;4;3;0;196
I want her dad to die! She can think whatever she wants;Extremely violent;3;4;3;0;196
Im just a banana bro. Im assuming youre referring to the chat lounge;Non toxic;0;0;1;0;197
"Marxism-Incelism?

lel";Non toxic;0;0;1;0;197
"That’s a common myth. You can add weight and do the same exact basic movements.

Calisthenics are as complex as you make it. All I do is variations of pullups/rows/dips/pushups/legs and add more weight every week.";Non toxic;0;0;1;0;197
Genuine femininity (and traditional masculinity) has been rendered obsolete by extremely powerful forces for reasons that are in no one’s interest but their own.;Non toxic;0;0;1;0;197
"*Pokemon: Animal Crossing Version: &amp; Knuckles*";Non toxic;0;0;1;0;197
Black supremacists lol what a dumbfuck;A little racist;1;1;1;0;197
Tf is this sub nigga;Racist;2;1;1;0;197
Nigga u got 20/100 vision;Racist;2;1;1;0;197
Especially that French dude that fucked over 600 African woman;A little racist;1;1;1;0;197
One of what, nigga? Speak up, don’t cut off yourself homes.;A little racist;1;1;1;0;197
"Bernie is old as shit, he’s going to retire soon, yet he still tows the party line. He’s on his way out; he should be calling out the party, yet he won’t. Fucking pathetic.";Non harassing;0;2;1;0;197
All those idiots dissing the Left as if we aren’t the reason they can be out of the closet in the first place.;Non harassing;0;2;1;0;197
Stupid Palestinians, why don’t they go back to... *checks notes*... oh;Harassing;2;2;1;0;197
Those idiots dislike everything. It's just contrarian for the sake of being contrarian, which is amazing when there are so many good reasons not to like just about any promotion.;A little harassing;1;2;1;0;197
Coyotes don’t fuck with pigs?;Harassing;2;2;1;0;197
God, I've played the first one and it was really fucking good and I recently bought Before the Storm as a sendoff for Max and Chloe's story. Seriously, the ending of the first game literally made me tear up and contemplate for an entire week.;Non vulgar;0;3;1;0;197
It won’t be cal, simply because his lightsaber fucks everything up. My bet is on Ezra Bridger, but probably not until the series concludes after he and Thrawn are found;Non vulgar;0;3;1;0;197
He still got a shot at 1k yards. Just needs 250 a game for the last 3! Easy shit;Non vulgar;0;3;1;0;197
"&gt;I'm not expecting any real response at all, because I'm fucking right.

Lol you didn't even respond to my reply. 

Do you think asians are genetically superior to white people? 

Anyways chill its 10pm and I want to enjoy my night and not make lengthy replys to every dumb racist talking point.";A little vulgar;1;3;1;0;197
They either forgot in which case it's worth reminding, or they did this knowingly, in which case definitely tell them to fuck themselves (diplomatically).;A little vulgar;1;3;1;0;197
He needs to die and quick;Violent;2;4;1;0;197
If you dont make the 6 foot cutoff point you are subhuman and deserve to be shot.;Violent;2;4;1;0;197
“I am going to steal your clients and then I will kill them in front of you”;Extremely violent;3;4;1;0;197
Your really confident it wont be your wife/mother/daughter that gets raped and murdered “for the greater good”.;Extremely violent;3;4;1;0;197
DEATH TO THOMAS!;Violent;2;4;1;0;197
Dayum.;Non toxic;0;0;2;0;198
Profits over people, got it;Non toxic;0;0;2;0;198
"&gt; USPS is on the brink of financial failure. 

Because Congress forced them to prefund pensions not because they're somehow inept.";Non toxic;0;0;2;0;198
What you're describing is Positive Rights model v Negative Rights model. The Progressive movement has been focused on positive rights for over a century now. Ironically, before the first Red Scare, the Progressives were anti-immigration (surprise: unionized workers don't want free movement of human capital so immigrants can take jobs in non union shops, this is still true but the Progressive movement has moved away from labor the last few decades) and pro prohibition.;Non toxic;0;0;2;0;198
Genuine femininity (and traditional masculinity) has been rendered obsolete by extremely powerful forces for reasons that are in no one’s interest but their own.;Non toxic;0;0;2;0;198
Shut the fuck up, white people. God I'm sick of seeing your pasty asses being offended for the rest of the planet. SHUT THE FUCK UP. Go home. Nobody likes you. Not even your own people like you.;A little racist;1;1;2;0;198
Imagine thinking some peasant farmers who owned one field deserved death. You’re the big mega gay;A little racist;1;1;2;0;198
"Would you guys consider jacking off to be a sport? I don't know about you motherfuckers but I consider that shit to be a sport okay? If people can sit back and label goddamn golf which is the boringest fucking sport in the world. Think about it, what the fuck athletically are you really doing in golf my nigga? All you doing is hitting a goddamn golf club. ""Oh my god that's a long as birdie man, nice birdie, nice put, and it went 258..."" get the fuck outta here nobody cares about that boring ass shit. Who the fuck really watches golf my nigga? Nobody gives a fuck. It makes niggas fall asleep. Fishing on the other hand... What the fuck are you really doing athletically my nigga in fishing?";Racist;2;1;2;0;198
And gays are ACTUALLY beheaded/stoned/hanged.;Racist;2;1;2;0;198
"Then u will go to jail and throw ur life away probably. Last thing ur family would want is to throw ur life away killing some degenerate. Im a regular nigga to, difference is I dont think killing other niggas solves any issues and is exactly what they want u to do 🤔


Edit - imo there is a huge difference snitching on a dude for selling drugs or some other petty shit and snitching on them for literally murdering an innocent person 🤷🏽‍♂️";A little racist;1;1;2;0;198
Black Lives Matter doesn't mean only black lives matter! holy shit you're more dense than a black hole;Harassing;2;2;2;0;198
"true, PUA and learning ""game"" is a scam. of course you cant be a fucking autist, but she will make your life easier if shes  physically attracted to you.";Non harassing;0;2;2;0;198
24 upvotes too 💀💀 this sub b on some retarded shit sometimes;A little harassing;1;2;2;0;198
Busy body idiots with nothing else to do lol.;Non harassing;0;2;2;0;198
"&gt;democrats decided to use lies to make him a racist.

Yeah I forgot the democrats forced him not to pay his migrant workers in building Trump tower.

The democrats, Trump, they're all in it together, and they're all fucking kids";Non harassing;0;2;2;0;198
I actually think jumping is easier until you land, then once you land it really fucked up your aim (assuming you jamp sideways);Non vulgar;0;3;2;0;198
You you think Hegel got pussy or no?;Vulgar;2;3;2;0;198
"The last Star Wars trilogy was pozzed as fuck and it's been liberal since the beginning. 

&amp;#x200B;

Never played COD can't comment on that one.";Non vulgar;0;3;2;0;198
its definitely grown on me, but it isnt front to back bangers like motm/motm II. i love cudi but some of these tracks its apparent how fucked up he was at the time;A little vulgar;1;3;2;0;198
"It is bowing down

lol at you coppin pleas like a battered wife.  ""I don't bow down to him, I just do everything he says for ease of socialising"".

Bruh, you have no out here.  You proved me right.  Yall bow down to whites.  They stay on ya mind, rent free.

If you didn't bow down, you'd use your own names and not gaf what whites think.  But as I said, rent free.

Blacks will name themselves Jakwan, Devonte, Lavernious, etc., NO FUCKS GIVEN.  Fuck that noise, they ain't no scary hoes.

Yall need to be more like blacks.  They are your brothers in colour";A little vulgar;1;3;2;0;198
Get a UTI and you’ll pee blood;Violent;2;4;2;0;198
"“Oh slave! Slave! Come here and make me some snacks or I will kill you and your family! Also, you should be thankful to have this job!”

“Yes, master...”";Extremely violent;3;4;2;0;198
If you're white and use your gun to defend yourself, you'll be arrested as a racist and get life in jail.;Extremely violent;3;4;2;0;198
Looks like you’ll die at night;Extremely violent;3;4;2;0;198
I am going to beat you to death.;Extremely violent;3;4;2;0;198
They aren’t conflicting at all. If the gadget has no counter play, it is poorly designed. What if you are a jager for example, how are you getting around it? You can’t tank it like an airjab or shoot it like trax. And due to its linear functionality the gadget would either be insanely strong on some points or extremely weak on others, and it is also very reliant on the enemy team comp. operators like this typically are very frustrating to play against, such as ying, clash, montagne, and mira.;Non toxic;0;0;1;1;199
I'll probably enjoy it more than Buck and Aikman;Non toxic;0;0;1;1;199
"You are kidding me right? Her story changed every time she told it, the “evidence” wasnt even circumstantial... there is no proof the two ever met

Her own friends could not support her story

Her friend admitted to being pressured to change her story

Witnesses dispute the story

Her own dad supported Kavanaugh and none of her family supported her.

She changed her story about the year it happened, how many people and where multiple times. She cant remeber the important details but remembers things like how many drinks she had.

She lied about fear of flying


She wanted to be confidential but went on record with a major media source....

She made tons of money from this whole thing";Non toxic;0;0;1;1;199
For a budget snus, Mustang is super good. Working my way through a roll now.;Non toxic;0;0;1;1;199
The hardest part, is letting go.;Non toxic;0;0;1;1;199
In the full video the people in the car are yelling “fuck white people” and the white guy on the bike says fuck you back. They get out and jump him. Somehow Reddit manages to spin this as “white racist gets what he deserves”. It’s pretty disgusting;A little racist;1;1;1;1;199
"Wait if they already conflated "" jogger"" with ""nigger"", how is white people jogging going to be seen as racist? Aren't they also ""joggers""";Non racist;0;1;1;1;199
Let me guess, you want a third world country to take over China and have all Asian girls and women to have relationships and sex with white men and make  all Asian men single. Fuck you;Non racist;0;1;1;1;199
Because you shouldn't face legal penalty for calling someone a nigger;Non racist;0;1;1;1;199
Nigga this stuff is such a bad example of good d1 armour that’s some bland shit if I’ve ever seen it;Racist;2;1;1;1;199
Honestly this sub is fucking terrible for monitor advice if you want something other than what the idiots here circle jerk about.  I would recommend doing a lot of research and then making a decision yourself based upon needs.;Non harassing;0;2;1;1;199
Only an idiot would think this is real.;A little harassing;1;2;1;1;199
Warrens plan was absolutely NOT comprehensive, you liar. And every bit of sanders plan was outlined but maybe it was too much for you too understand? Doubt you even checked, neoliberals do not give a fuck in the end.;A little harassing;1;2;1;1;199
Bend the knee you pussies.;Harassing;2;2;1;1;199
The black actor who played a fictional character called Black Panther passed away from colon cancer yesterday and this person is saying that white people took a 'win' because of his death and that they are 'laughing their fucking ass off';A little harassing;1;2;1;1;199
"It has done remarkably well in the face of economic hardship and the US imperialist embargo, which even this article by the HRW (lol) calls ""misguided"". In the fucking title.";A little vulgar;1;3;1;1;199
158 replies god damn lmao;Non vulgar;0;3;1;1;199
"what kind of incel bullshit doesn't understand this simple fact that women are more than happy to throw themselves at wealthy successful men?  what kind of incel doesn't understand that over 90% of communication is non-verbal, and thus asking is not required... that you just suck at interacting with women non-verbally...

seriously, you're just proving how low information democrats really are in 2020... so low information that you don't understand even basic sexual relationships.";A little vulgar;1;3;1;1;199
Except he doesn't spout bullshit lol;A little vulgar;1;3;1;1;199
Once someone told me to shit in my hands and clap after a round with the slug 725 I mentioned in which I went like 40-15;Non vulgar;0;3;1;1;199
You die;Violent;2;4;1;1;199
"I die
I die
I die
I die
I die";Non violent;0;4;1;1;199
"Republicans tear apart unions every chance they get and spit in labor rights and workers every chance they get

They’re all duplicitous and pretend to be on your side so they can stab you in the back with your own knife";Extremely violent;3;4;1;1;199
You look like you’re about to die man lmao;Violent;2;4;1;1;199
Haha Yoshi is gonna die;Violent;2;4;1;1;199
The hardest part, is letting go.;Non toxic;0;0;3;0;200
Deal with it.;Non toxic;0;0;3;0;200
"In the Greek text it is two different translations... for example:

1 John 4:18 “Φόβος”  to be afraid...

1 Peter 2:17 “φοβεῖσθε,” to have great respect, revere...


If you’re going to try and find contradictions in the Bible at least go to the original texts.  It would clear a lot of misunderstandings.";Non toxic;0;0;3;0;200
"&gt;  Prepare for global pillow wars.

Careful what you wish for. [Don't want another fort Pillow massacre](https://en.wikipedia.org/wiki/Battle_of_Fort_Pillow).";Non toxic;0;0;3;0;200
Guess I'll wind up in the ICU;Non toxic;0;0;3;0;200
"“Haha we just kinda want to exterminate all the minorities haha just take a joke lmfao”

Any place that is supposedly “all inclusive” will eventually be flooded with extremists. Why the fuck would normal people without retarded, extreme opinions want to hang out with literal nazis?";A little racist;1;1;3;0;200
Ah yes, linclon, the man who wanted to send the niggers back to Africa;Racist;2;1;3;0;200
"Kill all Asians. Kill all women...
They're a global majority. Reddit is a global site.";Extremely racist;3;1;3;0;200
"&gt; anti-semitic Israel

lol... fuck off nazi";Extremely racist;3;1;3;0;200
too bad nerd they're gay;Racist;2;1;3;0;200
Typical of fucking what? You aren’t reading my comments. You are incapable of thought.;A little harassing;1;2;3;0;200
Lil bastard shouldnt have been poppin off at the mouth with all that shit;Harassing;2;2;3;0;200
"CTRL-F ""COVID"": no results. This isn't even about the right disease, you moron.";Non harassing;0;2;3;0;200
take out more debt to buy more grt you fool.;A little harassing;1;2;3;0;200
Honestly this sub is fucking terrible for monitor advice if you want something other than what the idiots here circle jerk about.  I would recommend doing a lot of research and then making a decision yourself based upon needs.;Non harassing;0;2;3;0;200
I’m kinda bummed this is downvoted.  Don’t usually care about that shit either.;Non vulgar;0;3;3;0;200
Sounds gayer than collecting shit calls;A little vulgar;1;3;3;0;200
It’s because they weren’t welcome at their local ren fair when they started unironically spouting racist crusader bullshit.;Non vulgar;0;3;3;0;200
if you don’t have sex with every woman who smiles with you you’re stupid;A little vulgar;1;3;3;0;200
"Calling someone homophobic isn't burying someone. It's proving you've taken the gay pill, and will gladly present your ripe asshole to the Marxist fa\**ots that want to see your country gone, and your children re-educated and pumped full of hormones.

And I can't see your bio on mobile. Let me guess, you got the autism, so it's ok to be playing with toys as a grown ass man?";Vulgar;2;3;3;0;200
Maybe someone should choke you and your immediate family to death, see how you like it;Extremely violent;3;4;3;0;200
I hope you get the virus and die choking for air tbh. You would deserve. It. People like you are a cancerous tumor that needs to be cut out.;Extremely violent;3;4;3;0;200
Yeah but then the good guys win and rape you to death and occupy your nation indefinitely.;Extremely violent;3;4;3;0;200
You should Be a dog and go for the kill;Extremely violent;3;4;3;0;200
Because people are stupid and those stupid people get shot;Extremely violent;3;4;3;0;200
Contrary to popular opinion lately, this isn’t a coronavirus sub. Posts need to at least be loosely connected to Lowe’s. That said, I wouldn’t post this anyway based on quality of the research. This is one scientist saying something. It hasn’t been peer reviewed, hasn’t been accepted by the WHO, and could easily be disputed by a dozen other scientists for all we know. At the end of the day, it’s just not something that needs to be here. Check out r/china_flu. I look at that site a lot for this kind of stuff.;Non toxic;0;0;3;1;201
At least the marvelous misadventures of flapjack hasn't ended. I think that would kill me;Non toxic;0;0;3;1;201
They argue that it's actually the Nazis dumping CP then blaming them therefore they haven't done anything. One of their admins even posted a full blown conspiracy theory about it to indoctrinate their light followers.;Non toxic;0;0;3;1;201
Wow, they made Harambe a celebrity;Non toxic;0;0;3;1;201
ah yes, the grift continues;Non toxic;0;0;3;1;201
The Spartan warriors were gay as fuck for each other too;Racist;2;1;3;1;201
"A jew, a Mexican and a coloured fella walk into a bar

The bartender says: ""get the fuck out of here""";A little racist;1;1;3;1;201
man they really want the japanese people to fuck;A little racist;1;1;3;1;201
"LMAO remember when he killed all those egyptian niggas ""for the gram""

Nigga said imma have to do it just to flex on them";Non racist;0;1;3;1;201
G*mers hate gay people.;Racist;2;1;3;1;201
Nah, he's a piece of shit too.;A little harassing;1;2;3;1;201
I'm a SF voter but good lord some of them are such fucking hacks.;Non harassing;0;2;3;1;201
cooked avocado is fucking disgusting anyway;Non harassing;0;2;3;1;201
These people bring a fucking shame to the term Republican.;Non harassing;0;2;3;1;201
Like you wouldn't pass up the chance to fuck Shrek.;Harassing;2;2;3;1;201
Coffee oatmeal with low cal sweetner is the shit;Non vulgar;0;3;3;1;201
This is quite possibly the only time you get to pretend you are a scavenger in a post apocalyptic wasteland.  Wear the shit out of that gasmask;Non vulgar;0;3;3;1;201
Except he doesn't spout bullshit lol;Non vulgar;0;3;3;1;201
I love shit beer but I gotta have more than 2.5% alcohol.;Non vulgar;0;3;3;1;201
1st time a private bizness man with a multi-million buck portfolio that he acquired before public service. I would'nt want you to look at my shit either.;A little vulgar;1;3;3;1;201
I am going to beat you to death.;Non violent;0;4;3;1;201
If I were PCG I'd burn your house down again too;Extremely violent;3;4;3;1;201
You will die with us;Extremely violent;3;4;3;1;201
If you're white and use your gun to defend yourself, you'll be arrested as a racist and get life in jail.;Extremely violent;3;4;3;1;201
"You deserve to be banished.
You deserve to be banished.
You deserve to be banished.
You deserve to be banished.
You deserve to be banished.
You deserve to be banished.
You deserve to be banished.
You deserve to be banished.
You deserve to be banished.";Violent;2;4;3;1;201
Guess I'll wind up in the ICU;Non toxic;0;0;2;0;202
Yes;Non toxic;0;0;2;0;202
Good point. I mean does Nebraska really exist? You ever met someone from Nebraska?;Non toxic;0;0;2;0;202
Most churches have closed. It's really only the megachurches.;Non toxic;0;0;2;0;202
"Who is this ""we?""";Non toxic;0;0;2;0;202
brenda spread that shit like herpes in a gay frat.;A little racist;1;1;2;0;202
Black people have lost their fucking minds.;A little racist;1;1;2;0;202
And gays are ACTUALLY beheaded/stoned/hanged.;Racist;2;1;2;0;202
Traps are gay.;A little racist;1;1;2;0;202
Burnt like Jews;Extremely racist;3;1;2;0;202
Stupid Palestinians, why don’t they go back to... *checks notes*... oh;Harassing;2;2;2;0;202
"Another """"fun"""" fact: the Direlwanger Brigade of the SS was investigated by the *Nazis* for War crimes and being rapists and pedophiles.

You know you're bad when the Nazis tell you to stop being so fucked up.";Harassing;2;2;2;0;202
"No. Everyone with half a brain made that choice. 

The government just made the choice for the fucking morons that aren't listening or paying attention and endangering the rest of us.";Non harassing;0;2;2;0;202
PCM normalises racism and facism. Fuck that place;Harassing;2;2;2;0;202
"Says the same fucking people who can't take conversation about people in poverty lifting themselves up by the bootstraps. 

Sit back down kiddo.";Non harassing;0;2;2;0;202
"Russia backed up us along the west coast when the French and Brits tried fucking with us 

History has been rewritten my McGraw/Hill etc";Non vulgar;0;3;2;0;202
Get a shit computer. Mine is old and damaged and likely to burst into flames if I play more than an hour.;Non vulgar;0;3;2;0;202
shits heating up;A little vulgar;1;3;2;0;202
Are momma jokes deeply unsettling to people or something? I’m pretty sure no one would give a shit.;Non vulgar;0;3;2;0;202
They deserve waaay more shit for promoting fascism in 2016;Vulgar;2;3;2;0;202
All redditors should be round up into camps and killed;Extremely violent;3;4;2;0;202
Kill Your Mother.;Extremely violent;3;4;2;0;202
If you're white and use your gun to defend yourself, you'll be arrested as a racist and get life in jail.;Violent;2;4;2;0;202
Think carefully. Accuse me of raping kids and I'm gonna rape you like I did all those kids.;Extremely violent;3;4;2;0;202
They deserve to go to jail.;Violent;2;4;2;0;202
I assume you're mostly joking but there's a specific drug to prevent nightmares. Prazosin and another off label one basically just prevent bad dreams. I don't have PTSD but, I get incredibly vivid, sometimes lucid dreams with full sensorium  so, tried it for a while. I stopped because the good vivid dreams outweigh the bad but, ymmv.;Non toxic;0;0;2;1;203
For gods sake don’t get upset and worried about going soft, take a pill they’re generic now and cheap. Go have fun.;Non toxic;0;0;2;1;203
America is the only other country! /s;Non toxic;0;0;2;1;203
The month has turned over has that set been released yet? 😂;Non toxic;0;0;2;1;203
Are you eating for the Easter skins? They're not gonna release them on april fools.;A little toxic;1;0;2;1;203
Bout sick of black people being rapists. Like really fucking sick of it.;Racist;2;1;2;1;203
Okay, so you’re a gay dude with a boring hobby and bad politics who follows a transphobic evangelical Christian. Doesn’t mean you can’t still fuck a knife vagina. Vaginas can belong to men or women, after all. Make a knife dick for all I care, man.;A little racist;1;1;2;1;203
You are triggered! You hate black people!!!!;Racist;2;1;2;1;203
the guy is a holocaust denier and outright nazi fuck, don't fall for his bullshit;Racist;2;1;2;1;203
Retard I dont prowl gay subs looking to harass gay people I just searched the last of us in the bar and saw ur stupid opinion;Racist;2;1;2;1;203
Give me Aloy over those weird ass anime chicks with the balloon tits any day;Harassing;2;2;2;1;203
Hey look, a fascist lying out their ass. Big surprise.;Harassing;2;2;2;1;203
"It may not be the wrong choice for him, but that doesn't mean he isn't a POS for it.

""Fuck you I got mine"" is a piece of shit attitude.";Harassing;2;2;2;1;203
These people bring a fucking shame to the term Republican.;Harassing;2;2;2;1;203
"Oh, he is.

^(He's also a son of a bitch. If you've seen MW2 then you'd know what I mean by that.)";Harassing;2;2;2;1;203
It won’t be cal, simply because his lightsaber fucks everything up. My bet is on Ezra Bridger, but probably not until the series concludes after he and Thrawn are found;A little vulgar;1;3;2;1;203
Bullies are bad. Standing up to bullies is good lol. It's heartwarming shit;A little vulgar;1;3;2;1;203
"Lmao at that radlib crying about ""out of context clips and bad faith arguments."" 

I don't give a fuck what the context is, there is **NO** correct context for calling LGBT people or people with mental illnesses ""subhumans.""";Vulgar;2;3;2;1;203
"This doesn't make me appreciate the ""little things"". It makes me fucking sad that she doesn't have a normal happy life. Is it wrong that I want literally everyone to have a normal life without being guilted about the life which I currently have?";Non vulgar;0;3;2;1;203
awwwww damnnnnnnn;Non vulgar;0;3;2;1;203
they should kill poachers with drones;Violent;2;4;2;1;203
They will kill you.;Violent;2;4;2;1;203
I hope you go to prison when you inevitably kill an innocent protestor by plowing your car thru them;Extremely violent;3;4;2;1;203
Then you die;Violent;2;4;2;1;203
Sign my petition or I'll follow you home and kill your dog.;Violent;2;4;2;1;203
Awwww did your fragile feelings get hurt? Lmfao;Non toxic;0;0;2;0;204
these are so cool;Non toxic;0;0;2;0;204
Likewise;Non toxic;0;0;2;0;204
Uh why do you need computers to use snapchat lol;Non toxic;0;0;2;0;204
Had him for intro to Sociology in my senior year.  Last remaining core class. Class was so interesting made me think I might’ve made a mistake choosing my major. One of the few classes I remember things from almost 20 years later. RIP professor.;Non toxic;0;0;2;0;204
Stfu you gAyTF IRS agent. This is America;A little racist;1;1;2;0;204
Germans are so fucking weird.;A little racist;1;1;2;0;204
european whites get fucked by neoliberalism too;A little racist;1;1;2;0;204
"""if you don't suck dick, you're gay""";Racist;2;1;2;0;204
The Spartan warriors were gay as fuck for each other too;Racist;2;1;2;0;204
The black actor who played a fictional character called Black Panther passed away from colon cancer yesterday and this person is saying that white people took a 'win' because of his death and that they are 'laughing their fucking ass off';Harassing;2;2;2;0;204
What the fuck I got Alice? Fucking Buzzfeed quizzes lmao.;Harassing;2;2;2;0;204
Mother fucker really just said “poop hole sex”;Harassing;2;2;2;0;204
"true, PUA and learning ""game"" is a scam. of course you cant be a fucking autist, but she will make your life easier if shes  physically attracted to you.";Harassing;2;2;2;0;204
Dumb troll. Get a job.;A little harassing;1;2;2;0;204
I kinda feel bad for coutinho. That move to Barcelona really fucked him. He played a good roll when he was in Liverpool and no he's basically in no man's land. He's a good bloke too. The grabbing his sister's ass thing is weird(i don't care how hot she is) but off the pitch, he's a decent guy.;Vulgar;2;3;2;0;204
"""The greatest lies are made up of half truths...""

also water is wet and  my dick is 12 inches long";Extremely vulgar;3;3;2;0;204
Nah, that ain't shitty.;A little vulgar;1;3;2;0;204
They can have the UAW, which is why they can’t have shit else.;A little vulgar;1;3;2;0;204
Sounds gayer than collecting shit calls;Extremely vulgar;3;3;2;0;204
I hope keemstar goes blind and deaf;Extremely violent;3;4;2;0;204
You die;Violent;2;4;2;0;204
Your really confident it wont be your wife/mother/daughter that gets raped and murdered “for the greater good”.;Extremely violent;3;4;2;0;204
DEATH TO THOMAS!;Violent;2;4;2;0;204
They deserve to go to jail.;A little violent;1;4;2;0;204
Ronan;Non toxic;0;0;1;0;205
Oh, okay, so the only measure of difficulty in a job is how much you use your muscles.  Good to know. Thanks for that bit of incredible wisdom.;Non toxic;0;0;1;0;205
My apologies for not being more specific;Non toxic;0;0;1;0;205
I'm defending the PRC by commenting on a WHO doctor. Makes perfect sense lol. I just assumed you magically saw a comment where I defended something the PRC did since, y'know, that's what you're saying;Non toxic;0;0;1;0;205
"&gt; USPS is on the brink of financial failure. 

Because Congress forced them to prefund pensions not because they're somehow inept.";Non toxic;0;0;1;0;205
"New Black Panther Party:

“Our lessons talk about the bloodsuckers of the poor. …  It’s that old no-good Jew, that old imposter Jew, that old hooked-nose, bagel-eating, lox-eating, Johnny-come-lately, perpetrating-a-fraud, just-crawled-out-of-the-caves-and-hills-of-Europe, so-called damn Jew … and I feel everything I’m saying up here is kosher.”

— Khalid Abdul Muhammad, one of the party’s future leaders, Baltimore, Maryland, February 19, 1994.


“Kill every goddamn Zionist in Israel! Goddamn little babies, goddamn old ladies! Blow up Zionist supermarkets!”

— Malik Zulu Shabazz, the party’s former national chairman, protesting at B’nai B’rith International headquarters in Washington, D.C., April 20, 2002.


“I hate white people. All of them. Every last iota of a cracker, I hate it. We didn’t come out here to play today. There’s too much serious business going on in the black community to be out here sliding through South Street with white, dirty, cracker whore bitches on our arms, and we call ourselves black men. … What the hell is wrong with you black man? You at a doomsday with a white girl on your damn arm. We keep begging white people for freedom! No wonder we not free! Your enemy cannot make you free, fool! You want freedom? You going to have to kill some crackers! You going to have to kill some of their babies!”

— King Samir Shabazz, former head of the party’s Philadelphia chapter, in a National Geographic documentary, January 2009.


“It’s the cracker doing that…our people have always fought against the cracker.”

— Krystal Muhammad speaking about Jim Crow laws in Soweto, South Africa, June 2016.";A little racist;1;1;1;0;205
straight guys don't look at other guy's penises for fear that they will turn gay or something;Racist;2;1;1;0;205
You can tell when the melons know they fucked up when they start making moral equivocations with the ***fucking nazis*** and ***white supremacists***;Racist;2;1;1;0;205
Now you are a homophobe, using gay as an insult and slur? You really are what you claim to hate, bigot.;Racist;2;1;1;0;205
"If you can’t stop being gay die

-WBC";Racist;2;1;1;0;205
What the fuck I got Alice? Fucking Buzzfeed quizzes lmao.;A little harassing;1;2;1;0;205
Ah, well he is a bastard then;A little harassing;1;2;1;0;205
Even if he was just standing there he was wearing a MAGA hat and attending an anti-abortion rally so eithrr way he's a racist piece of shit.;Harassing;2;2;1;0;205
You guys should get a fucking job! Dude!;A little harassing;1;2;1;0;205
"No one called me on my bullshit.  My comment is still there and not you nor the other troll has even addressed it.  

Your comment perfectly exemplifies exactly the troll behavior that I'm talking about.  You are lying about me providing sources.  I have consistently provided sources and pieces of shit like you ignore them or you dismiss them or you marginalize them.  So, you want to argue against my comments, then you bring the sources.  That's what you've earned by being a piece of shit troll.

Like I said, I will gladly source my arguments to others but it's a waste of time for idiots like you.";Harassing;2;2;1;0;205
That’s a pretty crap brothel;A little vulgar;1;3;1;0;205
"&gt;With the UK's history of moving from monarchy to rule by the people and instilling rights and freedoms, I don't understand why you wouldn't trust them.

Lmao 
what the actual fuck.";Vulgar;2;3;1;0;205
Pete sucks but her posting 'all lives matter' and defending cops was worse;A little vulgar;1;3;1;0;205
"Lmao at that radlib crying about ""out of context clips and bad faith arguments."" 

I don't give a fuck what the context is, there is **NO** correct context for calling LGBT people or people with mental illnesses ""subhumans.""";Vulgar;2;3;1;0;205
"No shit i was replying to the guy thinking this was because of his ""pose"".";Vulgar;2;3;1;0;205
"You deserve to be banished.
You deserve to be banished.
You deserve to be banished.
You deserve to be banished.
You deserve to be banished.
You deserve to be banished.
You deserve to be banished.
You deserve to be banished.
You deserve to be banished.";A little violent;1;4;1;0;205
I hope he gets the most painfull death possible;Extremely violent;3;4;1;0;205
Commies are going to commie. These people hate you and want you to die.;Violent;2;4;1;0;205
Death to capitalism;Violent;2;4;1;0;205
No the “I’m gonna kill you” is him I think;Extremely violent;3;4;1;0;205
A usuals comin on here concern trolling the shit out of this sub. SMH.;A little vulgar;1;3;2;0;206
Once again, Death to America;Toxic;2;0;2;0;206
Lol great rebuttal.;Non toxic;0;0;2;0;206
Edelman sucks at it because he shouldn’t be one.;Toxic;2;0;2;0;206
So what do we gotta do /u/erwachen, watch them take in the ass?;Toxic;2;0;2;0;206
"I'm just here to complain about the title.

...and yeah, I endorse the sentiments of the tweet. If you can't tell family to fuck off with racisms, who can you tell?";A little racist;1;1;2;0;206
my nigga rob going up!;Racist;2;1;2;0;206
"Yes! In many places you are better off getting unemployment than working part-time. 

Not to mention that Sephora employees normally have to touch people's faces and skin, which is a big no-no in this situation. They are safer on unemployment";Non vulgar;0;3;2;0;206
"I got downvoted for telling everyone here that Wiggins was fucking hopeless

He’s a career replacement level player 7 years in. 0.2 CAREER VoRP. He’s a negative asset and it was a stupid trade

There are three above average players on the entire roster, and Wiggins isn’t one of them";Toxic;2;0;2;0;206
"Ja. Pa Leafyishere je back in uploadov nov video
https://youtu.be/071AYFk-7Uo";Non racist;0;1;2;0;206
What you're describing is Positive Rights model v Negative Rights model. The Progressive movement has been focused on positive rights for over a century now. Ironically, before the first Red Scare, the Progressives were anti-immigration (surprise: unionized workers don't want free movement of human capital so immigrants can take jobs in non union shops, this is still true but the Progressive movement has moved away from labor the last few decades) and pro prohibition.;Toxic;2;0;2;0;206
If you dont get a boner, you'll get raped somewhere else... if you understand what i mean;A little harassing;1;2;2;0;206
"What the fuck? Are you serious?

Islam does NOT tell you to treat gays as you would treat anyone else.

Islam tells you to behead anyone who has gay sex. As such, most muslim countries have a Death Penalty for homosexual activities.

I am glad i left this religion of peace that demands you to behead people.";Toxic;2;0;2;0;206
"Okay, but this creates a perverse incentive for people to intentionally try to get infected.
";Vulgar;2;3;2;0;206
Man he needs to die in a fire;Extremely violent;3;4;2;0;206
No doubt he’s a dick but it’s why his hatred is more than Neils;Vulgar;2;3;2;0;206
Bullies are bad. Standing up to bullies is good lol. It's heartwarming shit;Vulgar;2;3;2;0;206
Yo I wish actual journalists would start calling these guys out.;Non vulgar;0;3;2;0;206
"&gt;You are not a feminist if you brand actual feminists and survivors of sex trade (victims of sex trafficking, womxn who choose it due to poverty+oppressive circumstances, willing prostitutes who get trapped in a vicious ""sex trade"" circle) as SWERF. Abolishment of marriage, prostitution and other gendered structures are legitimate feminist goal and (anarcha+communist+socialist+even some liberal) feminists have long been supporting these goals.

i don't believe i ever did that? i was just saying that the criminalization of sex work under capitalism will only lead to greater exploitation in the industry. also, i do support the abolition of all gendered structures and normative gender roles, i just don't think that outlawing sex work in a capitalist framework is the best way to do that, and would prevent any people who are currently sex workers from exercising the small number of labor rights that workers do have at the moment, such as unionization, legal protection from violence, etc.

&gt;Also, if these aforementioned feminists are SWERF, then you are a PINF (pimps/punters inclusive neoliberal feminists). Also you are a vile transmisogynist because of your reactionary imitation of the acronym TERF (an actual, legitimate acronym).  
&gt;  
&gt;I don't know why they didn't ban you outright for your heteropatriarchal reactionarism.

i just, what? i'm a heteropatriarichal neoliberal transmisogynist? i am literally a transgender pansexual communist. i don't really know how to respond to this. terfs generally are anti-sex worker, so i'm not really sure how i am imitating them? it really seems like you just copy pasted a bunch of descriptors used by leftists and feminists without any understanding of what they mean. really, am i being trolled right now?";Non vulgar;0;3;2;0;206
"You deserve to be banished.
You deserve to be banished.
You deserve to be banished.
You deserve to be banished.
You deserve to be banished.
You deserve to be banished.
You deserve to be banished.
You deserve to be banished.
You deserve to be banished.";Non vulgar;0;3;2;0;206
I hope keemstar goes blind and deaf;Extremely violent;3;4;2;0;206
You will die with us;Violent;2;4;2;0;206
buh bye honey ur very nasty and ur gonna die lmao;Violent;2;4;2;0;206
buh bye honey ur very nasty and ur gonna die lmao;Extremely violent;3;4;2;0;206
"Oh shit the fash is back.\n\n&gt;The notion that there is no coherent ideology, and their adherents are all just thinly disguised genocidal lunatics, probably does their cause more good than harm.\n\nHow the fuck. It presupposes adherents to be unthinking troglodytes. Their goal is to oppress and exploit non-whites harder and more aggressively than they are currently being exploited; *is it not??* Calling a spade a spade ensures we all know what a spade looks like.\n\n&gt;Also, the idea that those at the top of the capitalist class are an ""in-group"" of white people, completely obfuscates the multi-racial global empire of elite puppeteers feeding us information through ""the news.""\n\n99% of billionaires in this country are of European descent, and the vast majority of billionaires in the colonized world - the Global South especially - are installed by the US, thereby chosen to advance the interests of 99% of the 1%. \n\n&gt;When you simplify and demonize different perspectives into categorically evil, violent, confused ideology; you play right into the hands of those that seek to profit from the division of the ""out-group"" which includes all races.\n\nBull fucking shit. This must be the new version of All Lives Matter. You can stop being a Nazi. You cannot stop being someone Nazis hate. \n\nIf your thesis statement is that the inferiority of other people is self-evident based on aspects of themselves they cannot control, and that they are forfeit the same protection and rights you enjoy (and it\'s always *you,* fucker) then we can all, with a clear conscious and sound mind, call you categorically evil, violent, and confused.";Extremely violent;3;4;2;0;206
A usuals comin on here concern trolling the shit out of this sub. SMH.;Vulgar;2;3;1;0;207
Once again, Death to America;Toxic;2;0;1;0;207
Lol great rebuttal.;Non toxic;0;0;1;0;207
Edelman sucks at it because he shouldn’t be one.;Toxic;2;0;1;0;207
So what do we gotta do /u/erwachen, watch them take in the ass?;A little harassing;1;2;1;0;207
"I'm just here to complain about the title.

...and yeah, I endorse the sentiments of the tweet. If you can't tell family to fuck off with racisms, who can you tell?";Extremely harassing;3;2;1;0;207
my nigga rob going up!;Racist;2;1;1;0;207
"Yes! In many places you are better off getting unemployment than working part-time. 

Not to mention that Sephora employees normally have to touch people's faces and skin, which is a big no-no in this situation. They are safer on unemployment";Non racist;0;1;1;0;207
"I got downvoted for telling everyone here that Wiggins was fucking hopeless

He’s a career replacement level player 7 years in. 0.2 CAREER VoRP. He’s a negative asset and it was a stupid trade

There are three above average players on the entire roster, and Wiggins isn’t one of them";Toxic;2;0;1;0;207
"Ja. Pa Leafyishere je back in uploadov nov video
https://youtu.be/071AYFk-7Uo";Non racist;0;1;1;0;207
What you're describing is Positive Rights model v Negative Rights model. The Progressive movement has been focused on positive rights for over a century now. Ironically, before the first Red Scare, the Progressives were anti-immigration (surprise: unionized workers don't want free movement of human capital so immigrants can take jobs in non union shops, this is still true but the Progressive movement has moved away from labor the last few decades) and pro prohibition.;Non toxic;0;0;1;0;207
If you dont get a boner, you'll get raped somewhere else... if you understand what i mean;A little harassing;1;2;1;0;207
"What the fuck? Are you serious?

Islam does NOT tell you to treat gays as you would treat anyone else.

Islam tells you to behead anyone who has gay sex. As such, most muslim countries have a Death Penalty for homosexual activities.

I am glad i left this religion of peace that demands you to behead people.";Toxic;2;0;1;0;207
Okay, but this creates a perverse incentive for people to intentionally try to get infected.;A little violent;1;4;1;0;207
Man he needs to die in a fire;Extremely violent;3;4;1;0;207
No doubt he’s a dick but it’s why his hatred is more than Neils;A little vulgar;1;3;1;0;207
"""The greatest lies are made up of half truths...""

also water is wet and  my dick is 12 inches long";Extremely vulgar;3;3;1;0;207
Yo I wish actual journalists would start calling these guys out.;Non vulgar;0;3;1;0;207
I love shit beer but I gotta have more than 2.5% alcohol.;Non vulgar;0;3;1;0;207
"You deserve to be banished.
You deserve to be banished.
You deserve to be banished.
You deserve to be banished.
You deserve to be banished.
You deserve to be banished.
You deserve to be banished.
You deserve to be banished.
You deserve to be banished.";Non vulgar;0;3;1;0;207
I hope keemstar goes blind and deaf;Extremely violent;3;4;1;0;207
You will die with us;A little violent;1;4;1;0;207
buh bye honey ur very nasty and ur gonna die lmao;Violent;2;4;1;0;207
buh bye honey ur very nasty and ur gonna die lmao;Extremely violent;3;4;1;0;207
"Oh shit the fash is back.\n\n&gt;The notion that there is no coherent ideology, and their adherents are all just thinly disguised genocidal lunatics, probably does their cause more good than harm.\n\nHow the fuck. It presupposes adherents to be unthinking troglodytes. Their goal is to oppress and exploit non-whites harder and more aggressively than they are currently being exploited; *is it not??* Calling a spade a spade ensures we all know what a spade looks like.\n\n&gt;Also, the idea that those at the top of the capitalist class are an ""in-group"" of white people, completely obfuscates the multi-racial global empire of elite puppeteers feeding us information through ""the news.""\n\n99% of billionaires in this country are of European descent, and the vast majority of billionaires in the colonized world - the Global South especially - are installed by the US, thereby chosen to advance the interests of 99% of the 1%. \n\n&gt;When you simplify and demonize different perspectives into categorically evil, violent, confused ideology; you play right into the hands of those that seek to profit from the division of the ""out-group"" which includes all races.\n\nBull fucking shit. This must be the new version of All Lives Matter. You can stop being a Nazi. You cannot stop being someone Nazis hate. \n\nIf your thesis statement is that the inferiority of other people is self-evident based on aspects of themselves they cannot control, and that they are forfeit the same protection and rights you enjoy (and it\'s always *you,* fucker) then we can all, with a clear conscious and sound mind, call you categorically evil, violent, and confused.";Extremely violent;3;4;1;0;207
A usuals comin on here concern trolling the shit out of this sub. SMH.;A little vulgar;1;3;1;1;208
Once again, Death to America;Racist;2;1;1;1;208
Lol great rebuttal.;Non toxic;0;0;1;1;208
Edelman sucks at it because he shouldn’t be one.;Toxic;2;0;1;1;208
So what do we gotta do /u/erwachen, watch them take in the ass?;Toxic;2;0;1;1;208
"I'm just here to complain about the title.

...and yeah, I endorse the sentiments of the tweet. If you can't tell family to fuck off with racisms, who can you tell?";Harassing;2;2;1;1;208
my nigga rob going up!;Racist;2;1;1;1;208
"Yes! In many places you are better off getting unemployment than working part-time. 

Not to mention that Sephora employees normally have to touch people's faces and skin, which is a big no-no in this situation. They are safer on unemployment";Non racist;0;1;1;1;208
"I got downvoted for telling everyone here that Wiggins was fucking hopeless

He’s a career replacement level player 7 years in. 0.2 CAREER VoRP. He’s a negative asset and it was a stupid trade

There are three above average players on the entire roster, and Wiggins isn’t one of them";Toxic;2;0;1;1;208
"Ja. Pa Leafyishere je back in uploadov nov video
https://youtu.be/071AYFk-7Uo";Non racist;0;1;1;1;208
What you're describing is Positive Rights model v Negative Rights model. The Progressive movement has been focused on positive rights for over a century now. Ironically, before the first Red Scare, the Progressives were anti-immigration (surprise: unionized workers don't want free movement of human capital so immigrants can take jobs in non union shops, this is still true but the Progressive movement has moved away from labor the last few decades) and pro prohibition.;Non toxic;0;0;1;1;208
If you dont get a boner, you'll get raped somewhere else... if you understand what i mean;A little harassing;1;2;1;1;208
"What the fuck? Are you serious?

Islam does NOT tell you to treat gays as you would treat anyone else.

Islam tells you to behead anyone who has gay sex. As such, most muslim countries have a Death Penalty for homosexual activities.

I am glad i left this religion of peace that demands you to behead people.";Toxic;2;0;1;1;208
fuck off lefty;Harassing;2;2;1;1;208
Man he needs to die in a fire;Extremely violent;3;4;1;1;208
No doubt he’s a dick but it’s why his hatred is more than Neils;A little vulgar;1;3;1;1;208
"""The greatest lies are made up of half truths...""

also water is wet and  my dick is 12 inches long";Vulgar;2;3;1;1;208
Yo I wish actual journalists would start calling these guys out.;Non vulgar;0;3;1;1;208
I love shit beer but I gotta have more than 2.5% alcohol.;Non vulgar;0;3;1;1;208
"You deserve to be banished.
You deserve to be banished.
You deserve to be banished.
You deserve to be banished.
You deserve to be banished.
You deserve to be banished.
You deserve to be banished.
You deserve to be banished.
You deserve to be banished.";Non vulgar;0;3;1;1;208
You die;Violent;2;4;1;1;208
Commies are going to commie. These people hate you and want you to die.;Violent;2;4;1;1;208
buh bye honey ur very nasty and ur gonna die lmao;Violent;2;4;1;1;208
buh bye honey ur very nasty and ur gonna die lmao;Extremely violent;3;4;1;1;208
"Oh shit the fash is back.\n\n&gt;The notion that there is no coherent ideology, and their adherents are all just thinly disguised genocidal lunatics, probably does their cause more good than harm.\n\nHow the fuck. It presupposes adherents to be unthinking troglodytes. Their goal is to oppress and exploit non-whites harder and more aggressively than they are currently being exploited; *is it not??* Calling a spade a spade ensures we all know what a spade looks like.\n\n&gt;Also, the idea that those at the top of the capitalist class are an ""in-group"" of white people, completely obfuscates the multi-racial global empire of elite puppeteers feeding us information through ""the news.""\n\n99% of billionaires in this country are of European descent, and the vast majority of billionaires in the colonized world - the Global South especially - are installed by the US, thereby chosen to advance the interests of 99% of the 1%. \n\n&gt;When you simplify and demonize different perspectives into categorically evil, violent, confused ideology; you play right into the hands of those that seek to profit from the division of the ""out-group"" which includes all races.\n\nBull fucking shit. This must be the new version of All Lives Matter. You can stop being a Nazi. You cannot stop being someone Nazis hate. \n\nIf your thesis statement is that the inferiority of other people is self-evident based on aspects of themselves they cannot control, and that they are forfeit the same protection and rights you enjoy (and it\'s always *you,* fucker) then we can all, with a clear conscious and sound mind, call you categorically evil, violent, and confused.";Extremely violent;3;4;1;1;208
"Definitely. We should kill all of them
";Violent;2;4;3;1;209
"This doesn't make me appreciate the ""little things"". It makes me fucking sad that she doesn't have a normal happy life. Is it wrong that I want literally everyone to have a normal life without being guilted about the life which I currently have?
";Extremely toxic;3;0;3;1;209
"1. The Medic is NOT a nazi. He’s a FUCKING GERMAN!

2. Demoman. Is demoman. His entire thing is drunk scottish man. How is that racist against blacks?";Extremely toxic;3;0;3;1;209
I think you might need to review your numbers slightly. It went from 1695 to 3141 from end-of-Friday to end-of-Monday, that’s a 72 hour period and about 250 yet shy of doubling.;Non toxic;0;0;3;1;209
You wish death upon people and begging for fake internet points. What a retard;A little harassing;1;2;3;1;209
The pictures look like nagants or mausere. Utter retards;A little racist;1;1;3;1;209
"&gt;Excellent point, though on earth we are trying to not change the atmosphere,

I'd say we've only been trying not to change the atmosphere for a fairly short while and only to a limited extent.

That said: Mars has an incredibly limited atmosphere by comparison, and is a smaller planet, so changing the composition and pressure of the atmosphere there would be relatively easy. Moving it towards something even vaguely acceptable to humans, however, would require more immense effort than we can really imagine.";A little racist;1;1;3;1;209
"Most of their employees work as makeup and skincare artists in their stores. At a time like this, it is not safe for employees to be touching faces of clients and then proceeding to touch product. It is very dangerous.

While I agree that firing via conference call is rude, I have to wonder if they decided to do that to avoid having bosses tell them in person (which would not be social distancing).

I do have to wonder if I'd do the same thing.";Non toxic;0;0;3;1;209
"you look fucking great! I'm pre everything, but you are exactly what I want to look like! Blending in is overrated as fuck
";Non racist;0;1;3;1;209
"tiktok? downvote!

Stop using that fucking garbage app!";Vulgar;2;3;3;1;209
"KG is slow, even one of his younger prime years.
";Non toxic;0;0;3;1;209
"&gt;You are not a feminist if you brand actual feminists and survivors of sex trade (victims of sex trafficking, womxn who choose it due to poverty+oppressive circumstances, willing prostitutes who get trapped in a vicious ""sex trade"" circle) as SWERF. Abolishment of marriage, prostitution and other gendered structures are legitimate feminist goal and (anarcha+communist+socialist+even some liberal) feminists have long been supporting these goals.

i don't believe i ever did that? i was just saying that the criminalization of sex work under capitalism will only lead to greater exploitation in the industry. also, i do support the abolition of all gendered structures and normative gender roles, i just don't think that outlawing sex work in a capitalist framework is the best way to do that, and would prevent any people who are currently sex workers from exercising the small number of labor rights that workers do have at the moment, such as unionization, legal protection from violence, etc.

&gt;Also, if these aforementioned feminists are SWERF, then you are a PINF (pimps/punters inclusive neoliberal feminists). Also you are a vile transmisogynist because of your reactionary imitation of the acronym TERF (an actual, legitimate acronym).  
&gt;  
&gt;I don't know why they didn't ban you outright for your heteropatriarchal reactionarism.

i just, what? i'm a heteropatriarichal neoliberal transmisogynist? i am literally a transgender pansexual communist. i don't really know how to respond to this. terfs generally are anti-sex worker, so i'm not really sure how i am imitating them? it really seems like you just copy pasted a bunch of descriptors used by leftists and feminists without any understanding of what they mean. really, am i being trolled right now?";Harassing;2;2;3;1;209
Idk I think the crowd is gay as fuck, inventing boogie men. Bunch of rich kids;A little violent;1;4;3;1;209
fuck off lefty;Harassing;2;2;3;1;209
How much you guys want to bet this idiot owns a Dixie flag?;Non harassing;0;2;3;1;209
No doubt he’s a dick but it’s why his hatred is more than Neils;Vulgar;2;3;3;1;209
Bullies are bad. Standing up to bullies is good lol. It's heartwarming shit;Vulgar;2;3;3;1;209
"Lmao at that radlib crying about ""out of context clips and bad faith arguments."" 

I don't give a fuck what the context is, there is **NO** correct context for calling LGBT people or people with mental illnesses ""subhumans.""";Vulgar;2;3;3;1;209
awwwww damnnnnnnn;Non vulgar;0;3;3;1;209
Sounds gayer than collecting shit calls;Extremely vulgar;3;3;3;1;209
You die;Violent;2;4;3;1;209
Commies are going to commie. These people hate you and want you to die.;Violent;2;4;3;1;209
"Republicans tear apart unions every chance they get and spit in labor rights and workers every chance they get

They’re all duplicitous and pretend to be on your side so they can stab you in the back with your own knife";A little violent;1;4;3;1;209
"I will rape Elon Musk
";Violent;2;4;3;1;209
"HE SHOULD BE ARRESTED!!!!

Let’s riot and burn the city!!!";Extremely violent;3;4;3;1;209
"Definitely. We should kill all of them
";Violent;2;4;2;0;210
"This doesn't make me appreciate the ""little things"". It makes me fucking sad that she doesn't have a normal happy life. Is it wrong that I want literally everyone to have a normal life without being guilted about the life which I currently have?";Extremely toxic;3;0;2;0;210
"1. The Medic is NOT a nazi. He’s a FUCKING GERMAN!

2. Demoman. Is demoman. His entire thing is drunk scottish man. How is that racist against blacks?";Extremely violent;3;4;2;0;210
I think you might need to review your numbers slightly. It went from 1695 to 3141 from end-of-Friday to end-of-Monday, that’s a 72 hour period and about 250 yet shy of doubling.;Non toxic;0;0;2;0;210
You wish death upon people and begging for fake internet points. What a retard;A little harassing;1;2;2;0;210
The pictures look like nagants or mausere. Utter retards;Harassing;2;2;2;0;210
"&gt;Excellent point, though on earth we are trying to not change the atmosphere,

I'd say we've only been trying not to change the atmosphere for a fairly short while and only to a limited extent.

That said: Mars has an incredibly limited atmosphere by comparison, and is a smaller planet, so changing the composition and pressure of the atmosphere there would be relatively easy. Moving it towards something even vaguely acceptable to humans, however, would require more immense effort than we can really imagine.";A little racist;1;1;2;0;210
"Most of their employees work as makeup and skincare artists in their stores. At a time like this, it is not safe for employees to be touching faces of clients and then proceeding to touch product. It is very dangerous.

While I agree that firing via conference call is rude, I have to wonder if they decided to do that to avoid having bosses tell them in person (which would not be social distancing).

I do have to wonder if I'd do the same thing.";Non toxic;0;0;2;0;210
you look fucking great! I'm pre everything, but you are exactly what I want to look like! Blending in is overrated as fuck;Non racist;0;1;2;0;210
"tiktok? downvote!

Stop using that fucking garbage app!";Vulgar;2;3;2;0;210
KG is slow, even one of his younger prime years.;Non toxic;0;0;2;0;210
Any wizard who can't beat a dumb barbarian deserves to die.;Harassing;2;2;2;0;210
Idk I think the crowd is gay as fuck, inventing boogie men. Bunch of rich kids;A little violent;1;4;2;0;210
"ewww...gross. they're terrible together and not just emotionally. britta says something very interesting (regarding the quality of their sex) in season five.

pie to the face, bitch.";A little vulgar;1;3;2;0;210
"How much you guys want to bet this idiot owns a Dixie flag?
";A little harassing;1;2;2;0;210
That’s a pretty crap brothel;A little vulgar;1;3;2;0;210
"""The greatest lies are made up of half truths...""

also water is wet and  my dick is 12 inches long";Vulgar;2;3;2;0;210
"Lmao at that radlib crying about ""out of context clips and bad faith arguments."" 

I don't give a fuck what the context is, there is **NO** correct context for calling LGBT people or people with mental illnesses ""subhumans.""";Vulgar;2;3;2;0;210
awwwww damnnnnnnn;Non vulgar;0;3;2;0;210
Sounds gayer than collecting shit calls;Extremely vulgar;3;3;2;0;210
Commies are going to commie. These people hate you and want you to die.;Extremely violent;3;4;2;0;210
Yeah but then the good guys win and rape you to death and occupy your nation indefinitely.;Extremely violent;3;4;2;0;210
If you're white and use your gun to defend yourself, you'll be arrested as a racist and get life in jail.;A little violent;1;4;2;0;210
I will rape Elon Musk;A little violent;1;4;2;0;210
"HE SHOULD BE ARRESTED!!!!

Let’s riot and burn the city!!!";Extremely violent;3;4;2;0;210
"Definitely. We should kill all of them
";Toxic;2;0;1;0;211
"This doesn't make me appreciate the ""little things"". It makes me fucking sad that she doesn't have a normal happy life. Is it wrong that I want literally everyone to have a normal life without being guilted about the life which I currently have?";Extremely toxic;3;0;1;0;211
"1. The Medic is NOT a nazi. He’s a FUCKING GERMAN!

2. Demoman. Is demoman. His entire thing is drunk scottish man. How is that racist against blacks?";Extremely violent;3;4;1;0;211
I think you might need to review your numbers slightly. It went from 1695 to 3141 from end-of-Friday to end-of-Monday, that’s a 72 hour period and about 250 yet shy of doubling.;Non toxic;0;0;1;0;211
You wish death upon people and begging for fake internet points. What a retard;A little harassing;1;2;1;0;211
The pictures look like nagants or mausere. Utter retards;Toxic;2;0;1;0;211
"&gt;Excellent point, though on earth we are trying to not change the atmosphere,

I'd say we've only been trying not to change the atmosphere for a fairly short while and only to a limited extent.

That said: Mars has an incredibly limited atmosphere by comparison, and is a smaller planet, so changing the composition and pressure of the atmosphere there would be relatively easy. Moving it towards something even vaguely acceptable to humans, however, would require more immense effort than we can really imagine.";A little racist;1;1;1;0;211
"Most of their employees work as makeup and skincare artists in their stores. At a time like this, it is not safe for employees to be touching faces of clients and then proceeding to touch product. It is very dangerous.

While I agree that firing via conference call is rude, I have to wonder if they decided to do that to avoid having bosses tell them in person (which would not be social distancing).

I do have to wonder if I'd do the same thing.";Non toxic;0;0;1;0;211
you look fucking great! I'm pre everything, but you are exactly what I want to look like! Blending in is overrated as fuck;Non racist;0;1;1;0;211
"tiktok? downvote!

Stop using that fucking garbage app!";Vulgar;2;3;1;0;211
KG is slow, even one of his younger prime years.;Non toxic;0;0;1;0;211
Any wizard who can't beat a dumb barbarian deserves to die.;A little harassing;1;2;1;0;211
"Idk I think the crowd is gay as fuck, inventing boogie men. Bunch of rich kids
";Violent;2;4;1;0;211
"#ALL COPS ARE BASTARDS

Don't you bootlick them";Extremely harassing;3;2;1;0;211
"How much you guys want to bet this idiot owns a Dixie flag?
";A little violent;1;4;1;0;211
That’s a pretty crap brothel;A little vulgar;1;3;1;0;211
Bullies are bad. Standing up to bullies is good lol. It's heartwarming shit;Extremely vulgar;3;3;1;0;211
"Lmao at that radlib crying about ""out of context clips and bad faith arguments."" 

I don't give a fuck what the context is, there is **NO** correct context for calling LGBT people or people with mental illnesses ""subhumans.""";Vulgar;2;3;1;0;211
awwwww damnnnnnnn;Non vulgar;0;3;1;0;211
Sounds gayer than collecting shit calls;Extremely vulgar;3;3;1;0;211
Commies are going to commie. These people hate you and want you to die.;Extremely violent;3;4;1;0;211
Yeah but then the good guys win and rape you to death and occupy your nation indefinitely.;Extremely violent;3;4;1;0;211
If you're white and use your gun to defend yourself, you'll be arrested as a racist and get life in jail.;A little violent;1;4;1;0;211
I will rape Elon Musk;A little violent;1;4;1;0;211
"HE SHOULD BE ARRESTED!!!!

Let’s riot and burn the city!!!";Extremely violent;3;4;1;0;211
